Workbook
Name Anomalia: SELEÇÕES!$Q$14:$Q$15
Name AnomaliaMecânica: SELEÇÕES!$AD$29
Name AnomaliaVia: SELEÇÕES!$AC$29
Name ATIVOS: BS_ATIVO!$A$2:$A$250
Name CCOCirculação: SELEÇÕES!$K$14:$K$17
Name CCOCirculaçãoIntervaloContrato: SELEÇÕES!$Q$29:$Q$39
Name CCOCirculaçãoIntervaloExtra: SELEÇÕES!$AH$29
Name CCOCirculaçãoIntervaloOportunidade: SELEÇÕES!$S$29:$S$39
Name CCOCirculaçãoProgramação: SELEÇÕES!$R$29
Name CCOEscala: SELEÇÕES!$J$14
Name CCOEscalaEquipagem: SELEÇÕES!$P$29:$P$32
Name CondiçõesClimática: SELEÇÕES!$R$14:$R$16
Name CondiçõesClimáticaChuva: SELEÇÕES!$AG$29
Name CondiçõesClimáticaTemperatura: SELEÇÕES!$AE$29:$AE$31
Name CondiçõesClimáticaVentosFortes: SELEÇÕES!$AF$29:$AF$29
Name Confiabilidade: SELEÇÕES!$S$14:$S$15
Name ConfiabilidadeAtivo: SELEÇÕES!$AJ$29:$AJ$30
Name ConfiabilidadeOperação: SELEÇÕES!$AI$29:$AI$33
Name DIN_ATIVIDADE: BS_ATIVO!$C$2:$C$100
Name Engenharia: SELEÇÕES!$T$14:$T$17
Name EngenhariaAtivo: SELEÇÕES!$AL$29:$AL$39
Name EngenhariaOperação: SELEÇÕES!$AK$29:$AK$39
Name Expansão: SELEÇÕES!$M$14:$M$15
Name ExpansãoEquipamento: SELEÇÕES!$V$29:$V$30
Name ExpansãoExecução: SELEÇÕES!$W$29:$W$38
Name FaltadeContrato: SELEÇÕES!$U$14
Name FaltadeContratoFaltadeContrato: SELEÇÕES!$AM$29
Name IMPCAUSADOR: SELEÇÕES!$A$13:$W$13
Name Infraestrutura: SELEÇÕES!$O$14:$O$15
Name InfraestruturaEquipamento: SELEÇÕES!$Z$29:$Z$30
Name InfraestruturaExecução: SELEÇÕES!$AA$29:$AA$38
Name Mecânica: SELEÇÕES!$G$14:$G$15
Name MecânicaLocomotiva: SELEÇÕES!$J$29
Name MecânicaVagão: SELEÇÕES!$K$29
Name Mecanização: SELEÇÕES!$H$14:$H$15
Name MecanizaçãoAtivos: SELEÇÕES!$M$29:$M$31
Name MecanizaçãoOperação: SELEÇÕES!$L$29:$L$35
Name Modernização: SELEÇÕES!$N$14:$N$17
Name ModernizaçãoEquipamento: SELEÇÕES!$X$29:$X$30
Name ModernizaçãoExecução: SELEÇÕES!$Y$29:$Y$38
Name NãoControláveis: SELEÇÕES!$B$14:$B$15
Name NãoControláveisAcidente: SELEÇÕES!$E$29
Name NãoControláveisVandalismo: SELEÇÕES!$D$29:$D$33
Name OK: SELEÇÕES!$P$14
Name OKOK: SELEÇÕES!$AB$29
Name OutrasFerrovias: SELEÇÕES!$W$14:$W$14
Name OutrasFerroviasOutrasFerrovias: SELEÇÕES!$AO$29:$AO$29
Name Pátio: SELEÇÕES!$D$14
Name PátioOperação: SELEÇÕES!$G$29:$G$30
Name PCMMecânica: SELEÇÕES!$F$14
Name PCMMecânicaLocomotiva: SELEÇÕES!$I$29:$I$30
Name PCMVIA: SELEÇÕES!$I$14:$I$15
Name PCMVIAProgramação: SELEÇÕES!$O$29:$O$31
Name PCMVIARecursosInternos: SELEÇÕES!$N$29:$N$31
Name Qualidade: SELEÇÕES!$T$14:$T$15
Name QualidadeAtivo: SELEÇÕES!$AL$29
Name QualidadeOperação: SELEÇÕES!$AK$29:$AK$30
Name SemOportunidade: SELEÇÕES!$V$14
Name SemOportunidadeSemOportunidade: SELEÇÕES!$AN$29
Name SUBs: SELEÇÕES!$A$44:$A$50

Sheet BS_ATIVO
A1: BLOCO | C1: ATIVIDADE | D1: UNIDADE | E1: CONTROLE INDICADOR | F1: GRUPO | G1: Item PDM | H1: PESO | I1: Prioridade | J1: CORRELATO
A2: BLOCO | C2: BLOCO | D2: BINÁRIO | E2: OUTROS | F2: BLOCO | G2: - | H2: 0 | I2: 0 | J2: BLOCO
A3: EXPANSÃO TURMA 1 | C3: CAMINHÃO DE SOLDA | D3: Nº DE SOLDA | E3: CAMINHÂO - SOLDA | F3: CAMINHÃO SOLDA | G3: - | H3: 1 | I3: 1 | J3: CAMINHÃO SOLDA
A4: EXPANSÃO TURMA 2 | C4: CONSERVAÇÃO PN | D4: BINÁRIO | E4: CONSERVAÇÂO PN | F4: VIA - TURMA | G4: - | H4: 1 | I4: 1 | J4: VIA - TURMA
A5: INFRA 1 | C5: DESCARGA DE MATERIAL | D5: BINÁRIO | E5: OUTROS | F5: VIA - LASTRO | J5: VIA - LASTRO
A6: INFRA 2 | C6: DESLOCAMENTO | D6: BINÁRIO | E6: OUTROS | F6: TODOS | G6: - | H6: 0 | I6: 4 | J6: TODOS
A7: MOD ZDG PAT | C7: DETECÇÃO - CARRO CONTROLE | D7: KM | E7: DETECÇÃO | F7: DETECÇÃO | G7: - | H7: 1 | I7: 1 | J7: DETECÇÃO
A8: MOD ZEM | C8: DETECÇÃO - RONDA 7 DIAS | D8: KM | E8: DETECÇÃO | F8: DETECÇÃO | G8: - | H8: 1 | I8: 1 | J8: DETECÇÃO
A9: MOD ZRB | C9: DETECÇÃO - ULTRASSOM - SPERRY | D9: KM | E9: DETECÇÃO | F9: DETECÇÃO | G9: - | H9: 1 | I9: 1 | J9: DETECÇÃO
A10: MOD ZWU ZDC | C10: EXPANSÃO - ALÍVIO DE TENSÃO | D10: M | E10: EXPANSÃO | F10: EXPANSÃO | G10: - | H10: 0 | I10: 0 | J10: EXPANSÃO - TURMA
A11: MOD ZYQ ZWI | C11: EXPANSÃO - AMV - JACARÉ | D11: Nº DE PEÇAS | E11: EXPANSÃO | F11: EXPANSÃO | G11: - | H11: 0 | I11: 0 | J11: EXPANSÃO - TURMA
A12: MODERNIZAÇÃO LASTRO 2 | C12: EXPANSÃO - AMV - MEIA CHAVE | D12: Nº DE PEÇAS | E12: EXPANSÃO | F12: EXPANSÃO | G12: - | H12: 0 | I12: 0 | J12: EXPANSÃO - TURMA
A13: MODERNIZAÇÃO TURMA 2 | C13: EXPANSÃO - DESCARGA - TRILHO | D13: Nº DE BARRAS | E13: EXPANSÃO | F13: EXPANSÃO | G13: - | H13: 0 | I13: 0 | J13: EXPANSÃO - TRILHEIRO
A14: SOLDA T3 | C14: EXPANSÃO - DORMENTE - CARGA | D14: Nº DE DORMENTES | E14: EXPANSÃO | F14: EXPANSÃO | G14: - | H14: 0 | I14: 0 | J14: EXPANSÃO - LASTRO
A15: SUPER | C15: EXPANSÃO - DORMENTE - DESCARGA | D15: Nº DE DORMENTES | E15: EXPANSÃO | F15: EXPANSÃO | G15: - | H15: 0 | I15: 0 | J15: EXPANSÃO - LASTRO
A16: SUPER SERRA | C16: EXPANSÃO - OUTRA ATIVIDADE | D16: BINÁRIO | E16: EXPANSÃO | F16: EXPANSÃO | G16: - | H16: 0 | I16: 0 | J16: EXPANSÃO - TODOS
A17: SUPER ZAR | C17: EXPANSÃO - TRILHEIRO - DESCARGA | D17: M | E17: EXPANSÃO | F17: EXPANSÃO | G17: - | H17: 1 | I17: 1 | J17: EXPANSÃO - TRILHEIRO
... A75: V87 | C75: VANDALISMO - LIMPEZA | D75: M | E75: OUTROS | F75: VIA - TURMA | G75: - | H75: 1 | I75: 1 | J75: VIA - TURMA
A76: V88 | C76: VARRIÇÃO | D76: M | E76: OUTROS | F76: VIA - TURMA | H76: 1 | I76: 1 | J76: VIA - TURMA
A77: V89 | C77: NIVELAMENTO | D77: BINÁRIO | E77: OUTROS | F77: VIA - TURMA | G77: NIVELAMENTO | H77: 1 | I77: 1 | J77: VIA - TURMA
A78: V90 | C78: PREPARAÇÃO DE BARRA | D78: BINÁRIO | E78: OUTROS | F78: VIA - TURMA | G78: TRILHO | H78: 1 | I78: 1 | J78: VIA - TURMA
A79: V92 | C79: INSPEÇÃO | D79: BINÁRIO | E79: OUTROS | F79: VIA - TURMA | G79: VIA | H79: 0 | I79: 0 | J79: VIA - TURMA
A80: V93 | C80: MECANIZAÇÃO - REGULAGEM | D80: M | E80: OUTROS - MECANIZAÇÃO | F80: REGULAGEM | G80: VIA | H80: 1 | I80: 0 | J80: REGULAGEM
A81: V96 | C81: MODERNIZAÇÃO - REGULAGEM | D81: M | E81: MODERNIZAÇÃO | F81: REGULAGEM | G81: VIA | H81: 1 | I81: 0 | J81: REGULAGEM
A82: V97
A83: V98
A84: W19
A85: W48
A86: W50
A87: W53
A88: W54
A89: W55
A90: W58
A91: W59
A92: W60
A93: W61
... A208: FERNANDO (TF-19)

Sheet BASE_MAPA
A1: Gerência | B1: SUB | C1: KM Inicio | D1: KM Fim | E1: Trecho | F1: SB | G1: NOME SUB | H1: Trecho Coordenação
A2: FERRONORTE | B2: 74 | C2: 0 | D2: 5.77 | E2: TMI-TRP | F2: TMITRP | G2: MARCO INICIAL - ALTO ARAGUAIA | H2: TMI-TCS
A3: FERRONORTE | B3: 74 | C3: 5.77 | D3: 7 | E3: TRP | F3: TRP1 | G3: MARCO INICIAL - ALTO ARAGUAIA | H3: TMI-TCS
A4: FERRONORTE | B4: 74 | C4: 5.77 | D4: 7 | E4: TRP | F4: TRP2 | G4: MARCO INICIAL - ALTO ARAGUAIA | H4: TMI-TCS
A5: FERRONORTE | B5: 74 | C5: 7 | D5: 8.448 | E5: TRP-TAP | F5: TRPPAT1 | G5: MARCO INICIAL - ALTO ARAGUAIA | H5: TMI-TCS
A6: FERRONORTE | B6: 74 | C6: 7 | D6: 8.448 | E6: TRP-TAP | F6: TRPPAT2 | G6: MARCO INICIAL - ALTO ARAGUAIA | H6: TMI-TCS
A7: FERRONORTE | B7: 74 | C7: 8.448 | D7: 11.754 | E7: TRP-TAP | F7: TRPK12 | G7: MARCO INICIAL - ALTO ARAGUAIA | H7: TMI-TCS
A8: FERRONORTE | B8: 74 | C8: 11.754 | D8: 13.235 | E8: TRP-TAP | F8: K12TEL1 | G8: MARCO INICIAL - ALTO ARAGUAIA | H8: TMI-TCS
A9: FERRONORTE | B9: 74 | C9: 11.754 | D9: 13.694 | E9: TRP-TAP | F9: K12TEL2 | G9: MARCO INICIAL - ALTO ARAGUAIA | H9: TMI-TCS
A10: FERRONORTE | B10: 74 | C10: 13.235 | D10: 23.232 | E10: TRP-TAP | F10: TELTAP | G10: MARCO INICIAL - ALTO ARAGUAIA | H10: TMI-TCS
A11: FERRONORTE | B11: 74 | C11: 23.232 | D11: 25 | E11: TAP | F11: TAP1 | G11: MARCO INICIAL - ALTO ARAGUAIA | H11: TMI-TCS
A12: FERRONORTE | B12: 74 | C12: 23.232 | D12: 25 | E12: TAP | F12: TAP2 | G12: MARCO INICIAL - ALTO ARAGUAIA | H12: TMI-TCS
A13: FERRONORTE | B13: 74 | C13: 25 | D13: 26.449 | E13: TAP-TLG | F13: TAPPAT1 | G13: MARCO INICIAL - ALTO ARAGUAIA | H13: TMI-TCS
... A39: FERRONORTE | B39: 74 | C39: 111.369 | D39: 112.855 | E39: TIN-TSJ | F39: TIN113 | G39: MARCO INICIAL - ALTO ARAGUAIA | H39: TMI-TCS
A40: FERRONORTE | B40: 74 | C40: 112.855 | D40: 118 | E40: TIN-TSJ | F40: 113118 | G40: MARCO INICIAL - ALTO ARAGUAIA | H40: TMI-TCS
A41: FERRONORTE | B41: 74 | C41: 118 | D41: 124.181 | E41: TIN-TSJ | F41: 118TSJ | G41: MARCO INICIAL - ALTO ARAGUAIA | H41: TMI-TCS
A42: FERRONORTE | B42: 74 | C42: 124.181 | D42: 126 | E42: TSJ | F42: TSJ1 | G42: MARCO INICIAL - ALTO ARAGUAIA | H42: TMI-TCS
A43: FERRONORTE | B43: 74 | C43: 124.181 | D43: 126 | E43: TSJ | F43: TSJ2 | G43: MARCO INICIAL - ALTO ARAGUAIA | H43: TMI-TCS
A44: FERRONORTE | B44: 74 | C44: 126 | D44: 126.899 | E44: TSJ-TMO | F44: TSJPAT1 | G44: MARCO INICIAL - ALTO ARAGUAIA | H44: TMI-TCS
A45: FERRONORTE | B45: 74 | C45: 126 | D45: 126.899 | E45: TSJ-TMO | F45: TSJPAT2 | G45: MARCO INICIAL - ALTO ARAGUAIA | H45: TMI-TCS
A46: FERRONORTE | B46: 74 | C46: 126.899 | D46: 135 | E46: TSJ-TMO | F46: TSJ135 | G46: MARCO INICIAL - ALTO ARAGUAIA | H46: TMI-TCS
A47: FERRONORTE | B47: 74 | C47: 135 | D47: 143.268 | E47: TSJ-TMO | F47: 135TMO | G47: MARCO INICIAL - ALTO ARAGUAIA | H47: TMI-TCS
A48: FERRONORTE | B48: 74 | C48: 143.268 | D48: 145 | E48: TMO | F48: TMO1 | G48: MARCO INICIAL - ALTO ARAGUAIA | H48: TMI-TCS
A49: FERRONORTE | B49: 74 | C49: 143.268 | D49: 145 | E49: TMO | F49: TMO2 | G49: MARCO INICIAL - ALTO ARAGUAIA | H49: TMI-TCS
A50: FERRONORTE | B50: 74 | C50: 145 | D50: 146.219 | E50: TMO-TCE | F50: TMOPAT1 | G50: MARCO INICIAL - ALTO ARAGUAIA | H50: TMI-TCS
A51: FERRONORTE | B51: 74 | C51: 145 | D51: 146.219 | E51: TMO-TCE | F51: TMOPAT2 | G51: MARCO INICIAL - ALTO ARAGUAIA | H51: TMI-TCS
A52: FERRONORTE | B52: 74 | C52: 146.219 | D52: 155 | E52: TMO-TCE | F52: TMO155 | G52: MARCO INICIAL - ALTO ARAGUAIA | H52: TMI-TCS
... A64: FERRONORTE | B64: 74 | C64: 189.966 | D64: 201 | E64: TID-TVI | F64: TID201 | G64: MARCO INICIAL - ALTO ARAGUAIA | H64: TMI-TCS
A65: FERRONORTE | B65: 74 | C65: 201 | D65: 213 | E65: TID-TVI | F65: 201213 | G65: MARCO INICIAL - ALTO ARAGUAIA | H65: TMI-TCS
A66: FERRONORTE | B66: 74 | C66: 213 | D66: 225.247 | E66: TID-TVI | F66: 213TVI | G66: MARCO INICIAL - ALTO ARAGUAIA | H66: TMI-TCS
A67: FERRONORTE | B67: 74 | C67: 225.247 | D67: 227 | E67: TVI | F67: TVI1 | G67: MARCO INICIAL - ALTO ARAGUAIA | H67: TMI-TCS
A68: FERRONORTE | B68: 74 | C68: 225.247 | D68: 227 | E68: TVI | F68: TVI2 | G68: MARCO INICIAL - ALTO ARAGUAIA | H68: TMI-TCS
A69: FERRONORTE | B69: 74 | C69: 227 | D69: 227.952 | E69: TVI-TJA | F69: TVIPAT1 | G69: MARCO INICIAL - ALTO ARAGUAIA | H69: TMI-TCS
A70: FERRONORTE | B70: 74 | C70: 227 | D70: 227.952 | E70: TVI-TJA | F70: TVIPAT2 | G70: MARCO INICIAL - ALTO ARAGUAIA | H70: TMI-TCS
A71: FERRONORTE | B71: 74 | C71: 227.952 | D71: 239 | E71: TVI-TJA | F71: TVI239 | G71: MARCO INICIAL - ALTO ARAGUAIA | H71: TMI-TCS
A72: FERRONORTE | B72: 74 | C72: 239 | D72: 251 | E72: TVI-TJA | F72: 239251 | G72: MARCO INICIAL - ALTO ARAGUAIA | H72: TMI-TCS
A73: FERRONORTE | B73: 74 | C73: 251 | D73: 262.674 | E73: TVI-TJA | F73: 251TJA | G73: MARCO INICIAL - ALTO ARAGUAIA | H73: TMI-TCS
A74: FERRONORTE | B74: 74 | C74: 262.674 | D74: 264 | E74: TJA | F74: TJA1 | G74: MARCO INICIAL - ALTO ARAGUAIA | H74: TMI-TCS
A75: FERRONORTE | B75: 74 | C75: 262.674 | D75: 264 | E75: TJA | F75: TJA2 | G75: MARCO INICIAL - ALTO ARAGUAIA | H75: TMI-TCS
A76: FERRONORTE | B76: 74 | C76: 264 | D76: 265.632 | E76: TJA-TCS | F76: TJAPAT1 | G76: MARCO INICIAL - ALTO ARAGUAIA | H76: TMI-TCS
A77: FERRONORTE | B77: 74 | C77: 264 | D77: 265.632 | E77: TJA-TCS | F77: TJAPAT2 | G77: MARCO INICIAL - ALTO ARAGUAIA | H77: TMI-TCS
A78: FERRONORTE | B78: 74 | C78: 265.632 | D78: 277 | E78: TJA-TCS | F78: TJA277 | G78: MARCO INICIAL - ALTO ARAGUAIA | H78: TMI-TCS
A79: FERRONORTE | B79: 74 | C79: 277 | D79: 287.983 | E79: TJA-TCS | F79: 277TCS | G79: MARCO INICIAL - ALTO ARAGUAIA | H79: TMI-TCS
A80: FERRONORTE | B80: 74 | C80: 287.983 | D80: 289 | E80: TCS | F80: TCS1 | G80: MARCO INICIAL - ALTO ARAGUAIA | H80: TMI-TCS
A81: FERRONORTE | B81: 74 | C81: 287.983 | D81: 289 | E81: TCS | F81: TCS2 | G81: MARCO INICIAL - ALTO ARAGUAIA | H81: TMI-TCS
A82: FERRONORTE | B82: 74 | C82: 289 | D82: 290.751 | E82: TCS-TRC | F82: TCSPAT1 | G82: MARCO INICIAL - ALTO ARAGUAIA | H82: TMI-TCS
A83: FERRONORTE | B83: 74 | C83: 289 | D83: 290.751 | E83: TCS-TRC | F83: TCSPAT2 | G83: MARCO INICIAL - ALTO ARAGUAIA | H83: TMI-TCS
A84: FERRONORTE | B84: 74 | C84: 290.751 | D84: 290.787 | E84: TCS-TRC | F84: TCS291 | G84: MARCO INICIAL - ALTO ARAGUAIA | H84: TCS-TGR
... A120: FERRONORTE | B120: 74 | C120: 378.458 | D120: 384 | E120: TBA-TIP | F120: TBA384 | G120: MARCO INICIAL - ALTO ARAGUAIA | H120: TCS-TGR
A121: FERRONORTE | B121: 74 | C121: 384 | D121: 389 | E121: TBA-TIP | F121: 384389 | G121: MARCO INICIAL - ALTO ARAGUAIA | H121: TCS-TGR
A122: FERRONORTE | B122: 74 | C122: 389 | D122: 395 | E122: TBA-TIP | F122: 389TIP | G122: MARCO INICIAL - ALTO ARAGUAIA | H122: TCS-TGR
A123: FERRONORTE | B123: 74 | C123: 395 | D123: 400.941 | E123: TIP | F123: TIP1 | G123: MARCO INICIAL - ALTO ARAGUAIA | H123: TCS-TGR
A124: FERRONORTE | B124: 74 | C124: 400.941 | D124: 402 | E124: TMT | F124: TMT1 | G124: MARCO INICIAL - ALTO ARAGUAIA | H124: TCS-TGR
A125: FERRONORTE | B125: 74 | C125: 400.941 | D125: 402 | E125: TMT | F125: TMT2 | G125: MARCO INICIAL - ALTO ARAGUAIA | H125: TCS-TGR
A126: FERRONORTE | B126: 74 | C126: 402 | D126: 403.133 | E126: TMT-TOM | F126: TMTPAT1 | G126: MARCO INICIAL - ALTO ARAGUAIA | H126: TCS-TGR
A127: FERRONORTE | B127: 74 | C127: 402 | D127: 403.133 | E127: TMT-TOM | F127: TMTPAT2 | G127: MARCO INICIAL - ALTO ARAGUAIA | H127: TCS-TGR
A128: FERRONORTE | B128: 74 | C128: 403.133 | D128: 403.258 | E128: TMT-TOM | F128: TMTTOM | G128: MARCO INICIAL - ALTO ARAGUAIA | H128: TCS-TGR
A129: FERRONORTE | B129: 74 | C129: 403.258 | D129: 405 | E129: TOM | F129: TOM1 | G129: MARCO INICIAL - ALTO ARAGUAIA | H129: TCS-TGR
A130: FERRONORTE | B130: 74 | C130: 403.258 | D130: 405 | E130: TOM | F130: TOM2 | G130: MARCO INICIAL - ALTO ARAGUAIA | H130: TCS-TGR
A131: FERRONORTE | B131: 74 | C131: 405 | D131: 406.371 | E131: TOM-TPC | F131: TOMPAT1 | G131: MARCO INICIAL - ALTO ARAGUAIA | H131: TCS-TGR
A132: FERRONORTE | B132: 74 | C132: 405 | D132: 406.371 | E132: TOM-TPC | F132: TOMPAT2 | G132: MARCO INICIAL - ALTO ARAGUAIA | H132: TCS-TGR
A133: FERRONORTE | B133: 74 | C133: 406.371 | D133: 416 | E133: TOM-TPC | F133: TOM416 | G133: MARCO INICIAL - ALTO ARAGUAIA | H133: TCS-TGR
... A151: FERRONORTE | B151: 74 | C151: 477.847 | D151: 487 | E151: TBR-TGR | F151: TBR487 | G151: MARCO INICIAL - ALTO ARAGUAIA | H151: TCS-TGR
A152: FERRONORTE | B152: 74 | C152: 487 | D152: 492 | E152: TBR-TGR | F152: 487492 | G152: MARCO INICIAL - ALTO ARAGUAIA | H152: TCS-TGR
A153: FERRONORTE | B153: 74 | C153: 492 | D153: 498.77 | E153: TBR-TGR | F153: 492499 | G153: MARCO INICIAL - ALTO ARAGUAIA | H153: TCS-TGR
A154: FERRONORTE | B154: 74 | C154: 498.77 | D154: 499.371 | E154: TBR-TGR | F154: 499TGR1 | G154: MARCO INICIAL - ALTO ARAGUAIA | H154: TCS-TGR
A155: FERRONORTE | B155: 74 | C155: 498.77 | D155: 499.388 | E155: TBR-TGR | F155: 499TGR2 | G155: MARCO INICIAL - ALTO ARAGUAIA | H155: TCS-TGR
A156: FERRONORTE | B156: 74 | C156: 499.371 | D156: 501.309 | E156: TGR | F156: TGR1 | G156: MARCO INICIAL - ALTO ARAGUAIA | H156: TCS-TGR
A157: FERRONORTE | B157: 74 | C157: 499.388 | D157: 501.309 | E157: TGR | F157: TGR2 | G157: MARCO INICIAL - ALTO ARAGUAIA | H157: TCS-TGR
A158: FERRONORTE | B158: 98 | C158: 501.309 | D158: 512 | E158: TGR-TBE | F158: TGR512 | G158: ALTO ARAGUAIA - RONDONOPOLIS | H158: TGR-TRO
A159: FERRONORTE | B159: 98 | C159: 512 | D159: 521 | E159: TGR-TBE | F159: 512521 | G159: ALTO ARAGUAIA - RONDONOPOLIS | H159: TGR-TRO
A160: FERRONORTE | B160: 98 | C160: 521 | D160: 529.2 | E160: TGR-TBE | F160: 521TBE | G160: ALTO ARAGUAIA - RONDONOPOLIS | H160: TGR-TRO
A161: FERRONORTE | B161: 98 | C161: 529.2 | D161: 531 | E161: TBE | F161: TBE1 | G161: ALTO ARAGUAIA - RONDONOPOLIS | H161: TGR-TRO
A162: FERRONORTE | B162: 98 | C162: 529.2 | D162: 531 | E162: TBE | F162: TBE2 | G162: ALTO ARAGUAIA - RONDONOPOLIS | H162: TGR-TRO
A163: FERRONORTE | B163: 98 | C163: 531 | D163: 531.914 | E163: TBE-TRM | F163: TBEPAT1 | G163: ALTO ARAGUAIA - RONDONOPOLIS | H163: TGR-TRO
A164: FERRONORTE | B164: 98 | C164: 531 | D164: 531.914 | E164: TBE-TRM | F164: TBEPAT2 | G164: ALTO ARAGUAIA - RONDONOPOLIS | H164: TGR-TRO
A165: FERRONORTE | B165: 98 | C165: 531.914 | D165: 539 | E165: TBE-TRM | F165: TBE539 | G165: ALTO ARAGUAIA - RONDONOPOLIS | H165: TGR-TRO
A166: FERRONORTE | B166: 98 | C166: 539 | D166: 548.154 | E166: TBE-TRM | F166: 539TRM | G166: ALTO ARAGUAIA - RONDONOPOLIS | H166: TGR-TRO
A167: FERRONORTE | B167: 98 | C167: 548.154 | D167: 550 | E167: TRM | F167: TRM1 | G167: ALTO ARAGUAIA - RONDONOPOLIS | H167: TGR-TRO
A168: FERRONORTE | B168: 98 | C168: 548.154 | D168: 550 | E168: TRM | F168: TRM2 | G168: ALTO ARAGUAIA - RONDONOPOLIS | H168: TGR-TRO
A169: FERRONORTE | B169: 98 | C169: 550 | D169: 550.876 | E169: TRM-TEP | F169: TRMPAT1 | G169: ALTO ARAGUAIA - RONDONOPOLIS | H169: TGR-TRO
A170: FERRONORTE | B170: 98 | C170: 550 | D170: 550.876 | E170: TRM-TEP | F170: TRMPAT2 | G170: ALTO ARAGUAIA - RONDONOPOLIS | H170: TGR-TRO
A171: FERRONORTE | B171: 98 | C171: 550.876 | D171: 556 | E171: TRM-TEP | F171: TRM556 | G171: ALTO ARAGUAIA - RONDONOPOLIS | H171: TGR-TRO
... A177: FERRONORTE | B177: 98 | C177: 565.499 | D177: 575 | E177: TEP-TMJ | F177: TEP575 | G177: ALTO ARAGUAIA - RONDONOPOLIS | H177: TGR-TRO
A178: FERRONORTE | B178: 98 | C178: 575 | D178: 585 | E178: TEP-TMJ | F178: 575585 | G178: ALTO ARAGUAIA - RONDONOPOLIS | H178: TGR-TRO
A179: FERRONORTE | B179: 98 | C179: 585 | D179: 596.161 | E179: TEP-TMJ | F179: 585TMJ | G179: ALTO ARAGUAIA - RONDONOPOLIS | H179: TGR-TRO
A180: FERRONORTE | B180: 98 | C180: 596.161 | D180: 597 | E180: TMJ | F180: TMJ1 | G180: ALTO ARAGUAIA - RONDONOPOLIS | H180: TGR-TRO
A181: FERRONORTE | B181: 98 | C181: 596.161 | D181: 597 | E181: TMJ | F181: TMJ2 | G181: ALTO ARAGUAIA - RONDONOPOLIS | H181: TGR-TRO
A182: FERRONORTE | B182: 98 | C182: 597 | D182: 599.199 | E182: TMJ-TCT | F182: TMJPAT1 | G182: ALTO ARAGUAIA - RONDONOPOLIS | H182: TGR-TRO
A183: FERRONORTE | B183: 98 | C183: 597 | D183: 599.199 | E183: TMJ-TCT | F183: TMJPAT2 | G183: ALTO ARAGUAIA - RONDONOPOLIS | H183: TGR-TRO
A184: FERRONORTE | B184: 98 | C184: 599.199 | D184: 612.449 | E184: TMJ-TCT | F184: TMJTCT | G184: ALTO ARAGUAIA - RONDONOPOLIS | H184: TGR-TRO
A185: FERRONORTE | B185: 98 | C185: 612.449 | D185: 614.608 | E185: TCT | F185: TCT1 | G185: ALTO ARAGUAIA - RONDONOPOLIS | H185: TGR-TRO
A186: FERRONORTE | B186: 98 | C186: 612.449 | D186: 614.608 | E186: TCT | F186: TCT2 | G186: ALTO ARAGUAIA - RONDONOPOLIS | H186: TGR-TRO
A187: FERRONORTE | B187: 98 | C187: 614.608 | D187: 615.408 | E187: TCT-TIQ | F187: TCTTIQ1 | G187: ALTO ARAGUAIA - RONDONOPOLIS | H187: TGR-TRO
A188: FERRONORTE | B188: 98 | C188: 614.608 | D188: 615.408 | E188: TCT-TIQ | F188: TCTTIQ2 | G188: ALTO ARAGUAIA - RONDONOPOLIS | H188: TGR-TRO
A189: FERRONORTE | B189: 98 | C189: 615.408 | D189: 617 | E189: TIQ | F189: TIQ1 | G189: ALTO ARAGUAIA - RONDONOPOLIS | H189: TGR-TRO
A190: FERRONORTE | B190: 98 | C190: 615.408 | D190: 617 | E190: TIQ | F190: TIQ2 | G190: ALTO ARAGUAIA - RONDONOPOLIS | H190: TGR-TRO
... A198: FERRONORTE | B198: 98 | C198: 633.158 | D198: 643 | E198: TSA-TBS | F198: TSA643 | G198: ALTO ARAGUAIA - RONDONOPOLIS | H198: TGR-TRO
A199: FERRONORTE | B199: 98 | C199: 643 | D199: 651 | E199: TSA-TBS | F199: 643651 | G199: ALTO ARAGUAIA - RONDONOPOLIS | H199: TGR-TRO
A200: FERRONORTE | B200: 98 | C200: 651 | D200: 659.65 | E200: TSA-TBS | F200: 651TBS | G200: ALTO ARAGUAIA - RONDONOPOLIS | H200: TGR-TRO
...

Sheet SELEÇÕES
A1: MAQUINISTAS | C1: ACIONAMENTO | E1: PRÉVIA | G1: DESVIO | I1: PROGRAMADO? | K1: ProgramaPCM | M1: Prioridade
A2: FIXO | C2: SBR | E2: 1 | G2: VIA | I2: SIM | K2: Contrato | M2: P0
A3: ESCALA | C3: AGD ACIONAMENTO PCM | E3: 2 | G3: - | I3: NÃO | K3: Oportunidade | M3: P1
A4: FIXO + ESCALA | C4: ACIONAMENTO | I4: OPORTUNIDADE | K4: Extra | M4: P2
A5: - | C5: - | M5: P3
M6: P4
M7: P5
A13: TO | B13: Não Controláveis | C13: TI | D13: Pátio | E13: Tração | F13: PCM Mecânica | G13: Mecânica | H13: Mecanização | I13: PCM VIA | J13: CCO Escala | K13: CCO Circulação | L13: Super | M13: Expansão | N13: Modernização | O13: Infraestrutura | P13: OK | Q13: Anomalia | R13: Condições Climática | S13: Confiabilidade | T13: Engenharia | U13: Falta de Contrato | V13: Sem Oportunidade | W13: Outras Ferrovias
A14: Embarcado | B14: Vandalismo | C14: Sistema | D14: Operação | E14: Operação | F14: Locomotiva | G14: Locomotiva | H14: Operação | I14: Recursos Internos | J14: Equipagem | K14: Intervalo Contrato | L14: Equipamento | M14: Equipamento | N14: Equipamento | O14: Equipamento | P14: OK | Q14: Via | R14: Temperatura | S14: Operação | T14: Operação | U14: Falta de Contrato | V14: Sem Oportunidade | W14: Outras Ferrovias
A15: Não Embarcado | B15: Acidente | C15: ="" | G15: Vagão | H15: Ativos | I15: Programação | K15: Intervalo Oportunidade | L15: Execução | M15: Execução | N15: Execução | O15: Execução | Q15: Mecânica | R15: Chuva | S15: Ativo | T15: Ativo
A16: Operação | C16: ="" | K16: Intervalo Extra | R16: Ventos Fortes
K17: Programação
A28: TOEmbarcado | B28: TONãoEmbarcado | C28: TOOperação | D28: NãoControláveisVandalismo | E28: NãoControláveisAcidente | F28: TISistema | G28: PátioOperação | H28: TraçãoOperação | I28: PCMMecânicaLocomotiva | J28: MecânicaLocomotiva | K28: MecânicaVagão | L28: MecanizaçãoOperação | M28: MecanizaçãoAtivos | N28: PCMVIARecursosInternos | O28: PCMVIAProgramação | P28: CCOEscalaEquipagem | Q28: CCOCirculaçãoIntervaloContrato | R28: CCOCirculaçãoProgramação | S28: CCOCirculaçãoIntervaloOportunidade | T28: SuperEquipamento | U28: SuperExecução | V28: ExpansãoEquipamento | W28: ExpansãoExecução | X28: ModernizaçãoEquipamento | Y28: ModernizaçãoExecução | Z28: InfraestruturaEquipamento | AA28: InfraestruturaExecução | AB28: OKOK | AC28: AnomaliaVia | AD28: AnomaliaMecânica | AE28: CondiçõesClimáticaTemperatura | AF28: CondiçõesClimáticaVentos Fortes | AG28: CondiçõesClimáticaChuva | AH28: CCOCirculaçãoIntervaloExtra | AI28: ConfiabilidadeOperação | AJ28: ConfiabilidadeAtivo | AK28: EngenhariaOperação | AL28: EngenhariaAtivo | AM28: Falta de ContratoFalta de Contrato | AN28: SemOportunidadeSemOportunidade | AO28: OutrasFerroviasOutrasFerrovias
A29: Avaria de CBL | B29: AMV sem indicação | C29: Alteração de programação da turma | D29: Locomotiva | E29: Acidente | F29: Sistema licenciamento indisponível | G29: Manobra indisponível | H29: Maquinista indisponível | I29: Alteração de programação | J29: Avaria | K29: Avaria | L29: Operador indisponível | M29: Avaria em veículo (Mecanização) | N29: Cancelado devido priorização | O29: Falta de OS | P29: Atraso chegada maquinista | Q29: Realizado entre trens | R29: Desvio alocação de locomotiva | S29: Sem oportunidade | T29: Avaria (Escavadeira / caminhão / munck) | U29: Erro de programação | V29: Avaria (Escavadeira / caminhão / munck) | W29: Erro de programação | X29: Avaria (Escavadeira / caminhão / munck / Socadora) | Y29: Erro de programação | Z29: Avaria (Escavadeira / caminhão / munck) | AA29: Erro de programação | AB29: OK | AC29: Defeito na via | AD29: Avaria em trem | AE29: Temperatura Alta | AF29: Ventos Fortes | AG29: Chuva | AH29: Serviço extra contrato | AI29: Falta de Equipe | AJ29: Avaria | AK29: Falta de Equipe | AL29: Avaria | AM29: Falta de Contrato | AN29: Sem Oportunidade | AO29: Outras Ferrovias
D30: Vagão | F30: Queda / Instabilidade de sistema | G30: Linha ocupada | H30: Atualização malha | I30: Locomotiva indisponível | L30: Operador não habilitado | M30: Avaria em veículo (Detecção) | N30: Alteração de programação | O30: Alteração de programação (Equipamento) | P30: Jornada maquinista excedida | Q30: Concedido intervalo parcial | S30: Realizado entre trens | T30: Avaria (Ferramental) | U30: Alteração de programação | V30: Avaria (Ferramental) | W30: Alteração de programação | X30: Avaria (Ferramental) | Y30: Alteração de programação | Z30: Avaria (Ferramental) | AA30: odni | AE30: Temperatura Baixa | AI30: Alteração de Programação | AJ30: Manutenção | AK30: Alteração de Programação
D31: Via de circulação | L31: Desvio de escala | M31: Desvio programação (Manutenção) | N31: Erro de programação | O31: Falta de equipamento / material | P31: Falta Maquinista (Contrato) | Q31: Intervalo negado em D-1 | S31: Concedido intervalo parcial | U31: Quando reduzido da turma | W31: Quando reduzido da turma | Y31: Quando reduzido da turma | AA31: Quando reduzido da turma | AE31: Oscilação de Temperatura | AI31: Falha de programação
D32: Equipamento via | L32: Baixa produtividade | P32: Falta Maquinista (Extra) | Q32: Intervalo Concedido fora do horário programado | S32: Intervalo negado em D-1 | U32: Falta de turma (Não Justificado) | W32: Falta de turma (Não Justificado) | Y32: Falta de turma (Não Justificado) | AA32: Falta de turma (Não Justificado) | AI32: Desvio de escala
D33: Ativo mecanização | L33: Risco de exceder a jornada | Q33: Fluxo intenso de trens | S33: Intervalo Concedido fora do horário programado | U33: Equipe interditada | W33: Equipe interditada | Y33: Equipe interditada | AA33: Equipe interditada | AI33: Risco de exceder a jornada
L34: Abastecimento | Q34: Propagação de TI | S34: Fluxo intenso de trens | U34: Falta de insumo / material | W34: Falta de insumo / material | Y34: Falta de insumo / material | AA34: Falta de insumo / material
L35: Desvio de programação | Q35: Propagação de avaria de trens | S35: Propagação de TI | U35: Desvio escala da turma | W35: Desvio escala da turma | Y35: Desvio escala da turma | AA35: Desvio escala da turma
Q36: Propagação de vandalismo | S36: Propagação de avaria de trens | U36: Intervalo utilizado parcialmente | W36: Intervalo utilizado parcialmente | Y36: Intervalo utilizado parcialmente | AA36: Intervalo utilizado parcialmente
Q37: Propagação por motivo via | S37: Propagação de vandalismo | U37: Baixa produtividade | W37: Baixa produtividade | Y37: Baixa produtividade | AA37: Baixa produtividade
Q38: Erro CCO | S38: Propagação por motivo via | U38: Falha de execução | W38: Falha de execução | Y38: Falha de execução | AA38: Falha de execução
Q39: Intervalo Fracionado | S39: Erro CCO
A43: SUBs
A44: 72
A45: 74
A46: 78
A47: 98
A48: 101
A49: 102
A50: 103

Sheet FN_MC
F1: PROGRAMA | AI1: ; | BH1: GESTÃO DE ACOMPANHAMENTO | BM1: FECHAMENTO
F2: ITENS GUIA | S2: RESPONSABILIDADE | AA2: RECURSO | AI2: ITENS GUIA | AS2: INTERVALO | BA2: PRODUÇÃO | BC2: RESPONSABILIDADE
F3: O QUE? | H3: ONDE? | O3: INTERVALO | Q3: PODUÇÃO | S3: QUEM VAI RESPONDER PELA EXECUÇÃO? | W3: GESTÃO | AA3: EQUIPAGEM | AE3: ATIVOS | AI3: O QUE? | AK3: ONDE? | AS3: PARCIAL 1 | AU3: PARCIAL 2 | AW3: PARCIAL 3 | AY3: TOTAL | BC3: QUEM VAI RESPONDER PELA EXECUÇÃO? | BM3: ANALISE | BQ3: %
A4: FORMULA | B4: ESCREVE | C4: FORMULA | D4: SELECIONAR | F4: SELECIONAR | G4: FORMULA | H4: ESCREVE | I4: ESCREVE | J4: ESCREVE | K4: ESCREVE | L4: ESCREVE | M4: ESCREVE | N4: ESCREVE | O4: ESCREVE | P4: ESCREVE | Q4: ESCREVE | R4: FORMULA | S4: SELECIONAR | T4: SELECIONAR | U4: FORMULA | V4: ESCREVE | W4: ESCREVE | X4: SELECIONAR | Y4: SELECIONAR | Z4: SELECIONAR | AA4: ESCREVE | AB4: SELECIONAR | AC4: SELECIONAR | AD4: ESCREVE | AE4: ESCREVE | AF4: ESCREVE | AG4: ESCREVE | AI4: SELECIONAR | AJ4: FORMULA | AK4: ESCREVE | AL4: ESCREVE | AM4: ESCREVE | AN4: ESCREVE | AO4: ESCREVE | AP4: ESCREVE | AQ4: ESCREVE | AR4: ESCREVE | AS4: ESCREVE | AT4: ESCREVE | AU4: ESCREVE | AV4: ESCREVE | AW4: ESCREVE | AX4: ESCREVE | AY4: FORMULA | AZ4: SELECIONAR | BA4: ESCREVE | BB4: FORMULA | BC4: SELECIONAR | BD4: SELECIONAR | BE4: FORMULA | BF4: ESCREVE | BG4: * | BH4: ESCREVE | BI4: ESCREVE | BJ4: ESCREVE | BK4: ESCREVE | BL4: * | BM4: SELECIONAR | BN4: SELECIONAR | BO4: SELECIONAR | BP4: ESCREVE | BQ4: FORMULA | BR4: FORMULA | BS4: FORMULA
A5: CHAVE | B5: DATA | C5: Semana | D5: ATIVO | E5: *1 | F5: Atividade | G5: Atividade - Inidicador | H5: Local - Partida | I5: Local - Encerramento | J5: SUB | K5: KM - Inicio | L5: KM - Fim | M5: Entre - Estações | N5: SB | O5: Inicia | P5: Duração | Q5: Quantidade | R5: Unidade | S5: Gerência da Via | T5: Coordenação da Via | U5: Trecho | V5: Responsavel pelo boletim | W5: Detalhe Programação | X5: Programar para D+1 | Y5: Confirmação programação | Z5: Prioridade | AA5: Qtd. Maquinista | AB5: Tipo de Maquinista (Fixo / Escala) | AC5: Tipo de Acionamento | AD5: Apresentação no lastro | AE5: Ativo - 1 | AF5: Ativo - 2 | AG5: Vagões - Qtd. | AH5: *2 | AI5: Atividade_1 | AJ5: Atividade - PDM | AK5: Local - Partida_2 | AL5: Local - Encerramento_3 | AM5: Entre-Locais | AN5: SB_4 | AO5: SUB_5 | AP5: KM - ínicio | AQ5: KM - Fim_6 | AR5: HR Turma Pronta | AS5: Inicio | AT5: Fim | AU5: Inicio_7 | AV5: Fim_8 | AW5: Inicio_9 | AX5: Fim_10 | AY5: TOTAL | AZ5: LIBERADO PELO CCO | BA5: Quantidade_11 | BB5: Unidade_12 | BC5: Gerência da Via_13 | BD5: Coordenação da Via_14 | BE5: Trecho_15 | BF5: Responsavel pelo boletim_16 | BG5: *3 | BH5: Status | BI5: Prévia CCO 22h | BJ5: Prévia - 1 | BK5: Prévia - 2 | BL5: *4 | BM5: Responsabilidade | BN5: Fechamento - Impacto | BO5: Detalhe - Fechamento | BP5: Justificativa | BQ5: Analise Prévia | BR5: Intervalo | BS5: QTD | BT5: =IF(BN5="","",SUBSTITUTE(BM5," ","")&SUBSTITUTE(BN5," ","")) -> ResponsabilidadeFechamento-Impacto
A6: =D6&B6 -> W70 | C6: =IF(BS_CONTROLE[[#This Row],[DATA]]="","",WEEKNUM(BS_CONTROLE[[#This Row],[DATA]])) | D6: W70 | F6: DESLOCAMENTO | G6: =IF(D6="","*",VLOOKUP(F6,BS_ATIVIDADE[#All],3,FALSE)) -> OUTROS | H6: TGR2 | I6: TIQ | J6: 98 | K6: 501 | L6: - | M6: TGR-TIQ | N6: TGRTIQ | O6: 0.375 | P6: 0.041666667 | Q6: 1 | R6: =IFERROR(_xlfn.XLOOKUP(F6, BS_ATIVIDADE[ATIVIDADE],BS_ATIVIDADE[UNIDADE] ), "*") -> BINÁRIO | S6: {=_xlfn.XLOOKUP( 1, ( TabelaMap[SUB] = BS_CONTROLE[[#This Row],[SUB]]) * ( TabelaMap[KM Inicio] <= BS_CONTROLE[[#This Row],[KM - Inicio]]) * ( TabelaMap[KM Fim] >= BS_CONTROLE[[#This Row],[KM - Inicio]]), TabelaMap[Gerência], "-", 0 )} -> - | T6: {=_xlfn.XLOOKUP( 1, ( TabelaMap[SUB] = BS_CONTROLE[[#This Row],[SUB]]) * ( TabelaMap[KM Inicio] <= BS_CONTROLE[[#This Row],[KM - Inicio]]) * ( TabelaMap[KM Fim] >= BS_CONTROLE[[#This Row],[KM - Inicio]]), TabelaMap[Trecho Coordenação], "-", 0 )} -> - | U6: =IFERROR(_xlfn.XLOOKUP(J6, BASE_MAPA!$B$2:$B$420, BASE_MAPA!$G$2:$G$420), "ERRO") -> ALTO ARAGUAIA - RONDONOPOLIS | V6: Camila | W6: Deslocamento | X6: Oportunidade | AA6: 2 (Enio e Daniel) | AB6: FIXO | AI6: =IF(BS_CONTROLE[[#This Row],[Atividade]]=0, "-", BS_CONTROLE[[#This Row],[Atividade]]) -> DESLOCAMENTO | AJ6: =IF(D6="","*",VLOOKUP(AI6,BS_ATIVIDADE[#Data],3,FALSE)) -> OUTROS | AK6: =IF(BS_CONTROLE[[#This Row],[Local - Partida]]=0, "-", BS_CONTROLE[[#This Row],[Local - Partida]]) -> TGR2 | AL6: =IF(BS_CONTROLE[[#This Row],[Local - Encerramento]]=0, "-", BS_CONTROLE[[#This Row],[Local - Encerramento]]) -> TIQ | AM6: =IF(BS_CONTROLE[[#This Row],[Entre - Estações]]=0, "-", BS_CONTROLE[[#This Row],[Entre - Estações]]) -> TGR-TIQ | AN6: =IF(BS_CONTROLE[[#This Row],[SB]]=0, "-", BS_CONTROLE[[#This Row],[SB]]) -> TGRTIQ | AO6: =IF(BS_CONTROLE[[#This Row],[SUB]]=0, "-", BS_CONTROLE[[#This Row],[SUB]]) -> 98 | AP6: =IF(BS_CONTROLE[[#This Row],[KM - Inicio]]=0, "-", BS_CONTROLE[[#This Row],[KM - Inicio]]) -> 501 | AQ6: =IF(BS_CONTROLE[[#This Row],[KM - Fim]]=0, "-", BS_CONTROLE[[#This Row],[KM - Fim]]) -> - | AY6: =IF(D6="","*",IFERROR(IF(ISODD(COUNT(AS6:AX8)),"ERRO",SUM((AT6-AS6),(AV6-AU6),(AX6-AW6))),"ERRO")) -> 0 | BB6: =IFERROR(_xlfn.XLOOKUP(AI6, BS_ATIVIDADE[ATIVIDADE],BS_ATIVIDADE[UNIDADE] ), "*") -> BINÁRIO | BC6: {=_xlfn.XLOOKUP( 1, ( TabelaMap[SUB] = BS_CONTROLE[[#This Row],[SUB]]) * ( TabelaMap[KM Inicio] <= BS_CONTROLE[[#This Row],[KM - Inicio]]) * ( TabelaMap[KM Fim] >= BS_CONTROLE[[#This Row],[KM - Inicio]]), TabelaMap[Gerência], "-", 0 )} -> - | BD6: {=_xlfn.XLOOKUP( 1, ( TabelaMap[SUB] = BS_CONTROLE[[#This Row],[SUB_5]]) * ( TabelaMap[KM Inicio] <= BS_CONTROLE[[#This Row],[KM - Inicio]]) * ( TabelaMap[KM Fim] >= BS_CONTROLE[[#This Row],[KM - Inicio]]), TabelaMap[Trecho Coordenação], "-", 0 )} -> - | BE6: =IFERROR(_xlfn.XLOOKUP(AO6, BASE_MAPA!$B$2:$B$420, BASE_MAPA!$G$2:$G$420), "ERRO") -> ALTO ARAGUAIA - RONDONOPOLIS | BF6: =IF(BS_CONTROLE[[#This Row],[Responsavel pelo boletim]]=0, "-", BS_CONTROLE[[#This Row],[Responsavel pelo boletim]]) -> Camila | BQ6: =IF(AND(BR6<1,BS6<1),"Produção e Intervalo",IF(BR6<1,"Intervalo",IF(BS6<1,"Produção","Aderente"))) -> Aderente | BR6: =IF(OR(B6="",F6=""),"*",AY6/P6) -> * | BS6: =IF(OR(B6="",F6=""),"*",BA6/Q6) -> * | BT6: =IF(BN6="","",SUBSTITUTE(BM6," ","")&SUBSTITUTE(BN6," ",""))
A7: =D7&B7 | C7: =IF(BS_CONTROLE[[#This Row],[DATA]]="","",WEEKNUM(BS_CONTROLE[[#This Row],[DATA]])) | G7: =IF(D7="","*",VLOOKUP(F7,BS_ATIVIDADE[#All],3,FALSE)) -> * | M7: {=_xlfn.XLOOKUP( 1, ( TabelaMap[SUB] = BS_CONTROLE[[#This Row],[SUB]]) * ( TabelaMap[KM Inicio] <= BS_CONTROLE[[#This Row],[KM - Inicio]]) * ( TabelaMap[KM Fim] >= BS_CONTROLE[[#This Row],[KM - Inicio]]), TabelaMap[Trecho], "-", 0 )} -> - | N7: {=_xlfn.XLOOKUP( 1, ( TabelaMap[SUB] = BS_CONTROLE[[#This Row],[SUB]]) * ( TabelaMap[KM Inicio] <= BS_CONTROLE[[#This Row],[KM - Inicio]]) * ( TabelaMap[KM Fim] >= BS_CONTROLE[[#This Row],[KM - Inicio]]), TabelaMap[SB], "-", 0 )} -> - | R7: =IFERROR(_xlfn.XLOOKUP(F7, BS_ATIVIDADE[ATIVIDADE],BS_ATIVIDADE[UNIDADE] ), "*") -> * | S7: {=_xlfn.XLOOKUP( 1, ( TabelaMap[SUB] = BS_CONTROLE[[#This Row],[SUB]]) * ( TabelaMap[KM Inicio] <= BS_CONTROLE[[#This Row],[KM - Inicio]]) * ( TabelaMap[KM Fim] >= BS_CONTROLE[[#This Row],[KM - Inicio]]), TabelaMap[Gerência], "-", 0 )} -> - | T7: {=_xlfn.XLOOKUP( 1, ( TabelaMap[SUB] = BS_CONTROLE[[#This Row],[SUB]]) * ( TabelaMap[KM Inicio] <= BS_CONTROLE[[#This Row],[KM - Inicio]]) * ( TabelaMap[KM Fim] >= BS_CONTROLE[[#This Row],[KM - Inicio]]), TabelaMap[Trecho Coordenação], "-", 0 )} -> - | U7: =IFERROR(_xlfn.XLOOKUP(J7, BASE_MAPA!$B$2:$B$420, BASE_MAPA!$G$2:$G$420), "ERRO") -> ERRO | AI7: =IF(BS_CONTROLE[[#This Row],[Atividade]]=0, "-", BS_CONTROLE[[#This Row],[Atividade]]) -> - | AJ7: =IF(D7="","*",VLOOKUP(AI7,BS_ATIVIDADE[#Data],3,FALSE)) -> * | AK7: =IF(BS_CONTROLE[[#This Row],[Local - Partida]]=0, "-", BS_CONTROLE[[#This Row],[Local - Partida]]) -> - | AL7: =IF(BS_CONTROLE[[#This Row],[Local - Encerramento]]=0, "-", BS_CONTROLE[[#This Row],[Local - Encerramento]]) -> - | AM7: =IF(BS_CONTROLE[[#This Row],[Entre - Estações]]=0, "-", BS_CONTROLE[[#This Row],[Entre - Estações]]) -> - | AN7: =IF(BS_CONTROLE[[#This Row],[SB]]=0, "-", BS_CONTROLE[[#This Row],[SB]]) -> - | AO7: =IF(BS_CONTROLE[[#This Row],[SUB]]=0, "-", BS_CONTROLE[[#This Row],[SUB]]) -> - | AP7: =IF(BS_CONTROLE[[#This Row],[KM - Inicio]]=0, "-", BS_CONTROLE[[#This Row],[KM - Inicio]]) -> - | AQ7: =IF(BS_CONTROLE[[#This Row],[KM - Fim]]=0, "-", BS_CONTROLE[[#This Row],[KM - Fim]]) -> - | AY7: =IF(D7="","*",IFERROR(IF(ISODD(COUNT(AS7:AX9)),"ERRO",SUM((AT7-AS7),(AV7-AU7),(AX7-AW7))),"ERRO")) -> * | BB7: =IFERROR(_xlfn.XLOOKUP(AI7, BS_ATIVIDADE[ATIVIDADE],BS_ATIVIDADE[UNIDADE] ), "*") -> * | BC7: {=_xlfn.XLOOKUP( 1, ( TabelaMap[SUB] = BS_CONTROLE[[#This Row],[SUB]]) * ( TabelaMap[KM Inicio] <= BS_CONTROLE[[#This Row],[KM - Inicio]]) * ( TabelaMap[KM Fim] >= BS_CONTROLE[[#This Row],[KM - Inicio]]), TabelaMap[Gerência], "-", 0 )} -> - | BD7: {=_xlfn.XLOOKUP( 1, ( TabelaMap[SUB] = BS_CONTROLE[[#This Row],[SUB_5]]) * ( TabelaMap[KM Inicio] <= BS_CONTROLE[[#This Row],[KM - Inicio]]) * ( TabelaMap[KM Fim] >= BS_CONTROLE[[#This Row],[KM - Inicio]]), TabelaMap[Trecho Coordenação], "-", 0 )} -> - | BE7: =IFERROR(_xlfn.XLOOKUP(AO7, BASE_MAPA!$B$2:$B$420, BASE_MAPA!$G$2:$G$420), "ERRO") -> ERRO | BF7: =IF(BS_CONTROLE[[#This Row],[Responsavel pelo boletim]]=0, "-", BS_CONTROLE[[#This Row],[Responsavel pelo boletim]]) -> - | BQ7: =IF(AND(BR7<1,BS7<1),"Produção e Intervalo",IF(BR7<1,"Intervalo",IF(BS7<1,"Produção","Aderente"))) -> Aderente | BR7: =IF(OR(B7="",F7=""),"*",AY7/P7) -> * | BS7: =IF(OR(B7="",F7=""),"*",BA7/Q7) -> *
A8: =D8&B8 -> V7746056 | B8: 46056 | C8: =IF(BS_CONTROLE[[#This Row],[DATA]]="","",WEEKNUM(BS_CONTROLE[[#This Row],[DATA]])) -> 6 | D8: V77 | F8: INSPEÇÃO AUTO DE LINHA | G8: =IF(D8="","*",VLOOKUP(F8,BS_ATIVIDADE[#All],3,FALSE)) -> OUTROS | H8: TIQ1 | I8: TGR2 | J8: 98 | K8: 616 | L8: - | M8: TIQ-TGR | N8: TIQTGR | O8: 0.375 | P8: 0.041666667 | Q8: 1 | R8: =IFERROR(_xlfn.XLOOKUP(F8, BS_ATIVIDADE[ATIVIDADE],BS_ATIVIDADE[UNIDADE] ), "*") -> BINÁRIO | S8: {=_xlfn.XLOOKUP( 1, ( TabelaMap[SUB] = BS_CONTROLE[[#This Row],[SUB]]) * ( TabelaMap[KM Inicio] <= BS_CONTROLE[[#This Row],[KM - Inicio]]) * ( TabelaMap[KM Fim] >= BS_CONTROLE[[#This Row],[KM - Inicio]]), TabelaMap[Gerência], "-", 0 )} -> FERRONORTE | T8: {=_xlfn.XLOOKUP( 1, ( TabelaMap[SUB] = BS_CONTROLE[[#This Row],[SUB]]) * ( TabelaMap[KM Inicio] <= BS_CONTROLE[[#This Row],[KM - Inicio]]) * ( TabelaMap[KM Fim] >= BS_CONTROLE[[#This Row],[KM - Inicio]]), TabelaMap[Trecho Coordenação], "-", 0 )} -> TGR-TRO | U8: =IFERROR(_xlfn.XLOOKUP(J8, BASE_MAPA!$B$2:$B$420, BASE_MAPA!$G$2:$G$420), "ERRO") -> ALTO ARAGUAIA - RONDONOPOLIS | V8: Camiila | W8: Inspeção auto de linha | X8: Oportunidade | AA8: 1 | AB8: FIXO | AC8: - | AD8: 0.29166667 | AE8: - | AF8: - | AG8: - | AI8: =IF(BS_CONTROLE[[#This Row],[Atividade]]=0, "-", BS_CONTROLE[[#This Row],[Atividade]]) -> INSPEÇÃO AUTO DE LINHA | AJ8: =IF(D8="","*",VLOOKUP(AI8,BS_ATIVIDADE[#Data],3,FALSE)) -> OUTROS | AK8: =IF(BS_CONTROLE[[#This Row],[Local - Partida]]=0, "-", BS_CONTROLE[[#This Row],[Local - Partida]]) -> TIQ1 | AL8: =IF(BS_CONTROLE[[#This Row],[Local - Encerramento]]=0, "-", BS_CONTROLE[[#This Row],[Local - Encerramento]]) -> TGR2 | AM8: =IF(BS_CONTROLE[[#This Row],[Entre - Estações]]=0, "-", BS_CONTROLE[[#This Row],[Entre - Estações]]) -> TIQ-TGR | AN8: =IF(BS_CONTROLE[[#This Row],[SB]]=0, "-", BS_CONTROLE[[#This Row],[SB]]) -> TIQTGR | AO8: =IF(BS_CONTROLE[[#This Row],[SUB]]=0, "-", BS_CONTROLE[[#This Row],[SUB]]) -> 98 | AP8: =IF(BS_CONTROLE[[#This Row],[KM - Inicio]]=0, "-", BS_CONTROLE[[#This Row],[KM - Inicio]]) -> 616 | AQ8: =IF(BS_CONTROLE[[#This Row],[KM - Fim]]=0, "-", BS_CONTROLE[[#This Row],[KM - Fim]]) -> - | AR8: 0.39583333 | AS8: 0.45347222 | AT8: 0.49513889 | AY8: =IF(D8="","*",IFERROR(IF(ISODD(COUNT(AS8:AX10)),"ERRO",SUM((AT8-AS8),(AV8-AU8),(AX8-AW8))),"ERRO")) -> 0.041666667 | BA8: 1 | BB8: =IFERROR(_xlfn.XLOOKUP(AI8, BS_ATIVIDADE[ATIVIDADE],BS_ATIVIDADE[UNIDADE] ), "*") -> BINÁRIO | BC8: {=_xlfn.XLOOKUP( 1, ( TabelaMap[SUB] = BS_CONTROLE[[#This Row],[SUB]]) * ( TabelaMap[KM Inicio] <= BS_CONTROLE[[#This Row],[KM - Inicio]]) * ( TabelaMap[KM Fim] >= BS_CONTROLE[[#This Row],[KM - Inicio]]), TabelaMap[Gerência], "-", 0 )} -> FERRONORTE | BD8: {=_xlfn.XLOOKUP( 1, ( TabelaMap[SUB] = BS_CONTROLE[[#This Row],[SUB_5]]) * ( TabelaMap[KM Inicio] <= BS_CONTROLE[[#This Row],[KM - Inicio]]) * ( TabelaMap[KM Fim] >= BS_CONTROLE[[#This Row],[KM - Inicio]]), TabelaMap[Trecho Coordenação], "-", 0 )} -> TGR-TRO | BE8: =IFERROR(_xlfn.XLOOKUP(AO8, BASE_MAPA!$B$2:$B$420, BASE_MAPA!$G$2:$G$420), "ERRO") -> ALTO ARAGUAIA - RONDONOPOLIS | BF8: =IF(BS_CONTROLE[[#This Row],[Responsavel pelo boletim]]=0, "-", BS_CONTROLE[[#This Row],[Responsavel pelo boletim]]) -> Camiila | BH8: 2 | BJ8: MC1 08:08, faixa após I29, previsão 11h | BK8: MC1 as 09:30 - Licença as 10:53h | BM8: OK | BN8: OK | BO8: OK | BQ8: =IF(AND(BR8<1,BS8<1),"Produção e Intervalo",IF(BR8<1,"Intervalo",IF(BS8<1,"Produção","Aderente"))) -> Aderente | BR8: =IF(OR(B8="",F8=""),"*",AY8/P8) -> 1 | BS8: =IF(OR(B8="",F8=""),"*",BA8/Q8) -> 1 | BT8: =IF(BN8="","",SUBSTITUTE(BM8," ","")&SUBSTITUTE(BN8," ","")) -> OKOK
A9: =D9&B9 -> V8646055 | B9: 46055 | C9: =IF(BS_CONTROLE[[#This Row],[DATA]]="","",WEEKNUM(BS_CONTROLE[[#This Row],[DATA]])) -> 6 | D9: V86 | E9: 2 | F9: MECANIZAÇÃO - SOCADORA | G9: =IF(D9="","*",VLOOKUP(F9,BS_ATIVIDADE[#All],3,FALSE)) -> MECANIZAÇÃO - SOCADORA | H9: TSF | I9: TSF | J9: 98 | K9: 746.5 | L9: 749 | M9: {=_xlfn.XLOOKUP( 1, ( TabelaMap[SUB] = BS_CONTROLE[[#This Row],[SUB]]) * ( TabelaMap[KM Inicio] <= BS_CONTROLE[[#This Row],[KM - Inicio]]) * ( TabelaMap[KM Fim] >= BS_CONTROLE[[#This Row],[KM - Inicio]]), TabelaMap[Trecho], "-", 0 )} -> TSF-TEX | N9: {=_xlfn.XLOOKUP( 1, ( TabelaMap[SUB] = BS_CONTROLE[[#This Row],[SUB]]) * ( TabelaMap[KM Inicio] <= BS_CONTROLE[[#This Row],[KM - Inicio]]) * ( TabelaMap[KM Fim] >= BS_CONTROLE[[#This Row],[KM - Inicio]]), TabelaMap[SB], "-", 0 )} -> 744TEX | O9: 0.41666667 | P9: 0.083333333 | Q9: 1120 | R9: =IFERROR(_xlfn.XLOOKUP(F9, BS_ATIVIDADE[ATIVIDADE],BS_ATIVIDADE[UNIDADE] ), "*") -> M | S9: {=_xlfn.XLOOKUP( 1, ( TabelaMap[SUB] = BS_CONTROLE[[#This Row],[SUB]]) * ( TabelaMap[KM Inicio] <= BS_CONTROLE[[#This Row],[KM - Inicio]]) * ( TabelaMap[KM Fim] >= BS_CONTROLE[[#This Row],[KM - Inicio]]), TabelaMap[Gerência], "-", 0 )} -> FERRONORTE | T9: {=_xlfn.XLOOKUP( 1, ( TabelaMap[SUB] = BS_CONTROLE[[#This Row],[SUB]]) * ( TabelaMap[KM Inicio] <= BS_CONTROLE[[#This Row],[KM - Inicio]]) * ( TabelaMap[KM Fim] >= BS_CONTROLE[[#This Row],[KM - Inicio]]), TabelaMap[Trecho Coordenação], "-", 0 )} -> TGR-TRO | U9: =IFERROR(_xlfn.XLOOKUP(J9, BASE_MAPA!$B$2:$B$420, BASE_MAPA!$G$2:$G$420), "ERRO") -> ALTO ARAGUAIA - RONDONOPOLIS | V9: Antonioni | W9: Socaria mecanizada | X9: Oportunidade | AA9: 1 | AB9: FIXO | AC9: - | AD9: 0.29166667 | AE9: 6636 | AF9: 6236 | AG9: - | AI9: =IF(BS_CONTROLE[[#This Row],[Atividade]]=0, "-", BS_CONTROLE[[#This Row],[Atividade]]) -> MECANIZAÇÃO - SOCADORA | AJ9: =IF(D9="","*",VLOOKUP(AI9,BS_ATIVIDADE[#Data],3,FALSE)) -> MECANIZAÇÃO - SOCADORA | AK9: =IF(BS_CONTROLE[[#This Row],[Local - Partida]]=0, "-", BS_CONTROLE[[#This Row],[Local - Partida]]) -> TSF | AL9: =IF(BS_CONTROLE[[#This Row],[Local - Encerramento]]=0, "-", BS_CONTROLE[[#This Row],[Local - Encerramento]]) -> TSF | AM9: =IF(BS_CONTROLE[[#This Row],[Entre - Estações]]=0, "-", BS_CONTROLE[[#This Row],[Entre - Estações]]) -> TSF-TEX | AN9: =IF(BS_CONTROLE[[#This Row],[SB]]=0, "-", BS_CONTROLE[[#This Row],[SB]]) -> 744TEX | AO9: =IF(BS_CONTROLE[[#This Row],[SUB]]=0, "-", BS_CONTROLE[[#This Row],[SUB]]) -> 98 | AP9: =IF(BS_CONTROLE[[#This Row],[KM - Inicio]]=0, "-", BS_CONTROLE[[#This Row],[KM - Inicio]]) -> 746.5 | AQ9: =IF(BS_CONTROLE[[#This Row],[KM - Fim]]=0, "-", BS_CONTROLE[[#This Row],[KM - Fim]]) -> 749 | AR9: 0.39513889 | AS9: 0.50138889 | AT9: 0.52708333 | AY9: =IF(D9="","*",IFERROR(IF(ISODD(COUNT(AS9:AX11)),"ERRO",SUM((AT9-AS9),(AV9-AU9),(AX9-AW9))),"ERRO")) -> 0.025694444 | BA9: 0 | BB9: =IFERROR(_xlfn.XLOOKUP(AI9, BS_ATIVIDADE[ATIVIDADE],BS_ATIVIDADE[UNIDADE] ), "*") -> M | BC9: {=_xlfn.XLOOKUP( 1, ( TabelaMap[SUB] = BS_CONTROLE[[#This Row],[SUB]]) * ( TabelaMap[KM Inicio] <= BS_CONTROLE[[#This Row],[KM - Inicio]]) * ( TabelaMap[KM Fim] >= BS_CONTROLE[[#This Row],[KM - Inicio]]), TabelaMap[Gerência], "-", 0 )} -> FERRONORTE | BD9: {=_xlfn.XLOOKUP( 1, ( TabelaMap[SUB] = BS_CONTROLE[[#This Row],[SUB_5]]) * ( TabelaMap[KM Inicio] <= BS_CONTROLE[[#This Row],[KM - Inicio]]) * ( TabelaMap[KM Fim] >= BS_CONTROLE[[#This Row],[KM - Inicio]]), TabelaMap[Trecho Coordenação], "-", 0 )} -> TGR-TRO | BE9: =IFERROR(_xlfn.XLOOKUP(AO9, BASE_MAPA!$B$2:$B$420, BASE_MAPA!$G$2:$G$420), "ERRO") -> ALTO ARAGUAIA - RONDONOPOLIS | BF9: =IF(BS_CONTROLE[[#This Row],[Responsavel pelo boletim]]=0, "-", BS_CONTROLE[[#This Row],[Responsavel pelo boletim]]) -> Antonioni | BH9: 0 | BJ9: MC1 09:29, aguarda oportunidade | BK9: MC1 09:29, autorizado 11:37, realizado somente viagem de medição/Sem oportunidade para socaria | BM9: CCO Circulação | BN9: Intervalo Oportunidade | BO9: Sem oportunidade | BQ9: =IF(AND(BR9<1,BS9<1),"Produção e Intervalo",IF(BR9<1,"Intervalo",IF(BS9<1,"Produção","Aderente"))) -> Produção e Intervalo | BR9: =IF(OR(B9="",F9=""),"*",AY9/P9) -> 0.30833333 | BS9: =IF(OR(B9="",F9=""),"*",BA9/Q9) -> 0 | BT9: =IF(BN9="","",SUBSTITUTE(BM9," ","")&SUBSTITUTE(BN9," ","")) -> CCOCirculaçãoIntervaloOportunidade
A10: =D10&B10 -> W7046055 | B10: 46055 | C10: =IF(BS_CONTROLE[[#This Row],[DATA]]="","",WEEKNUM(BS_CONTROLE[[#This Row],[DATA]])) -> 6 | D10: W70 | E10: 3 | F10: PDM - PEDRA - DESCARGA | G10: =IF(D10="","*",VLOOKUP(F10,BS_ATIVIDADE[#All],3,FALSE)) -> PEDRA | H10: 752RVD | I10: TGR2 | J10: 98 | K10: 700 | L10: 703 | M10: {=_xlfn.XLOOKUP( 1, ( TabelaMap[SUB] = BS_CONTROLE[[#This Row],[SUB]]) * ( TabelaMap[KM Inicio] <= BS_CONTROLE[[#This Row],[KM - Inicio]]) * ( TabelaMap[KM Fim] >= BS_CONTROLE[[#This Row],[KM - Inicio]]), TabelaMap[Trecho], "-", 0 )} -> TAL-TSF | N10: {=_xlfn.XLOOKUP( 1, ( TabelaMap[SUB] = BS_CONTROLE[[#This Row],[SUB]]) * ( TabelaMap[KM Inicio] <= BS_CONTROLE[[#This Row],[KM - Inicio]]) * ( TabelaMap[KM Fim] >= BS_CONTROLE[[#This Row],[KM - Inicio]]), TabelaMap[SB], "-", 0 )} -> 699710 | O10: 0.33333333 | P10: 0.125 | Q10: 28 | R10: =IFERROR(_xlfn.XLOOKUP(F10, BS_ATIVIDADE[ATIVIDADE],BS_ATIVIDADE[UNIDADE] ), "*") -> VAGÕES | S10: {=_xlfn.XLOOKUP( 1, ( TabelaMap[SUB] = BS_CONTROLE[[#This Row],[SUB]]) * ( TabelaMap[KM Inicio] <= BS_CONTROLE[[#This Row],[KM - Inicio]]) * ( TabelaMap[KM Fim] >= BS_CONTROLE[[#This Row],[KM - Inicio]]), TabelaMap[Gerência], "-", 0 )} -> FERRONORTE | T10: {=_xlfn.XLOOKUP( 1, ( TabelaMap[SUB] = BS_CONTROLE[[#This Row],[SUB]]) * ( TabelaMap[KM Inicio] <= BS_CONTROLE[[#This Row],[KM - Inicio]]) * ( TabelaMap[KM Fim] >= BS_CONTROLE[[#This Row],[KM - Inicio]]), TabelaMap[Trecho Coordenação], "-", 0 )} -> TGR-TRO | U10: =IFERROR(_xlfn.XLOOKUP(J10, BASE_MAPA!$B$2:$B$420, BASE_MAPA!$G$2:$G$420), "ERRO") -> ALTO ARAGUAIA - RONDONOPOLIS | V10: Camila | W10: Descarga de brita | X10: Oportunidade | AA10: 2 (Enio e Daniel) | AB10: FIXO | AD10: 0.29166667 | AE10: 7632 | AF10: 9292 | AI10: =IF(BS_CONTROLE[[#This Row],[Atividade]]=0, "-", BS_CONTROLE[[#This Row],[Atividade]]) -> PDM - PEDRA - DESCARGA | AJ10: =IF(D10="","*",VLOOKUP(AI10,BS_ATIVIDADE[#Data],3,FALSE)) -> PEDRA | AK10: =IF(BS_CONTROLE[[#This Row],[Local - Partida]]=0, "-", BS_CONTROLE[[#This Row],[Local - Partida]]) -> 752RVD | AL10: =IF(BS_CONTROLE[[#This Row],[Local - Encerramento]]=0, "-", BS_CONTROLE[[#This Row],[Local - Encerramento]]) -> TGR2 | AM10: =IF(BS_CONTROLE[[#This Row],[Entre - Estações]]=0, "-", BS_CONTROLE[[#This Row],[Entre - Estações]]) -> TAL-TSF | AN10: =IF(BS_CONTROLE[[#This Row],[SB]]=0, "-", BS_CONTROLE[[#This Row],[SB]]) -> 699710 | AO10: =IF(BS_CONTROLE[[#This Row],[SUB]]=0, "-", BS_CONTROLE[[#This Row],[SUB]]) -> 98 | AP10: =IF(BS_CONTROLE[[#This Row],[KM - Inicio]]=0, "-", BS_CONTROLE[[#This Row],[KM - Inicio]]) -> 700 | AQ10: =IF(BS_CONTROLE[[#This Row],[KM - Fim]]=0, "-", BS_CONTROLE[[#This Row],[KM - Fim]]) -> 703 | AR10: 0 | AS10: 0 | AT10: 0 | AY10: =IF(D10="","*",IFERROR(IF(ISODD(COUNT(AS10:AX12)),"ERRO",SUM((AT10-AS10),(AV10-AU10),(AX10-AW10))),"ERRO")) -> 0 | BA10: 0 | BB10: =IFERROR(_xlfn.XLOOKUP(AI10, BS_ATIVIDADE[ATIVIDADE],BS_ATIVIDADE[UNIDADE] ), "*") -> VAGÕES | BC10: {=_xlfn.XLOOKUP( 1, ( TabelaMap[SUB] = BS_CONTROLE[[#This Row],[SUB]]) * ( TabelaMap[KM Inicio] <= BS_CONTROLE[[#This Row],[KM - Inicio]]) * ( TabelaMap[KM Fim] >= BS_CONTROLE[[#This Row],[KM - Inicio]]), TabelaMap[Gerência], "-", 0 )} -> FERRONORTE | BD10: {=_xlfn.XLOOKUP( 1, ( TabelaMap[SUB] = BS_CONTROLE[[#This Row],[SUB_5]]) * ( TabelaMap[KM Inicio] <= BS_CONTROLE[[#This Row],[KM - Inicio]]) * ( TabelaMap[KM Fim] >= BS_CONTROLE[[#This Row],[KM - Inicio]]), TabelaMap[Trecho Coordenação], "-", 0 )} -> TGR-TRO | BE10: =IFERROR(_xlfn.XLOOKUP(AO10, BASE_MAPA!$B$2:$B$420, BASE_MAPA!$G$2:$G$420), "ERRO") -> ALTO ARAGUAIA - RONDONOPOLIS | BF10: =IF(BS_CONTROLE[[#This Row],[Responsavel pelo boletim]]=0, "-", BS_CONTROLE[[#This Row],[Responsavel pelo boletim]]) -> Camila | BH10: 0 | BJ10: Aguarda confirmação do pátio para encerramento | BK10: Locomotiva 7632 não envia mensagem, MC1 14:42 aguarda autorização | BM10: Mecânica | BN10: Locomotiva | BO10: Avaria | BP10: Locomotiva 7632 não envia mensagem | BQ10: =IF(AND(BR10<1,BS10<1),"Produção e Intervalo",IF(BR10<1,"Intervalo",IF(BS10<1,"Produção","Aderente"))) -> Produção e Intervalo | BR10: =IF(OR(B10="",F10=""),"*",AY10/P10) -> 0 | BS10: =IF(OR(B10="",F10=""),"*",BA10/Q10) -> 0 | BT10: =IF(BN10="","",SUBSTITUTE(BM10," ","")&SUBSTITUTE(BN10," ","")) -> MecânicaLocomotiva
A11: =D11&B11 -> FRANCISCO (TF-19)46055 | B11: 46055 | C11: =IF(BS_CONTROLE[[#This Row],[DATA]]="","",WEEKNUM(BS_CONTROLE[[#This Row],[DATA]])) -> 6 | D11: FRANCISCO (TF-19) | E11: 4 | F11: PDM - AMV - MEIA CHAVE | G11: =IF(D11="","*",VLOOKUP(F11,BS_ATIVIDADE[#All],3,FALSE)) -> AMV | H11: TBSNORTE | I11: - | J11: 98 | K11: 662.313 | L11: - | M11: {=_xlfn.XLOOKUP( 1, ( TabelaMap[SUB] = BS_CONTROLE[[#This Row],[SUB]]) * ( TabelaMap[KM Inicio] <= BS_CONTROLE[[#This Row],[KM - Inicio]]) * ( TabelaMap[KM Fim] >= BS_CONTROLE[[#This Row],[KM - Inicio]]), TabelaMap[Trecho], "-", 0 )} -> TBS-TAL | N11: {=_xlfn.XLOOKUP( 1, ( TabelaMap[SUB] = BS_CONTROLE[[#This Row],[SUB]]) * ( TabelaMap[KM Inicio] <= BS_CONTROLE[[#This Row],[KM - Inicio]]) * ( TabelaMap[KM Fim] >= BS_CONTROLE[[#This Row],[KM - Inicio]]), TabelaMap[SB], "-", 0 )} -> TBSPAT1 | O11: 0.375 | P11: 0.125 | Q11: 1 | R11: =IFERROR(_xlfn.XLOOKUP(F11, BS_ATIVIDADE[ATIVIDADE],BS_ATIVIDADE[UNIDADE] ), "*") -> Nº DE PEÇAS | S11: {=_xlfn.XLOOKUP( 1, ( TabelaMap[SUB] = BS_CONTROLE[[#This Row],[SUB]]) * ( TabelaMap[KM Inicio] <= BS_CONTROLE[[#This Row],[KM - Inicio]]) * ( TabelaMap[KM Fim] >= BS_CONTROLE[[#This Row],[KM - Inicio]]), TabelaMap[Gerência], "-", 0 )} -> FERRONORTE | T11: {=_xlfn.XLOOKUP( 1, ( TabelaMap[SUB] = BS_CONTROLE[[#This Row],[SUB]]) * ( TabelaMap[KM Inicio] <= BS_CONTROLE[[#This Row],[KM - Inicio]]) * ( TabelaMap[KM Fim] >= BS_CONTROLE[[#This Row],[KM - Inicio]]), TabelaMap[Trecho Coordenação], "-", 0 )} -> TGR-TRO | U11: =IFERROR(_xlfn.XLOOKUP(J11, BASE_MAPA!$B$2:$B$420, BASE_MAPA!$G$2:$G$420), "ERRO") -> ALTO ARAGUAIA - RONDONOPOLIS | V11: Camila | W11: Troca de meia chave TBS norte | X11: Oportunidade | AA11: - | AI11: =IF(BS_CONTROLE[[#This Row],[Atividade]]=0, "-", BS_CONTROLE[[#This Row],[Atividade]]) -> PDM - AMV - MEIA CHAVE | AJ11: =IF(D11="","*",VLOOKUP(AI11,BS_ATIVIDADE[#Data],3,FALSE)) -> AMV | AK11: =IF(BS_CONTROLE[[#This Row],[Local - Partida]]=0, "-", BS_CONTROLE[[#This Row],[Local - Partida]]) -> TBSNORTE | AL11: =IF(BS_CONTROLE[[#This Row],[Local - Encerramento]]=0, "-", BS_CONTROLE[[#This Row],[Local - Encerramento]]) -> - | AM11: =IF(BS_CONTROLE[[#This Row],[Entre - Estações]]=0, "-", BS_CONTROLE[[#This Row],[Entre - Estações]]) -> TBS-TAL | AN11: =IF(BS_CONTROLE[[#This Row],[SB]]=0, "-", BS_CONTROLE[[#This Row],[SB]]) -> TBSPAT1 | AO11: =IF(BS_CONTROLE[[#This Row],[SUB]]=0, "-", BS_CONTROLE[[#This Row],[SUB]]) -> 98 | AP11: =IF(BS_CONTROLE[[#This Row],[KM - Inicio]]=0, "-", BS_CONTROLE[[#This Row],[KM - Inicio]]) -> 662.313 | AQ11: =IF(BS_CONTROLE[[#This Row],[KM - Fim]]=0, "-", BS_CONTROLE[[#This Row],[KM - Fim]]) -> - | AR11: 0.45277778 | AS11: 0 | AT11: 0 | AY11: =IF(D11="","*",IFERROR(IF(ISODD(COUNT(AS11:AX13)),"ERRO",SUM((AT11-AS11),(AV11-AU11),(AX11-AW11))),"ERRO")) -> 0 | BA11: 0 | BB11: =IFERROR(_xlfn.XLOOKUP(AI11, BS_ATIVIDADE[ATIVIDADE],BS_ATIVIDADE[UNIDADE] ), "*") -> Nº DE PEÇAS | BC11: {=_xlfn.XLOOKUP( 1, ( TabelaMap[SUB] = BS_CONTROLE[[#This Row],[SUB]]) * ( TabelaMap[KM Inicio] <= BS_CONTROLE[[#This Row],[KM - Inicio]]) * ( TabelaMap[KM Fim] >= BS_CONTROLE[[#This Row],[KM - Inicio]]), TabelaMap[Gerência], "-", 0 )} -> FERRONORTE | BD11: {=_xlfn.XLOOKUP( 1, ( TabelaMap[SUB] = BS_CONTROLE[[#This Row],[SUB_5]]) * ( TabelaMap[KM Inicio] <= BS_CONTROLE[[#This Row],[KM - Inicio]]) * ( TabelaMap[KM Fim] >= BS_CONTROLE[[#This Row],[KM - Inicio]]), TabelaMap[Trecho Coordenação], "-", 0 )} -> TGR-TRO | BE11: =IFERROR(_xlfn.XLOOKUP(AO11, BASE_MAPA!$B$2:$B$420, BASE_MAPA!$G$2:$G$420), "ERRO") -> ALTO ARAGUAIA - RONDONOPOLIS | BF11: =IF(BS_CONTROLE[[#This Row],[Responsavel pelo boletim]]=0, "-", BS_CONTROLE[[#This Row],[Responsavel pelo boletim]]) -> Camila | BH11: 0 | BJ11: Equipe pronta as 10h | BK11: Equipe pronta 10:52, sem oportunidade | BM11: CCO Circulação | BN11: Intervalo Oportunidade | BO11: Sem oportunidade | BP11: - | BQ11: =IF(AND(BR11<1,BS11<1),"Produção e Intervalo",IF(BR11<1,"Intervalo",IF(BS11<1,"Produção","Aderente"))) -> Produção e Intervalo | BR11: =IF(OR(B11="",F11=""),"*",AY11/P11) -> 0 | BS11: =IF(OR(B11="",F11=""),"*",BA11/Q11) -> 0 | BT11: =IF(BN11="","",SUBSTITUTE(BM11," ","")&SUBSTITUTE(BN11," ","")) -> CCOCirculaçãoIntervaloOportunidade
A12: =D12&B12 -> BRUNO (TF-525)46055 | B12: 46055 | C12: =IF(BS_CONTROLE[[#This Row],[DATA]]="","",WEEKNUM(BS_CONTROLE[[#This Row],[DATA]])) -> 6 | D12: BRUNO (TF-525) | E12: 5 | F12: PDM - SOLDA | G12: =IF(D12="","*",VLOOKUP(F12,BS_ATIVIDADE[#All],3,FALSE)) -> SOLDA | H12: {=_xlfn.XLOOKUP( 1, ( TabelaMap[SUB] = BS_CONTROLE[[#This Row],[SUB]]) * ( TabelaMap[KM Inicio] <= BS_CONTROLE[[#This Row],[KM - Inicio]]) * ( TabelaMap[KM Fim] >= BS_CONTROLE[[#This Row],[KM - Inicio]]), TabelaMap[SB], "-", 0 )} -> 539TRM | I12: - | J12: 98 | K12: 548.145 | L12: - | M12: {=_xlfn.XLOOKUP( 1, ( TabelaMap[SUB] = BS_CONTROLE[[#This Row],[SUB]]) * ( TabelaMap[KM Inicio] <= BS_CONTROLE[[#This Row],[KM - Inicio]]) * ( TabelaMap[KM Fim] >= BS_CONTROLE[[#This Row],[KM - Inicio]]), TabelaMap[Trecho], "-", 0 )} -> TBE-TRM | N12: {=_xlfn.XLOOKUP( 1, ( TabelaMap[SUB] = BS_CONTROLE[[#This Row],[SUB]]) * ( TabelaMap[KM Inicio] <= BS_CONTROLE[[#This Row],[KM - Inicio]]) * ( TabelaMap[KM Fim] >= BS_CONTROLE[[#This Row],[KM - Inicio]]), TabelaMap[SB], "-", 0 )} -> 539TRM | O12: 0.375 | P12: 0.083333333 | Q12: 2 | R12: =IFERROR(_xlfn.XLOOKUP(F12, BS_ATIVIDADE[ATIVIDADE],BS_ATIVIDADE[UNIDADE] ), "*") -> Nº DE SOLDA | S12: {=_xlfn.XLOOKUP( 1, ( TabelaMap[SUB] = BS_CONTROLE[[#This Row],[SUB]]) * ( TabelaMap[KM Inicio] <= BS_CONTROLE[[#This Row],[KM - Inicio]]) * ( TabelaMap[KM Fim] >= BS_CONTROLE[[#This Row],[KM - Inicio]]), TabelaMap[Gerência], "-", 0 )} -> FERRONORTE | T12: {=_xlfn.XLOOKUP( 1, ( TabelaMap[SUB] = BS_CONTROLE[[#This Row],[SUB]]) * ( TabelaMap[KM Inicio] <= BS_CONTROLE[[#This Row],[KM - Inicio]]) * ( TabelaMap[KM Fim] >= BS_CONTROLE[[#This Row],[KM - Inicio]]), TabelaMap[Trecho Coordenação], "-", 0 )} -> TGR-TRO | U12: =IFERROR(_xlfn.XLOOKUP(J12, BASE_MAPA!$B$2:$B$420, BASE_MAPA!$G$2:$G$420), "ERRO") -> ALTO ARAGUAIA - RONDONOPOLIS | V12: Camila | W12: Execução de solda | X12: Oportunidade | AA12: - | AI12: =IF(BS_CONTROLE[[#This Row],[Atividade]]=0, "-", BS_CONTROLE[[#This Row],[Atividade]]) -> PDM - SOLDA | AJ12: =IF(D12="","*",VLOOKUP(AI12,BS_ATIVIDADE[#Data],3,FALSE)) -> SOLDA | AK12: =IF(BS_CONTROLE[[#This Row],[Local - Partida]]=0, "-", BS_CONTROLE[[#This Row],[Local - Partida]]) -> 539TRM | AL12: =IF(BS_CONTROLE[[#This Row],[Local - Encerramento]]=0, "-", BS_CONTROLE[[#This Row],[Local - Encerramento]]) -> - | AM12: =IF(BS_CONTROLE[[#This Row],[Entre - Estações]]=0, "-", BS_CONTROLE[[#This Row],[Entre - Estações]]) -> TBE-TRM | AN12: =IF(BS_CONTROLE[[#This Row],[SB]]=0, "-", BS_CONTROLE[[#This Row],[SB]]) -> 539TRM | AO12: =IF(BS_CONTROLE[[#This Row],[SUB]]=0, "-", BS_CONTROLE[[#This Row],[SUB]]) -> 98 | AP12: =IF(BS_CONTROLE[[#This Row],[KM - Inicio]]=0, "-", BS_CONTROLE[[#This Row],[KM - Inicio]]) -> 548.145 | AQ12: =IF(BS_CONTROLE[[#This Row],[KM - Fim]]=0, "-", BS_CONTROLE[[#This Row],[KM - Fim]]) -> - | AR12: 0.34027778 | AS12: 0.35902778 | AT12: 0.42152778 | AY12: =IF(D12="","*",IFERROR(IF(ISODD(COUNT(AS12:AX14)),"ERRO",SUM((AT12-AS12),(AV12-AU12),(AX12-AW12))),"ERRO")) -> 0.0625 | BA12: 0 | BB12: =IFERROR(_xlfn.XLOOKUP(AI12, BS_ATIVIDADE[ATIVIDADE],BS_ATIVIDADE[UNIDADE] ), "*") -> Nº DE SOLDA | BC12: {=_xlfn.XLOOKUP( 1, ( TabelaMap[SUB] = BS_CONTROLE[[#This Row],[SUB]]) * ( TabelaMap[KM Inicio] <= BS_CONTROLE[[#This Row],[KM - Inicio]]) * ( TabelaMap[KM Fim] >= BS_CONTROLE[[#This Row],[KM - Inicio]]), TabelaMap[Gerência], "-", 0 )} -> FERRONORTE | BD12: {=_xlfn.XLOOKUP( 1, ( TabelaMap[SUB] = BS_CONTROLE[[#This Row],[SUB_5]]) * ( TabelaMap[KM Inicio] <= BS_CONTROLE[[#This Row],[KM - Inicio]]) * ( TabelaMap[KM Fim] >= BS_CONTROLE[[#This Row],[KM - Inicio]]), TabelaMap[Trecho Coordenação], "-", 0 )} -> TGR-TRO | BE12: =IFERROR(_xlfn.XLOOKUP(AO12, BASE_MAPA!$B$2:$B$420, BASE_MAPA!$G$2:$G$420), "ERRO") -> ALTO ARAGUAIA - RONDONOPOLIS | BF12: =IF(BS_CONTROLE[[#This Row],[Responsavel pelo boletim]]=0, "-", BS_CONTROLE[[#This Row],[Responsavel pelo boletim]]) -> Camila | BH12: 0 | BJ12: Equipe no local, sem condições climáticas para atividade | BK12: Equipe no local, sem condições climáticas para atividade | BM12: Condições Climática | BN12: Chuva | BO12: Chuva | BP12: - | BQ12: =IF(AND(BR12<1,BS12<1),"Produção e Intervalo",IF(BR12<1,"Intervalo",IF(BS12<1,"Produção","Aderente"))) -> Produção e Intervalo | BR12: =IF(OR(B12="",F12=""),"*",AY12/P12) -> 0.75 | BS12: =IF(OR(B12="",F12=""),"*",BA12/Q12) -> 0 | BT12: =IF(BN12="","",SUBSTITUTE(BM12," ","")&SUBSTITUTE(BN12," ","")) -> CondiçõesClimáticaChuva
A13: =D13&B13 -> ELSON (TF-526)46055 | B13: 46055 | C13: =IF(BS_CONTROLE[[#This Row],[DATA]]="","",WEEKNUM(BS_CONTROLE[[#This Row],[DATA]])) -> 6 | D13: ELSON (TF-526) | E13: 6 | F13: PDM - SOLDA | G13: =IF(D13="","*",VLOOKUP(F13,BS_ATIVIDADE[#All],3,FALSE)) -> SOLDA | H13: 499TGR1 | I13: - | J13: 74 | K13: 498.9 | L13: - | M13: {=_xlfn.XLOOKUP( 1, ( TabelaMap[SUB] = BS_CONTROLE[[#This Row],[SUB]]) * ( TabelaMap[KM Inicio] <= BS_CONTROLE[[#This Row],[KM - Inicio]]) * ( TabelaMap[KM Fim] >= BS_CONTROLE[[#This Row],[KM - Inicio]]), TabelaMap[Trecho], "-", 0 )} -> TBR-TGR | N13: {=_xlfn.XLOOKUP( 1, ( TabelaMap[SUB] = BS_CONTROLE[[#This Row],[SUB]]) * ( TabelaMap[KM Inicio] <= BS_CONTROLE[[#This Row],[KM - Inicio]]) * ( TabelaMap[KM Fim] >= BS_CONTROLE[[#This Row],[KM - Inicio]]), TabelaMap[SB], "-", 0 )} -> 499TGR1 | O13: 0.41666667 | P13: 0.125 | Q13: 2 | R13: =IFERROR(_xlfn.XLOOKUP(F13, BS_ATIVIDADE[ATIVIDADE],BS_ATIVIDADE[UNIDADE] ), "*") -> Nº DE SOLDA | S13: {=_xlfn.XLOOKUP( 1, ( TabelaMap[SUB] = BS_CONTROLE[[#This Row],[SUB]]) * ( TabelaMap[KM Inicio] <= BS_CONTROLE[[#This Row],[KM - Inicio]]) * ( TabelaMap[KM Fim] >= BS_CONTROLE[[#This Row],[KM - Inicio]]), TabelaMap[Gerência], "-", 0 )} -> FERRONORTE | T13: {=_xlfn.XLOOKUP( 1, ( TabelaMap[SUB] = BS_CONTROLE[[#This Row],[SUB]]) * ( TabelaMap[KM Inicio] <= BS_CONTROLE[[#This Row],[KM - Inicio]]) * ( TabelaMap[KM Fim] >= BS_CONTROLE[[#This Row],[KM - Inicio]]), TabelaMap[Trecho Coordenação], "-", 0 )} -> TCS-TGR | U13: =IFERROR(_xlfn.XLOOKUP(J13, BASE_MAPA!$B$2:$B$420, BASE_MAPA!$G$2:$G$420), "ERRO") -> MARCO INICIAL - ALTO ARAGUAIA | V13: Elson | W13: Execução de solda | X13: Contrato | AA13: - | AI13: =IF(BS_CONTROLE[[#This Row],[Atividade]]=0, "-", BS_CONTROLE[[#This Row],[Atividade]]) -> PDM - SOLDA | AJ13: =IF(D13="","*",VLOOKUP(AI13,BS_ATIVIDADE[#Data],3,FALSE)) -> SOLDA | AK13: =IF(BS_CONTROLE[[#This Row],[Local - Partida]]=0, "-", BS_CONTROLE[[#This Row],[Local - Partida]]) -> 499TGR1 | AL13: =IF(BS_CONTROLE[[#This Row],[Local - Encerramento]]=0, "-", BS_CONTROLE[[#This Row],[Local - Encerramento]]) -> - | AM13: =IF(BS_CONTROLE[[#This Row],[Entre - Estações]]=0, "-", BS_CONTROLE[[#This Row],[Entre - Estações]]) -> TBR-TGR | AN13: =IF(BS_CONTROLE[[#This Row],[SB]]=0, "-", BS_CONTROLE[[#This Row],[SB]]) -> 499TGR1 | AO13: =IF(BS_CONTROLE[[#This Row],[SUB]]=0, "-", BS_CONTROLE[[#This Row],[SUB]]) -> 74 | AP13: =IF(BS_CONTROLE[[#This Row],[KM - Inicio]]=0, "-", BS_CONTROLE[[#This Row],[KM - Inicio]]) -> 498.9 | AQ13: =IF(BS_CONTROLE[[#This Row],[KM - Fim]]=0, "-", BS_CONTROLE[[#This Row],[KM - Fim]]) -> - | AR13: 0.375 | AS13: 0.48472222 | AT13: 0.60972222 | AY13: =IF(D13="","*",IFERROR(IF(ISODD(COUNT(AS13:AX15)),"ERRO",SUM((AT13-AS13),(AV13-AU13),(AX13-AW13))),"ERRO")) -> 0.125 | BA13: 0 | BB13: =IFERROR(_xlfn.XLOOKUP(AI13, BS_ATIVIDADE[ATIVIDADE],BS_ATIVIDADE[UNIDADE] ), "*") -> Nº DE SOLDA | BC13: {=_xlfn.XLOOKUP( 1, ( TabelaMap[SUB] = BS_CONTROLE[[#This Row],[SUB]]) * ( TabelaMap[KM Inicio] <= BS_CONTROLE[[#This Row],[KM - Inicio]]) * ( TabelaMap[KM Fim] >= BS_CONTROLE[[#This Row],[KM - Inicio]]), TabelaMap[Gerência], "-", 0 )} -> FERRONORTE | BD13: {=_xlfn.XLOOKUP( 1, ( TabelaMap[SUB] = BS_CONTROLE[[#This Row],[SUB_5]]) * ( TabelaMap[KM Inicio] <= BS_CONTROLE[[#This Row],[KM - Inicio]]) * ( TabelaMap[KM Fim] >= BS_CONTROLE[[#This Row],[KM - Inicio]]), TabelaMap[Trecho Coordenação], "-", 0 )} -> TCS-TGR | BE13: =IFERROR(_xlfn.XLOOKUP(AO13, BASE_MAPA!$B$2:$B$420, BASE_MAPA!$G$2:$G$420), "ERRO") -> MARCO INICIAL - ALTO ARAGUAIA | BF13: =IF(BS_CONTROLE[[#This Row],[Responsavel pelo boletim]]=0, "-", BS_CONTROLE[[#This Row],[Responsavel pelo boletim]]) -> Elson | BH13: 0 | BJ13: Equipe pronta as 9h, em intervalo 11:38 | BK13: Em intervalo 11:38, cancelado as 11:59 devido chuva no local | BM13: Condições Climática | BN13: Chuva | BO13: Chuva | BP13: - | BQ13: =IF(AND(BR13<1,BS13<1),"Produção e Intervalo",IF(BR13<1,"Intervalo",IF(BS13<1,"Produção","Aderente"))) -> Produção | BR13: =IF(OR(B13="",F13=""),"*",AY13/P13) -> 1 | BS13: =IF(OR(B13="",F13=""),"*",BA13/Q13) -> 0 | BT13: =IF(BN13="","",SUBSTITUTE(BM13," ","")&SUBSTITUTE(BN13," ","")) -> CondiçõesClimáticaChuva
A14: =D14&B14 -> E4646055 | B14: 46055 | C14: =IF(BS_CONTROLE[[#This Row],[DATA]]="","",WEEKNUM(BS_CONTROLE[[#This Row],[DATA]])) -> 6 | D14: E46 | E14: 7 | F14: DESLOCAMENTO | G14: =IF(D14="","*",VLOOKUP(F14,BS_ATIVIDADE[#All],3,FALSE)) -> OUTROS | H14: TAG | I14: TIN | J14: 74 | K14: 291 | L14: 109.54 | M14: {=_xlfn.XLOOKUP( 1, ( TabelaMap[SUB] = BS_CONTROLE[[#This Row],[SUB]]) * ( TabelaMap[KM Inicio] <= BS_CONTROLE[[#This Row],[KM - Inicio]]) * ( TabelaMap[KM Fim] >= BS_CONTROLE[[#This Row],[KM - Inicio]]), TabelaMap[Trecho], "-", 0 )} -> TCS-TRC | N14: {=_xlfn.XLOOKUP( 1, ( TabelaMap[SUB] = BS_CONTROLE[[#This Row],[SUB]]) * ( TabelaMap[KM Inicio] <= BS_CONTROLE[[#This Row],[KM - Inicio]]) * ( TabelaMap[KM Fim] >= BS_CONTROLE[[#This Row],[KM - Inicio]]), TabelaMap[SB], "-", 0 )} -> 291TRC1 | O14: 0.375 | P14: 0.041666667 | Q14: 1 | R14: =IFERROR(_xlfn.XLOOKUP(F14, BS_ATIVIDADE[ATIVIDADE],BS_ATIVIDADE[UNIDADE] ), "*") -> BINÁRIO | S14: {=_xlfn.XLOOKUP( 1, ( TabelaMap[SUB] = BS_CONTROLE[[#This Row],[SUB]]) * ( TabelaMap[KM Inicio] <= BS_CONTROLE[[#This Row],[KM - Inicio]]) * ( TabelaMap[KM Fim] >= BS_CONTROLE[[#This Row],[KM - Inicio]]), TabelaMap[Gerência], "-", 0 )} -> FERRONORTE | T14: {=_xlfn.XLOOKUP( 1, ( TabelaMap[SUB] = BS_CONTROLE[[#This Row],[SUB]]) * ( TabelaMap[KM Inicio] <= BS_CONTROLE[[#This Row],[KM - Inicio]]) * ( TabelaMap[KM Fim] >= BS_CONTROLE[[#This Row],[KM - Inicio]]), TabelaMap[Trecho Coordenação], "-", 0 )} -> TCS-TGR | U14: =IFERROR(_xlfn.XLOOKUP(J14, BASE_MAPA!$B$2:$B$420, BASE_MAPA!$G$2:$G$420), "ERRO") -> MARCO INICIAL - ALTO ARAGUAIA | V14: PCM | W14: Deslocamento de TAG para abastecer no TOM e seguir para TIN | X14: Oportunidade | AI14: =IF(BS_CONTROLE[[#This Row],[Atividade]]=0, "-", BS_CONTROLE[[#This Row],[Atividade]]) -> DESLOCAMENTO | AJ14: =IF(D14="","*",VLOOKUP(AI14,BS_ATIVIDADE[#Data],3,FALSE)) -> OUTROS | AK14: =IF(BS_CONTROLE[[#This Row],[Local - Partida]]=0, "-", BS_CONTROLE[[#This Row],[Local - Partida]]) -> TAG | AL14: =IF(BS_CONTROLE[[#This Row],[Local - Encerramento]]=0, "-", BS_CONTROLE[[#This Row],[Local - Encerramento]]) -> TIN | AM14: =IF(BS_CONTROLE[[#This Row],[Entre - Estações]]=0, "-", BS_CONTROLE[[#This Row],[Entre - Estações]]) -> TCS-TRC | AN14: =IF(BS_CONTROLE[[#This Row],[SB]]=0, "-", BS_CONTROLE[[#This Row],[SB]]) -> 291TRC1 | AO14: =IF(BS_CONTROLE[[#This Row],[SUB]]=0, "-", BS_CONTROLE[[#This Row],[SUB]]) -> 74 | AP14: =IF(BS_CONTROLE[[#This Row],[KM - Inicio]]=0, "-", BS_CONTROLE[[#This Row],[KM - Inicio]]) -> 291 | AQ14: =IF(BS_CONTROLE[[#This Row],[KM - Fim]]=0, "-", BS_CONTROLE[[#This Row],[KM - Fim]]) -> 109.54 | AR14: 0 | AS14: 0 | AT14: 0 | AY14: =IF(D14="","*",IFERROR(IF(ISODD(COUNT(AS14:AX16)),"ERRO",SUM((AT14-AS14),(AV14-AU14),(AX14-AW14))),"ERRO")) -> 0 | BA14: 0 | BB14: =IFERROR(_xlfn.XLOOKUP(AI14, BS_ATIVIDADE[ATIVIDADE],BS_ATIVIDADE[UNIDADE] ), "*") -> BINÁRIO | BC14: {=_xlfn.XLOOKUP( 1, ( TabelaMap[SUB] = BS_CONTROLE[[#This Row],[SUB]]) * ( TabelaMap[KM Inicio] <= BS_CONTROLE[[#This Row],[KM - Inicio]]) * ( TabelaMap[KM Fim] >= BS_CONTROLE[[#This Row],[KM - Inicio]]), TabelaMap[Gerência], "-", 0 )} -> FERRONORTE | BD14: {=_xlfn.XLOOKUP( 1, ( TabelaMap[SUB] = BS_CONTROLE[[#This Row],[SUB_5]]) * ( TabelaMap[KM Inicio] <= BS_CONTROLE[[#This Row],[KM - Inicio]]) * ( TabelaMap[KM Fim] >= BS_CONTROLE[[#This Row],[KM - Inicio]]), TabelaMap[Trecho Coordenação], "-", 0 )} -> TCS-TGR | BE14: =IFERROR(_xlfn.XLOOKUP(AO14, BASE_MAPA!$B$2:$B$420, BASE_MAPA!$G$2:$G$420), "ERRO") -> MARCO INICIAL - ALTO ARAGUAIA | BF14: =IF(BS_CONTROLE[[#This Row],[Responsavel pelo boletim]]=0, "-", BS_CONTROLE[[#This Row],[Responsavel pelo boletim]]) -> PCM | BH14: 0 | BJ14: Aguarda informação do pátio para acionar equipe, cancelado devido anomália do I71 | BK14: Aguarda informação do pátio para acionar equipe, cancelado devido anomália do I71 | BM14: Anomalia | BN14: Mecânica | BO14: Avaria em trem | BP14: I71 DDV quebrado | BQ14: =IF(AND(BR14<1,BS14<1),"Produção e Intervalo",IF(BR14<1,"Intervalo",IF(BS14<1,"Produção","Aderente"))) -> Produção e Intervalo | BR14: =IF(OR(B14="",F14=""),"*",AY14/P14) -> 0 | BS14: =IF(OR(B14="",F14=""),"*",BA14/Q14) -> 0 | BT14: =IF(BN14="","",SUBSTITUTE(BM14," ","")&SUBSTITUTE(BN14," ","")) -> AnomaliaMecânica
A15: =D15&B15 -> MARCOS (TF-520)46055 | B15: 46055 | C15: =IF(BS_CONTROLE[[#This Row],[DATA]]="","",WEEKNUM(BS_CONTROLE[[#This Row],[DATA]])) -> 6 | D15: MARCOS (TF-520) | E15: 8 | F15: PDM - SOLDA | G15: =IF(D15="","*",VLOOKUP(F15,BS_ATIVIDADE[#All],3,FALSE)) -> SOLDA | H15: {=_xlfn.XLOOKUP( 1, ( TabelaMap[SUB] = BS_CONTROLE[[#This Row],[SUB]]) * ( TabelaMap[KM Inicio] <= BS_CONTROLE[[#This Row],[KM - Inicio]]) * ( TabelaMap[KM Fim] >= BS_CONTROLE[[#This Row],[KM - Inicio]]), TabelaMap[SB], "-", 0 )} -> TVI239 | I15: - | J15: 74 | K15: 234.5 | L15: - | M15: {=_xlfn.XLOOKUP( 1, ( TabelaMap[SUB] = BS_CONTROLE[[#This Row],[SUB]]) * ( TabelaMap[KM Inicio] <= BS_CONTROLE[[#This Row],[KM - Inicio]]) * ( TabelaMap[KM Fim] >= BS_CONTROLE[[#This Row],[KM - Inicio]]), TabelaMap[Trecho], "-", 0 )} -> TVI-TJA | N15: {=_xlfn.XLOOKUP( 1, ( TabelaMap[SUB] = BS_CONTROLE[[#This Row],[SUB]]) * ( TabelaMap[KM Inicio] <= BS_CONTROLE[[#This Row],[KM - Inicio]]) * ( TabelaMap[KM Fim] >= BS_CONTROLE[[#This Row],[KM - Inicio]]), TabelaMap[SB], "-", 0 )} -> TVI239 | O15: 0.375 | P15: 0.125 | Q15: 2 | R15: =IFERROR(_xlfn.XLOOKUP(F15, BS_ATIVIDADE[ATIVIDADE],BS_ATIVIDADE[UNIDADE] ), "*") -> Nº DE SOLDA | S15: {=_xlfn.XLOOKUP( 1, ( TabelaMap[SUB] = BS_CONTROLE[[#This Row],[SUB]]) * ( TabelaMap[KM Inicio] <= BS_CONTROLE[[#This Row],[KM - Inicio]]) * ( TabelaMap[KM Fim] >= BS_CONTROLE[[#This Row],[KM - Inicio]]), TabelaMap[Gerência], "-", 0 )} -> FERRONORTE | T15: {=_xlfn.XLOOKUP( 1, ( TabelaMap[SUB] = BS_CONTROLE[[#This Row],[SUB]]) * ( TabelaMap[KM Inicio] <= BS_CONTROLE[[#This Row],[KM - Inicio]]) * ( TabelaMap[KM Fim] >= BS_CONTROLE[[#This Row],[KM - Inicio]]), TabelaMap[Trecho Coordenação], "-", 0 )} -> TMI-TCS | U15: =IFERROR(_xlfn.XLOOKUP(J15, BASE_MAPA!$B$2:$B$420, BASE_MAPA!$G$2:$G$420), "ERRO") -> MARCO INICIAL - ALTO ARAGUAIA | V15: Herbert | W15: Execução de solda | X15: Contrato | AI15: =IF(BS_CONTROLE[[#This Row],[Atividade]]=0, "-", BS_CONTROLE[[#This Row],[Atividade]]) -> PDM - SOLDA | AJ15: =IF(D15="","*",VLOOKUP(AI15,BS_ATIVIDADE[#Data],3,FALSE)) -> SOLDA | AK15: =IF(BS_CONTROLE[[#This Row],[Local - Partida]]=0, "-", BS_CONTROLE[[#This Row],[Local - Partida]]) -> TVI239 | AL15: =IF(BS_CONTROLE[[#This Row],[Local - Encerramento]]=0, "-", BS_CONTROLE[[#This Row],[Local - Encerramento]]) -> - | AM15: =IF(BS_CONTROLE[[#This Row],[Entre - Estações]]=0, "-", BS_CONTROLE[[#This Row],[Entre - Estações]]) -> TVI-TJA | AN15: =IF(BS_CONTROLE[[#This Row],[SB]]=0, "-", BS_CONTROLE[[#This Row],[SB]]) -> TVI239 | AO15: =IF(BS_CONTROLE[[#This Row],[SUB]]=0, "-", BS_CONTROLE[[#This Row],[SUB]]) -> 74 | AP15: =IF(BS_CONTROLE[[#This Row],[KM - Inicio]]=0, "-", BS_CONTROLE[[#This Row],[KM - Inicio]]) -> 234.5 | AQ15: =IF(BS_CONTROLE[[#This Row],[KM - Fim]]=0, "-", BS_CONTROLE[[#This Row],[KM - Fim]]) -> - | AR15: 0.33333333 | AS15: 0.49722222 | AT15: 0.62222222 | AY15: =IF(D15="","*",IFERROR(IF(ISODD(COUNT(AS15:AX17)),"ERRO",SUM((AT15-AS15),(AV15-AU15),(AX15-AW15))),"ERRO")) -> 0.125 | BA15: 2 | BB15: =IFERROR(_xlfn.XLOOKUP(AI15, BS_ATIVIDADE[ATIVIDADE],BS_ATIVIDADE[UNIDADE] ), "*") -> Nº DE SOLDA | BC15: {=_xlfn.XLOOKUP( 1, ( TabelaMap[SUB] = BS_CONTROLE[[#This Row],[SUB]]) * ( TabelaMap[KM Inicio] <= BS_CONTROLE[[#This Row],[KM - Inicio]]) * ( TabelaMap[KM Fim] >= BS_CONTROLE[[#This Row],[KM - Inicio]]), TabelaMap[Gerência], "-", 0 )} -> FERRONORTE | BD15: {=_xlfn.XLOOKUP( 1, ( TabelaMap[SUB] = BS_CONTROLE[[#This Row],[SUB_5]]) * ( TabelaMap[KM Inicio] <= BS_CONTROLE[[#This Row],[KM - Inicio]]) * ( TabelaMap[KM Fim] >= BS_CONTROLE[[#This Row],[KM - Inicio]]), TabelaMap[Trecho Coordenação], "-", 0 )} -> TMI-TCS | BE15: =IFERROR(_xlfn.XLOOKUP(AO15, BASE_MAPA!$B$2:$B$420, BASE_MAPA!$G$2:$G$420), "ERRO") -> MARCO INICIAL - ALTO ARAGUAIA | BF15: =IF(BS_CONTROLE[[#This Row],[Responsavel pelo boletim]]=0, "-", BS_CONTROLE[[#This Row],[Responsavel pelo boletim]]) -> Herbert | BH15: 2 | BJ15: Equipe no local, sem condições climáticas para atividade, em intervalo 11:56 | BK15: Em intervalo 11:56 até 13:56, realizou 2 soldas | BM15: OK | BN15: OK | BO15: OK | BP15: - | BQ15: =IF(AND(BR15<1,BS15<1),"Produção e Intervalo",IF(BR15<1,"Intervalo",IF(BS15<1,"Produção","Aderente"))) -> Aderente | BR15: =IF(OR(B15="",F15=""),"*",AY15/P15) -> 1 | BS15: =IF(OR(B15="",F15=""),"*",BA15/Q15) -> 1 | BT15: =IF(BN15="","",SUBSTITUTE(BM15," ","")&SUBSTITUTE(BN15," ","")) -> OKOK
A16: =D16&B16 -> CARLOS NEVES (TP-521)46055 | B16: 46055 | C16: =IF(BS_CONTROLE[[#This Row],[DATA]]="","",WEEKNUM(BS_CONTROLE[[#This Row],[DATA]])) -> 6 | D16: CARLOS NEVES (TP-521) | E16: 9 | F16: PDM - SUBSTITUIÇÃO - TRILHO | G16: =IF(D16="","*",VLOOKUP(F16,BS_ATIVIDADE[#All],3,FALSE)) -> TRILHO - SUBSTITUIÇÂO | H16: - | I16: - | J16: 101 | K16: 1494 | L16: - | M16: {=_xlfn.XLOOKUP( 1, ( TabelaMap[SUB] = BS_CONTROLE[[#This Row],[SUB]]) * ( TabelaMap[KM Inicio] <= BS_CONTROLE[[#This Row],[KM - Inicio]]) * ( TabelaMap[KM Fim] >= BS_CONTROLE[[#This Row],[KM - Inicio]]), TabelaMap[Trecho], "-", 0 )} -> PJA-POV | N16: {=_xlfn.XLOOKUP( 1, ( TabelaMap[SUB] = BS_CONTROLE[[#This Row],[SUB]]) * ( TabelaMap[KM Inicio] <= BS_CONTROLE[[#This Row],[KM - Inicio]]) * ( TabelaMap[KM Fim] >= BS_CONTROLE[[#This Row],[KM - Inicio]]), TabelaMap[SB], "-", 0 )} -> POVPJA | O16: 0.45833333 | P16: 0.083333333 | Q16: 8 | R16: =IFERROR(_xlfn.XLOOKUP(F16, BS_ATIVIDADE[ATIVIDADE],BS_ATIVIDADE[UNIDADE] ), "*") -> M | S16: {=_xlfn.XLOOKUP( 1, ( TabelaMap[SUB] = BS_CONTROLE[[#This Row],[SUB]]) * ( TabelaMap[KM Inicio] <= BS_CONTROLE[[#This Row],[KM - Inicio]]) * ( TabelaMap[KM Fim] >= BS_CONTROLE[[#This Row],[KM - Inicio]]), TabelaMap[Gerência], "-", 0 )} -> MALHA CENTRAL | T16: {=_xlfn.XLOOKUP( 1, ( TabelaMap[SUB] = BS_CONTROLE[[#This Row],[SUB]]) * ( TabelaMap[KM Inicio] <= BS_CONTROLE[[#This Row],[KM - Inicio]]) * ( TabelaMap[KM Fim] >= BS_CONTROLE[[#This Row],[KM - Inicio]]), TabelaMap[Trecho Coordenação], "-", 0 )} -> PPN-POV | U16: =IFERROR(_xlfn.XLOOKUP(J16, BASE_MAPA!$B$2:$B$420, BASE_MAPA!$G$2:$G$420), "ERRO") -> PORTO NACIONAL - OURO VERDE | V16: Carlos | W16: Substituição de trilho | X16: Extra | AA16: - | AB16: - | AC16: - | AD16: - | AE16: - | AF16: - | AG16: - | AI16: =IF(BS_CONTROLE[[#This Row],[Atividade]]=0, "-", BS_CONTROLE[[#This Row],[Atividade]]) -> PDM - SUBSTITUIÇÃO - TRILHO | AJ16: =IF(D16="","*",VLOOKUP(AI16,BS_ATIVIDADE[#Data],3,FALSE)) -> TRILHO - SUBSTITUIÇÂO | AK16: =IF(BS_CONTROLE[[#This Row],[Local - Partida]]=0, "-", BS_CONTROLE[[#This Row],[Local - Partida]]) -> - | AL16: =IF(BS_CONTROLE[[#This Row],[Local - Encerramento]]=0, "-", BS_CONTROLE[[#This Row],[Local - Encerramento]]) -> - | AM16: =IF(BS_CONTROLE[[#This Row],[Entre - Estações]]=0, "-", BS_CONTROLE[[#This Row],[Entre - Estações]]) -> PJA-POV | AN16: =IF(BS_CONTROLE[[#This Row],[SB]]=0, "-", BS_CONTROLE[[#This Row],[SB]]) -> POVPJA | AO16: =IF(BS_CONTROLE[[#This Row],[SUB]]=0, "-", BS_CONTROLE[[#This Row],[SUB]]) -> 101 | AP16: =IF(BS_CONTROLE[[#This Row],[KM - Inicio]]=0, "-", BS_CONTROLE[[#This Row],[KM - Inicio]]) -> 1494 | AQ16: =IF(BS_CONTROLE[[#This Row],[KM - Fim]]=0, "-", BS_CONTROLE[[#This Row],[KM - Fim]]) -> - | AR16: 0.45833333 | AS16: 0.49513889 | AT16: 0.57847222 | AY16: =IF(D16="","*",IFERROR(IF(ISODD(COUNT(AS16:AX18)),"ERRO",SUM((AT16-AS16),(AV16-AU16),(AX16-AW16))),"ERRO")) -> 0.083333333 | BA16: 8 | BB16: =IFERROR(_xlfn.XLOOKUP(AI16, BS_ATIVIDADE[ATIVIDADE],BS_ATIVIDADE[UNIDADE] ), "*") -> M | BC16: {=_xlfn.XLOOKUP( 1, ( TabelaMap[SUB] = BS_CONTROLE[[#This Row],[SUB]]) * ( TabelaMap[KM Inicio] <= BS_CONTROLE[[#This Row],[KM - Inicio]]) * ( TabelaMap[KM Fim] >= BS_CONTROLE[[#This Row],[KM - Inicio]]), TabelaMap[Gerência], "-", 0 )} -> MALHA CENTRAL | BD16: {=_xlfn.XLOOKUP( 1, ( TabelaMap[SUB] = BS_CONTROLE[[#This Row],[SUB_5]]) * ( TabelaMap[KM Inicio] <= BS_CONTROLE[[#This Row],[KM - Inicio]]) * ( TabelaMap[KM Fim] >= BS_CONTROLE[[#This Row],[KM - Inicio]]), TabelaMap[Trecho Coordenação], "-", 0 )} -> PPN-POV | BE16: =IFERROR(_xlfn.XLOOKUP(AO16, BASE_MAPA!$B$2:$B$420, BASE_MAPA!$G$2:$G$420), "ERRO") -> PORTO NACIONAL - OURO VERDE | BF16: =IF(BS_CONTROLE[[#This Row],[Responsavel pelo boletim]]=0, "-", BS_CONTROLE[[#This Row],[Responsavel pelo boletim]]) -> Carlos | BH16: 2 | BK16: Em intervalo 11:53, realizou a substituição de 8m de trilho | BM16: OK | BN16: OK | BO16: OK | BP16: - | BQ16: =IF(AND(BR16<1,BS16<1),"Produção e Intervalo",IF(BR16<1,"Intervalo",IF(BS16<1,"Produção","Aderente"))) -> Aderente | BR16: =IF(OR(B16="",F16=""),"*",AY16/P16) -> 1 | BS16: =IF(OR(B16="",F16=""),"*",BA16/Q16) -> 1 | BT16: =IF(BN16="","",SUBSTITUTE(BM16," ","")&SUBSTITUTE(BN16," ","")) -> OKOK
A17: =D17&B17 -> V8646056 | B17: 46056 | C17: =IF(BS_CONTROLE[[#This Row],[DATA]]="","",WEEKNUM(BS_CONTROLE[[#This Row],[DATA]])) -> 6 | D17: V86 | E17: 2 | F17: MECANIZAÇÃO - SOCADORA | G17: =IF(D17="","*",VLOOKUP(F17,BS_ATIVIDADE[#All],3,FALSE)) -> MECANIZAÇÃO - SOCADORA | H17: TSF | I17: TSF | J17: 98 | K17: 723 | L17: 720 | M17: {=_xlfn.XLOOKUP( 1, ( TabelaMap[SUB] = BS_CONTROLE[[#This Row],[SUB]]) * ( TabelaMap[KM Inicio] <= BS_CONTROLE[[#This Row],[KM - Inicio]]) * ( TabelaMap[KM Fim] >= BS_CONTROLE[[#This Row],[KM - Inicio]]), TabelaMap[Trecho], "-", 0 )} -> TSF-TEX | N17: TSF732/TSFPAT1 | O17: 0.4375 | P17: 0.125 | Q17: 1120 | R17: =IFERROR(_xlfn.XLOOKUP(F17, BS_ATIVIDADE[ATIVIDADE],BS_ATIVIDADE[UNIDADE] ), "*") -> M | S17: {=_xlfn.XLOOKUP( 1, ( TabelaMap[SUB] = BS_CONTROLE[[#This Row],[SUB]]) * ( TabelaMap[KM Inicio] <= BS_CONTROLE[[#This Row],[KM - Inicio]]) * ( TabelaMap[KM Fim] >= BS_CONTROLE[[#This Row],[KM - Inicio]]), TabelaMap[Gerência], "-", 0 )} -> FERRONORTE | T17: {=_xlfn.XLOOKUP( 1, ( TabelaMap[SUB] = BS_CONTROLE[[#This Row],[SUB]]) * ( TabelaMap[KM Inicio] <= BS_CONTROLE[[#This Row],[KM - Inicio]]) * ( TabelaMap[KM Fim] >= BS_CONTROLE[[#This Row],[KM - Inicio]]), TabelaMap[Trecho Coordenação], "-", 0 )} -> TGR-TRO | U17: =IFERROR(_xlfn.XLOOKUP(J17, BASE_MAPA!$B$2:$B$420, BASE_MAPA!$G$2:$G$420), "ERRO") -> ALTO ARAGUAIA - RONDONOPOLIS | V17: Antonioni | W17: Socaria mecanizada | X17: Contrato | Y17: SIM | AA17: 1 | AB17: FIXO | AD17: 0.29166667 | AE17: 6636 | AF17: 6236 | AG17: - | AI17: =IF(BS_CONTROLE[[#This Row],[Atividade]]=0, "-", BS_CONTROLE[[#This Row],[Atividade]]) -> MECANIZAÇÃO - SOCADORA | AJ17: =IF(D17="","*",VLOOKUP(AI17,BS_ATIVIDADE[#Data],3,FALSE)) -> MECANIZAÇÃO - SOCADORA | AK17: =IF(BS_CONTROLE[[#This Row],[Local - Partida]]=0, "-", BS_CONTROLE[[#This Row],[Local - Partida]]) -> TSF | AL17: =IF(BS_CONTROLE[[#This Row],[Local - Encerramento]]=0, "-", BS_CONTROLE[[#This Row],[Local - Encerramento]]) -> TSF | AM17: =IF(BS_CONTROLE[[#This Row],[Entre - Estações]]=0, "-", BS_CONTROLE[[#This Row],[Entre - Estações]]) -> TSF-TEX | AN17: =IF(BS_CONTROLE[[#This Row],[SB]]=0, "-", BS_CONTROLE[[#This Row],[SB]]) -> TSF732/TSFPAT1 | AO17: =IF(BS_CONTROLE[[#This Row],[SUB]]=0, "-", BS_CONTROLE[[#This Row],[SUB]]) -> 98 | AP17: =IF(BS_CONTROLE[[#This Row],[KM - Inicio]]=0, "-", BS_CONTROLE[[#This Row],[KM - Inicio]]) -> 723 | AQ17: =IF(BS_CONTROLE[[#This Row],[KM - Fim]]=0, "-", BS_CONTROLE[[#This Row],[KM - Fim]]) -> 720 | AR17: 0.39236111 | AS17: 0 | AT17: 0 | AY17: =IF(D17="","*",IFERROR(IF(ISODD(COUNT(AS17:AX19)),"ERRO",SUM((AT17-AS17),(AV17-AU17),(AX17-AW17))),"ERRO")) -> 0 | BA17: 0 | BB17: =IFERROR(_xlfn.XLOOKUP(AI17, BS_ATIVIDADE[ATIVIDADE],BS_ATIVIDADE[UNIDADE] ), "*") -> M | BC17: {=_xlfn.XLOOKUP( 1, ( TabelaMap[SUB] = BS_CONTROLE[[#This Row],[SUB]]) * ( TabelaMap[KM Inicio] <= BS_CONTROLE[[#This Row],[KM - Inicio]]) * ( TabelaMap[KM Fim] >= BS_CONTROLE[[#This Row],[KM - Inicio]]), TabelaMap[Gerência], "-", 0 )} -> FERRONORTE | BD17: {=_xlfn.XLOOKUP( 1, ( TabelaMap[SUB] = BS_CONTROLE[[#This Row],[SUB_5]]) * ( TabelaMap[KM Inicio] <= BS_CONTROLE[[#This Row],[KM - Inicio]]) * ( TabelaMap[KM Fim] >= BS_CONTROLE[[#This Row],[KM - Inicio]]), TabelaMap[Trecho Coordenação], "-", 0 )} -> TGR-TRO | BE17: =IFERROR(_xlfn.XLOOKUP(AO17, BASE_MAPA!$B$2:$B$420, BASE_MAPA!$G$2:$G$420), "ERRO") -> ALTO ARAGUAIA - RONDONOPOLIS | BF17: =IF(BS_CONTROLE[[#This Row],[Responsavel pelo boletim]]=0, "-", BS_CONTROLE[[#This Row],[Responsavel pelo boletim]]) -> Antonioni | BH17: 0 | BJ17: MC1 as 09:25 - MC1 negada | BK17: MC1 as 09:25 - MC1 negada | BM17: CCO Circulação | BN17: Intervalo Contrato | BO17: Fluxo intenso de trens | BP17: - | BQ17: =IF(AND(BR17<1,BS17<1),"Produção e Intervalo",IF(BR17<1,"Intervalo",IF(BS17<1,"Produção","Aderente"))) -> Produção e Intervalo | BR17: =IF(OR(B17="",F17=""),"*",AY17/P17) -> 0 | BS17: =IF(OR(B17="",F17=""),"*",BA17/Q17) -> 0 | BT17: =IF(BN17="","",SUBSTITUTE(BM17," ","")&SUBSTITUTE(BN17," ","")) -> CCOCirculaçãoIntervaloContrato
A18: =D18&B18 -> W7046056 | B18: 46056 | C18: =IF(BS_CONTROLE[[#This Row],[DATA]]="","",WEEKNUM(BS_CONTROLE[[#This Row],[DATA]])) -> 6 | D18: W70 | E18: 3 | F18: PDM - PEDRA - DESCARGA | G18: =IF(D18="","*",VLOOKUP(F18,BS_ATIVIDADE[#All],3,FALSE)) -> PEDRA | H18: 752RVD | I18: TGR2 | J18: 98 | K18: 700 | L18: 703 | M18: {=_xlfn.XLOOKUP( 1, ( TabelaMap[SUB] = BS_CONTROLE[[#This Row],[SUB]]) * ( TabelaMap[KM Inicio] <= BS_CONTROLE[[#This Row],[KM - Inicio]]) * ( TabelaMap[KM Fim] >= BS_CONTROLE[[#This Row],[KM - Inicio]]), TabelaMap[Trecho], "-", 0 )} -> TAL-TSF | N18: {=_xlfn.XLOOKUP( 1, ( TabelaMap[SUB] = BS_CONTROLE[[#This Row],[SUB]]) * ( TabelaMap[KM Inicio] <= BS_CONTROLE[[#This Row],[KM - Inicio]]) * ( TabelaMap[KM Fim] >= BS_CONTROLE[[#This Row],[KM - Inicio]]), TabelaMap[SB], "-", 0 )} -> 699710 | O18: 0.41666667 | P18: 0.125 | Q18: 27 | R18: =IFERROR(_xlfn.XLOOKUP(F18, BS_ATIVIDADE[ATIVIDADE],BS_ATIVIDADE[UNIDADE] ), "*") -> VAGÕES | S18: {=_xlfn.XLOOKUP( 1, ( TabelaMap[SUB] = BS_CONTROLE[[#This Row],[SUB]]) * ( TabelaMap[KM Inicio] <= BS_CONTROLE[[#This Row],[KM - Inicio]]) * ( TabelaMap[KM Fim] >= BS_CONTROLE[[#This Row],[KM - Inicio]]), TabelaMap[Gerência], "-", 0 )} -> FERRONORTE | T18: {=_xlfn.XLOOKUP( 1, ( TabelaMap[SUB] = BS_CONTROLE[[#This Row],[SUB]]) * ( TabelaMap[KM Inicio] <= BS_CONTROLE[[#This Row],[KM - Inicio]]) * ( TabelaMap[KM Fim] >= BS_CONTROLE[[#This Row],[KM - Inicio]]), TabelaMap[Trecho Coordenação], "-", 0 )} -> TGR-TRO | U18: =IFERROR(_xlfn.XLOOKUP(J18, BASE_MAPA!$B$2:$B$420, BASE_MAPA!$G$2:$G$420), "ERRO") -> ALTO ARAGUAIA - RONDONOPOLIS | V18: Camila | W18: Descarga de pedra | X18: Oportunidade | Y18: OPORTUNIDADE | AA18: 2 Enio + Daniel | AB18: FIXO | AD18: 0.29166667 | AE18: 7632 | AF18: 9292 | AI18: DESLOCAMENTO | AJ18: =IF(D18="","*",VLOOKUP(AI18,BS_ATIVIDADE[#Data],3,FALSE)) -> OUTROS | AK18: =IF(BS_CONTROLE[[#This Row],[Local - Partida]]=0, "-", BS_CONTROLE[[#This Row],[Local - Partida]]) -> 752RVD | AL18: =IF(BS_CONTROLE[[#This Row],[Local - Encerramento]]=0, "-", BS_CONTROLE[[#This Row],[Local - Encerramento]]) -> TGR2 | AM18: =IF(BS_CONTROLE[[#This Row],[Entre - Estações]]=0, "-", BS_CONTROLE[[#This Row],[Entre - Estações]]) -> TAL-TSF | AN18: =IF(BS_CONTROLE[[#This Row],[SB]]=0, "-", BS_CONTROLE[[#This Row],[SB]]) -> 699710 | AO18: =IF(BS_CONTROLE[[#This Row],[SUB]]=0, "-", BS_CONTROLE[[#This Row],[SUB]]) -> 98 | AP18: =IF(BS_CONTROLE[[#This Row],[KM - Inicio]]=0, "-", BS_CONTROLE[[#This Row],[KM - Inicio]]) -> 700 | AQ18: =IF(BS_CONTROLE[[#This Row],[KM - Fim]]=0, "-", BS_CONTROLE[[#This Row],[KM - Fim]]) -> 703 | AR18: 0.4375 | AS18: 0.46527778 | AT18: 0.50694444 | AY18: =IF(D18="","*",IFERROR(IF(ISODD(COUNT(AS18:AX20)),"ERRO",SUM((AT18-AS18),(AV18-AU18),(AX18-AW18))),"ERRO")) -> 0.041666667 | BA18: 1 | BB18: =IFERROR(_xlfn.XLOOKUP(AI18, BS_ATIVIDADE[ATIVIDADE],BS_ATIVIDADE[UNIDADE] ), "*") -> BINÁRIO | BC18: {=_xlfn.XLOOKUP( 1, ( TabelaMap[SUB] = BS_CONTROLE[[#This Row],[SUB]]) * ( TabelaMap[KM Inicio] <= BS_CONTROLE[[#This Row],[KM - Inicio]]) * ( TabelaMap[KM Fim] >= BS_CONTROLE[[#This Row],[KM - Inicio]]), TabelaMap[Gerência], "-", 0 )} -> FERRONORTE | BD18: {=_xlfn.XLOOKUP( 1, ( TabelaMap[SUB] = BS_CONTROLE[[#This Row],[SUB_5]]) * ( TabelaMap[KM Inicio] <= BS_CONTROLE[[#This Row],[KM - Inicio]]) * ( TabelaMap[KM Fim] >= BS_CONTROLE[[#This Row],[KM - Inicio]]), TabelaMap[Trecho Coordenação], "-", 0 )} -> TGR-TRO | BE18: =IFERROR(_xlfn.XLOOKUP(AO18, BASE_MAPA!$B$2:$B$420, BASE_MAPA!$G$2:$G$420), "ERRO") -> ALTO ARAGUAIA - RONDONOPOLIS | BF18: =IF(BS_CONTROLE[[#This Row],[Responsavel pelo boletim]]=0, "-", BS_CONTROLE[[#This Row],[Responsavel pelo boletim]]) -> Camila | BH18: 2 | BJ18: MC1 as 10:30 - Intervalo de descarga cancelado pelo CCO - Licença as 11:10h para deslocar | BK18: Licença as 11:10h - deslocando para TIQ | BM18: CCO Circulação | BN18: Intervalo Oportunidade | BO18: Sem oportunidade | BQ18: =IF(AND(BR18<1,BS18<1),"Produção e Intervalo",IF(BR18<1,"Intervalo",IF(BS18<1,"Produção","Aderente"))) -> Produção e Intervalo | BR18: =IF(OR(B18="",F18=""),"*",AY18/P18) -> 0.33333333 | BS18: =IF(OR(B18="",F18=""),"*",BA18/Q18) -> 0.037037037 | BT18: =IF(BN18="","",SUBSTITUTE(BM18," ","")&SUBSTITUTE(BN18," ","")) -> CCOCirculaçãoIntervaloOportunidade
A19: =D19&B19 -> FRANCISCO (TF-19)46056 | B19: 46056 | C19: =IF(BS_CONTROLE[[#This Row],[DATA]]="","",WEEKNUM(BS_CONTROLE[[#This Row],[DATA]])) -> 6 | D19: FRANCISCO (TF-19) | E19: 4 | F19: PDM - AMV - MEIA CHAVE | G19: =IF(D19="","*",VLOOKUP(F19,BS_ATIVIDADE[#All],3,FALSE)) -> AMV | H19: TBSNORTE | I19: - | J19: 98 | K19: 662.313 | L19: - | M19: TBS-S | N19: TBSS | O19: 0.375 | P19: 0.125 | Q19: 1 | R19: =IFERROR(_xlfn.XLOOKUP(F19, BS_ATIVIDADE[ATIVIDADE],BS_ATIVIDADE[UNIDADE] ), "*") -> Nº DE PEÇAS | S19: {=_xlfn.XLOOKUP( 1, ( TabelaMap[SUB] = BS_CONTROLE[[#This Row],[SUB]]) * ( TabelaMap[KM Inicio] <= BS_CONTROLE[[#This Row],[KM - Inicio]]) * ( TabelaMap[KM Fim] >= BS_CONTROLE[[#This Row],[KM - Inicio]]), TabelaMap[Gerência], "-", 0 )} -> FERRONORTE | T19: {=_xlfn.XLOOKUP( 1, ( TabelaMap[SUB] = BS_CONTROLE[[#This Row],[SUB]]) * ( TabelaMap[KM Inicio] <= BS_CONTROLE[[#This Row],[KM - Inicio]]) * ( TabelaMap[KM Fim] >= BS_CONTROLE[[#This Row],[KM - Inicio]]), TabelaMap[Trecho Coordenação], "-", 0 )} -> TGR-TRO | U19: =IFERROR(_xlfn.XLOOKUP(J19, BASE_MAPA!$B$2:$B$420, BASE_MAPA!$G$2:$G$420), "ERRO") -> ALTO ARAGUAIA - RONDONOPOLIS | V19: Francisco | W19: Substituição de meia chave de TBS-Sul | X19: Oportunidade | Y19: OPORTUNIDADE | AA19: - | AB19: - | AC19: - | AD19: - | AE19: - | AF19: - | AG19: - | AI19: =IF(BS_CONTROLE[[#This Row],[Atividade]]=0, "-", BS_CONTROLE[[#This Row],[Atividade]]) -> PDM - AMV - MEIA CHAVE | AJ19: =IF(D19="","*",VLOOKUP(AI19,BS_ATIVIDADE[#Data],3,FALSE)) -> AMV | AK19: =IF(BS_CONTROLE[[#This Row],[Local - Partida]]=0, "-", BS_CONTROLE[[#This Row],[Local - Partida]]) -> TBSNORTE | AL19: =IF(BS_CONTROLE[[#This Row],[Local - Encerramento]]=0, "-", BS_CONTROLE[[#This Row],[Local - Encerramento]]) -> - | AM19: =IF(BS_CONTROLE[[#This Row],[Entre - Estações]]=0, "-", BS_CONTROLE[[#This Row],[Entre - Estações]]) -> TBS-S | AN19: =IF(BS_CONTROLE[[#This Row],[SB]]=0, "-", BS_CONTROLE[[#This Row],[SB]]) -> TBSS | AO19: =IF(BS_CONTROLE[[#This Row],[SUB]]=0, "-", BS_CONTROLE[[#This Row],[SUB]]) -> 98 | AP19: =IF(BS_CONTROLE[[#This Row],[KM - Inicio]]=0, "-", BS_CONTROLE[[#This Row],[KM - Inicio]]) -> 662.313 | AQ19: =IF(BS_CONTROLE[[#This Row],[KM - Fim]]=0, "-", BS_CONTROLE[[#This Row],[KM - Fim]]) -> - | AR19: 0.41666667 | AS19: 0.50694444 | AT19: 0.66805556 | AY19: =IF(D19="","*",IFERROR(IF(ISODD(COUNT(AS19:AX21)),"ERRO",SUM((AT19-AS19),(AV19-AU19),(AX19-AW19))),"ERRO")) -> 0.16111111 | BA19: 1 | BB19: =IFERROR(_xlfn.XLOOKUP(AI19, BS_ATIVIDADE[ATIVIDADE],BS_ATIVIDADE[UNIDADE] ), "*") -> Nº DE PEÇAS | BC19: {=_xlfn.XLOOKUP( 1, ( TabelaMap[SUB] = BS_CONTROLE[[#This Row],[SUB]]) * ( TabelaMap[KM Inicio] <= BS_CONTROLE[[#This Row],[KM - Inicio]]) * ( TabelaMap[KM Fim] >= BS_CONTROLE[[#This Row],[KM - Inicio]]), TabelaMap[Gerência], "-", 0 )} -> FERRONORTE | BD19: {=_xlfn.XLOOKUP( 1, ( TabelaMap[SUB] = BS_CONTROLE[[#This Row],[SUB_5]]) * ( TabelaMap[KM Inicio] <= BS_CONTROLE[[#This Row],[KM - Inicio]]) * ( TabelaMap[KM Fim] >= BS_CONTROLE[[#This Row],[KM - Inicio]]), TabelaMap[Trecho Coordenação], "-", 0 )} -> TGR-TRO | BE19: =IFERROR(_xlfn.XLOOKUP(AO19, BASE_MAPA!$B$2:$B$420, BASE_MAPA!$G$2:$G$420), "ERRO") -> ALTO ARAGUAIA - RONDONOPOLIS | BF19: =IF(BS_CONTROLE[[#This Row],[Responsavel pelo boletim]]=0, "-", BS_CONTROLE[[#This Row],[Responsavel pelo boletim]]) -> Francisco | BH19: 2 | BJ19: Equipe pronta as 10h, faixa após I29 as 11:40 | BK19: Intervalo das 12:10h as 14:10h | BM19: OK | BN19: OK | BO19: OK | BP19: - | BQ19: =IF(AND(BR19<1,BS19<1),"Produção e Intervalo",IF(BR19<1,"Intervalo",IF(BS19<1,"Produção","Aderente"))) -> Aderente | BR19: =IF(OR(B19="",F19=""),"*",AY19/P19) -> 1.2888889 | BS19: =IF(OR(B19="",F19=""),"*",BA19/Q19) -> 1 | BT19: =IF(BN19="","",SUBSTITUTE(BM19," ","")&SUBSTITUTE(BN19," ","")) -> OKOK
A20: =D20&B20 -> BRUNO (TF-525)46056 | B20: 46056 | C20: =IF(BS_CONTROLE[[#This Row],[DATA]]="","",WEEKNUM(BS_CONTROLE[[#This Row],[DATA]])) -> 6 | D20: BRUNO (TF-525) | E20: 5 | F20: PDM - SOLDA | G20: =IF(D20="","*",VLOOKUP(F20,BS_ATIVIDADE[#All],3,FALSE)) -> SOLDA | H20: {=_xlfn.XLOOKUP( 1, ( TabelaMap[SUB] = BS_CONTROLE[[#This Row],[SUB]]) * ( TabelaMap[KM Inicio] <= BS_CONTROLE[[#This Row],[KM - Inicio]]) * ( TabelaMap[KM Fim] >= BS_CONTROLE[[#This Row],[KM - Inicio]]), TabelaMap[SB], "-", 0 )} -> 539TRM | I20: - | J20: 98 | K20: 548.145 | L20: - | M20: {=_xlfn.XLOOKUP( 1, ( TabelaMap[SUB] = BS_CONTROLE[[#This Row],[SUB]]) * ( TabelaMap[KM Inicio] <= BS_CONTROLE[[#This Row],[KM - Inicio]]) * ( TabelaMap[KM Fim] >= BS_CONTROLE[[#This Row],[KM - Inicio]]), TabelaMap[Trecho], "-", 0 )} -> TBE-TRM | N20: {=_xlfn.XLOOKUP( 1, ( TabelaMap[SUB] = BS_CONTROLE[[#This Row],[SUB]]) * ( TabelaMap[KM Inicio] <= BS_CONTROLE[[#This Row],[KM - Inicio]]) * ( TabelaMap[KM Fim] >= BS_CONTROLE[[#This Row],[KM - Inicio]]), TabelaMap[SB], "-", 0 )} -> 539TRM | O20: 0.375 | P20: 0.125 | Q20: 2 | R20: =IFERROR(_xlfn.XLOOKUP(F20, BS_ATIVIDADE[ATIVIDADE],BS_ATIVIDADE[UNIDADE] ), "*") -> Nº DE SOLDA | S20: {=_xlfn.XLOOKUP( 1, ( TabelaMap[SUB] = BS_CONTROLE[[#This Row],[SUB]]) * ( TabelaMap[KM Inicio] <= BS_CONTROLE[[#This Row],[KM - Inicio]]) * ( TabelaMap[KM Fim] >= BS_CONTROLE[[#This Row],[KM - Inicio]]), TabelaMap[Gerência], "-", 0 )} -> FERRONORTE | T20: {=_xlfn.XLOOKUP( 1, ( TabelaMap[SUB] = BS_CONTROLE[[#This Row],[SUB]]) * ( TabelaMap[KM Inicio] <= BS_CONTROLE[[#This Row],[KM - Inicio]]) * ( TabelaMap[KM Fim] >= BS_CONTROLE[[#This Row],[KM - Inicio]]), TabelaMap[Trecho Coordenação], "-", 0 )} -> TGR-TRO | U20: =IFERROR(_xlfn.XLOOKUP(J20, BASE_MAPA!$B$2:$B$420, BASE_MAPA!$G$2:$G$420), "ERRO") -> ALTO ARAGUAIA - RONDONOPOLIS | V20: Bruno | W20: Execução de solda - Condicionado a temperatura | X20: Contrato | Y20: SIM | AA20: - | AB20: - | AC20: - | AD20: - | AE20: - | AF20: - | AG20: - | AI20: =IF(BS_CONTROLE[[#This Row],[Atividade]]=0, "-", BS_CONTROLE[[#This Row],[Atividade]]) -> PDM - SOLDA | AJ20: =IF(D20="","*",VLOOKUP(AI20,BS_ATIVIDADE[#Data],3,FALSE)) -> SOLDA | AK20: =IF(BS_CONTROLE[[#This Row],[Local - Partida]]=0, "-", BS_CONTROLE[[#This Row],[Local - Partida]]) -> 539TRM | AL20: =IF(BS_CONTROLE[[#This Row],[Local - Encerramento]]=0, "-", BS_CONTROLE[[#This Row],[Local - Encerramento]]) -> - | AM20: =IF(BS_CONTROLE[[#This Row],[Entre - Estações]]=0, "-", BS_CONTROLE[[#This Row],[Entre - Estações]]) -> TBE-TRM | AN20: =IF(BS_CONTROLE[[#This Row],[SB]]=0, "-", BS_CONTROLE[[#This Row],[SB]]) -> 539TRM | AO20: =IF(BS_CONTROLE[[#This Row],[SUB]]=0, "-", BS_CONTROLE[[#This Row],[SUB]]) -> 98 | AP20: =IF(BS_CONTROLE[[#This Row],[KM - Inicio]]=0, "-", BS_CONTROLE[[#This Row],[KM - Inicio]]) -> 548.145 | AQ20: =IF(BS_CONTROLE[[#This Row],[KM - Fim]]=0, "-", BS_CONTROLE[[#This Row],[KM - Fim]]) -> - | AR20: 0.45347222 | AS20: 0 | AT20: 0 | AY20: =IF(D20="","*",IFERROR(IF(ISODD(COUNT(AS20:AX22)),"ERRO",SUM((AT20-AS20),(AV20-AU20),(AX20-AW20))),"ERRO")) -> 0 | BA20: 0 | BB20: =IFERROR(_xlfn.XLOOKUP(AI20, BS_ATIVIDADE[ATIVIDADE],BS_ATIVIDADE[UNIDADE] ), "*") -> Nº DE SOLDA | BC20: {=_xlfn.XLOOKUP( 1, ( TabelaMap[SUB] = BS_CONTROLE[[#This Row],[SUB]]) * ( TabelaMap[KM Inicio] <= BS_CONTROLE[[#This Row],[KM - Inicio]]) * ( TabelaMap[KM Fim] >= BS_CONTROLE[[#This Row],[KM - Inicio]]), TabelaMap[Gerência], "-", 0 )} -> FERRONORTE | BD20: {=_xlfn.XLOOKUP( 1, ( TabelaMap[SUB] = BS_CONTROLE[[#This Row],[SUB_5]]) * ( TabelaMap[KM Inicio] <= BS_CONTROLE[[#This Row],[KM - Inicio]]) * ( TabelaMap[KM Fim] >= BS_CONTROLE[[#This Row],[KM - Inicio]]), TabelaMap[Trecho Coordenação], "-", 0 )} -> TGR-TRO | BE20: =IFERROR(_xlfn.XLOOKUP(AO20, BASE_MAPA!$B$2:$B$420, BASE_MAPA!$G$2:$G$420), "ERRO") -> ALTO ARAGUAIA - RONDONOPOLIS | BF20: =IF(BS_CONTROLE[[#This Row],[Responsavel pelo boletim]]=0, "-", BS_CONTROLE[[#This Row],[Responsavel pelo boletim]]) -> Bruno | BH20: 0 | BJ20: Pronto as 8h - oportunidade de faixa após I29 - não teve temperatura | BK20: Previsão de faxa após o T77 - Sem temperatura | BM20: Condições Climática | BN20: Temperatura | BO20: Temperatura Baixa | BP20: - | BQ20: =IF(AND(BR20<1,BS20<1),"Produção e Intervalo",IF(BR20<1,"Intervalo",IF(BS20<1,"Produção","Aderente"))) -> Produção e Intervalo | BR20: =IF(OR(B20="",F20=""),"*",AY20/P20) -> 0 | BS20: =IF(OR(B20="",F20=""),"*",BA20/Q20) -> 0 | BT20: =IF(BN20="","",SUBSTITUTE(BM20," ","")&SUBSTITUTE(BN20," ","")) -> CondiçõesClimáticaTemperatura
A21: =D21&B21 -> ELSON (TF-526)46056 | B21: 46056 | C21: =IF(BS_CONTROLE[[#This Row],[DATA]]="","",WEEKNUM(BS_CONTROLE[[#This Row],[DATA]])) -> 6 | D21: ELSON (TF-526) | E21: 6 | F21: PDM - SOLDA | G21: =IF(D21="","*",VLOOKUP(F21,BS_ATIVIDADE[#All],3,FALSE)) -> SOLDA | H21: 499TGR1 | I21: - | J21: 74 | K21: 498.9 | L21: - | M21: {=_xlfn.XLOOKUP( 1, ( TabelaMap[SUB] = BS_CONTROLE[[#This Row],[SUB]]) * ( TabelaMap[KM Inicio] <= BS_CONTROLE[[#This Row],[KM - Inicio]]) * ( TabelaMap[KM Fim] >= BS_CONTROLE[[#This Row],[KM - Inicio]]), TabelaMap[Trecho], "-", 0 )} -> TBR-TGR | N21: 499TGR2 | O21: 0.41666667 | P21: 0.125 | Q21: 2 | R21: =IFERROR(_xlfn.XLOOKUP(F21, BS_ATIVIDADE[ATIVIDADE],BS_ATIVIDADE[UNIDADE] ), "*") -> Nº DE SOLDA | S21: {=_xlfn.XLOOKUP( 1, ( TabelaMap[SUB] = BS_CONTROLE[[#This Row],[SUB]]) * ( TabelaMap[KM Inicio] <= BS_CONTROLE[[#This Row],[KM - Inicio]]) * ( TabelaMap[KM Fim] >= BS_CONTROLE[[#This Row],[KM - Inicio]]), TabelaMap[Gerência], "-", 0 )} -> FERRONORTE | T21: {=_xlfn.XLOOKUP( 1, ( TabelaMap[SUB] = BS_CONTROLE[[#This Row],[SUB]]) * ( TabelaMap[KM Inicio] <= BS_CONTROLE[[#This Row],[KM - Inicio]]) * ( TabelaMap[KM Fim] >= BS_CONTROLE[[#This Row],[KM - Inicio]]), TabelaMap[Trecho Coordenação], "-", 0 )} -> TCS-TGR | U21: =IFERROR(_xlfn.XLOOKUP(J21, BASE_MAPA!$B$2:$B$420, BASE_MAPA!$G$2:$G$420), "ERRO") -> MARCO INICIAL - ALTO ARAGUAIA | V21: Bruno | W21: Execução de solda - Condicionado a temperatura | X21: Contrato | Y21: SIM | AA21: - | AB21: - | AC21: - | AD21: - | AE21: - | AF21: - | AG21: - | AI21: =IF(BS_CONTROLE[[#This Row],[Atividade]]=0, "-", BS_CONTROLE[[#This Row],[Atividade]]) -> PDM - SOLDA | AJ21: =IF(D21="","*",VLOOKUP(AI21,BS_ATIVIDADE[#Data],3,FALSE)) -> SOLDA | AK21: =IF(BS_CONTROLE[[#This Row],[Local - Partida]]=0, "-", BS_CONTROLE[[#This Row],[Local - Partida]]) -> 499TGR1 | AL21: =IF(BS_CONTROLE[[#This Row],[Local - Encerramento]]=0, "-", BS_CONTROLE[[#This Row],[Local - Encerramento]]) -> - | AM21: =IF(BS_CONTROLE[[#This Row],[Entre - Estações]]=0, "-", BS_CONTROLE[[#This Row],[Entre - Estações]]) -> TBR-TGR | AN21: =IF(BS_CONTROLE[[#This Row],[SB]]=0, "-", BS_CONTROLE[[#This Row],[SB]]) -> 499TGR2 | AO21: =IF(BS_CONTROLE[[#This Row],[SUB]]=0, "-", BS_CONTROLE[[#This Row],[SUB]]) -> 74 | AP21: =IF(BS_CONTROLE[[#This Row],[KM - Inicio]]=0, "-", BS_CONTROLE[[#This Row],[KM - Inicio]]) -> 498.9 | AQ21: =IF(BS_CONTROLE[[#This Row],[KM - Fim]]=0, "-", BS_CONTROLE[[#This Row],[KM - Fim]]) -> - | AR21: 0.36666667 | AS21: 0 | AT21: 0 | AY21: =IF(D21="","*",IFERROR(IF(ISODD(COUNT(AS21:AX23)),"ERRO",SUM((AT21-AS21),(AV21-AU21),(AX21-AW21))),"ERRO")) -> 0 | BA21: 0 | BB21: =IFERROR(_xlfn.XLOOKUP(AI21, BS_ATIVIDADE[ATIVIDADE],BS_ATIVIDADE[UNIDADE] ), "*") -> Nº DE SOLDA | BC21: {=_xlfn.XLOOKUP( 1, ( TabelaMap[SUB] = BS_CONTROLE[[#This Row],[SUB]]) * ( TabelaMap[KM Inicio] <= BS_CONTROLE[[#This Row],[KM - Inicio]]) * ( TabelaMap[KM Fim] >= BS_CONTROLE[[#This Row],[KM - Inicio]]), TabelaMap[Gerência], "-", 0 )} -> FERRONORTE | BD21: {=_xlfn.XLOOKUP( 1, ( TabelaMap[SUB] = BS_CONTROLE[[#This Row],[SUB_5]]) * ( TabelaMap[KM Inicio] <= BS_CONTROLE[[#This Row],[KM - Inicio]]) * ( TabelaMap[KM Fim] >= BS_CONTROLE[[#This Row],[KM - Inicio]]), TabelaMap[Trecho Coordenação], "-", 0 )} -> TCS-TGR | BE21: =IFERROR(_xlfn.XLOOKUP(AO21, BASE_MAPA!$B$2:$B$420, BASE_MAPA!$G$2:$G$420), "ERRO") -> MARCO INICIAL - ALTO ARAGUAIA | BF21: =IF(BS_CONTROLE[[#This Row],[Responsavel pelo boletim]]=0, "-", BS_CONTROLE[[#This Row],[Responsavel pelo boletim]]) -> Bruno | BH21: 0 | BJ21: Pronto as 8:48h - sem temperatura quando houve oportunidade - nova tentativa após T77 | BK21: Após o I85 irá tentar oportunidade - chuva no local | BM21: CCO Circulação | BN21: Intervalo Contrato | BO21: Fluxo intenso de trens | BP21: - | BQ21: =IF(AND(BR21<1,BS21<1),"Produção e Intervalo",IF(BR21<1,"Intervalo",IF(BS21<1,"Produção","Aderente"))) -> Produção e Intervalo | BR21: =IF(OR(B21="",F21=""),"*",AY21/P21) -> 0 | BS21: =IF(OR(B21="",F21=""),"*",BA21/Q21) -> 0 | BT21: =IF(BN21="","",SUBSTITUTE(BM21," ","")&SUBSTITUTE(BN21," ","")) -> CCOCirculaçãoIntervaloContrato
A22: =D22&B22 -> E4646056 | B22: 46056 | C22: =IF(BS_CONTROLE[[#This Row],[DATA]]="","",WEEKNUM(BS_CONTROLE[[#This Row],[DATA]])) -> 6 | D22: E46 | E22: 7 | F22: DESLOCAMENTO | G22: =IF(D22="","*",VLOOKUP(F22,BS_ATIVIDADE[#All],3,FALSE)) -> OUTROS | H22: TAG | I22: TIN | J22: 74 | K22: 498.9 | L22: - | M22: TAG-TIN | N22: TAGTIN | O22: 0.33333333 | P22: 0.041666667 | Q22: 1 | R22: =IFERROR(_xlfn.XLOOKUP(F22, BS_ATIVIDADE[ATIVIDADE],BS_ATIVIDADE[UNIDADE] ), "*") -> BINÁRIO | S22: {=_xlfn.XLOOKUP( 1, ( TabelaMap[SUB] = BS_CONTROLE[[#This Row],[SUB]]) * ( TabelaMap[KM Inicio] <= BS_CONTROLE[[#This Row],[KM - Inicio]]) * ( TabelaMap[KM Fim] >= BS_CONTROLE[[#This Row],[KM - Inicio]]), TabelaMap[Gerência], "-", 0 )} -> FERRONORTE | T22: {=_xlfn.XLOOKUP( 1, ( TabelaMap[SUB] = BS_CONTROLE[[#This Row],[SUB]]) * ( TabelaMap[KM Inicio] <= BS_CONTROLE[[#This Row],[KM - Inicio]]) * ( TabelaMap[KM Fim] >= BS_CONTROLE[[#This Row],[KM - Inicio]]), TabelaMap[Trecho Coordenação], "-", 0 )} -> TCS-TGR | U22: =IFERROR(_xlfn.XLOOKUP(J22, BASE_MAPA!$B$2:$B$420, BASE_MAPA!$G$2:$G$420), "ERRO") -> MARCO INICIAL - ALTO ARAGUAIA | V22: PCM | W22: Deslocamento para TIN - Abastece em TOM | X22: Oportunidade | Y22: OPORTUNIDADE | AA22: 2 | AB22: ESCALA | AC22: - | AD22: 0.29166667 | AE22: 9323 | AF22: 7636 | AG22: - | AI22: =IF(BS_CONTROLE[[#This Row],[Atividade]]=0, "-", BS_CONTROLE[[#This Row],[Atividade]]) -> DESLOCAMENTO | AJ22: =IF(D22="","*",VLOOKUP(AI22,BS_ATIVIDADE[#Data],3,FALSE)) -> OUTROS | AK22: =IF(BS_CONTROLE[[#This Row],[Local - Partida]]=0, "-", BS_CONTROLE[[#This Row],[Local - Partida]]) -> TAG | AL22: =IF(BS_CONTROLE[[#This Row],[Local - Encerramento]]=0, "-", BS_CONTROLE[[#This Row],[Local - Encerramento]]) -> TIN | AM22: =IF(BS_CONTROLE[[#This Row],[Entre - Estações]]=0, "-", BS_CONTROLE[[#This Row],[Entre - Estações]]) -> TAG-TIN | AN22: =IF(BS_CONTROLE[[#This Row],[SB]]=0, "-", BS_CONTROLE[[#This Row],[SB]]) -> TAGTIN | AO22: =IF(BS_CONTROLE[[#This Row],[SUB]]=0, "-", BS_CONTROLE[[#This Row],[SUB]]) -> 74 | AP22: =IF(BS_CONTROLE[[#This Row],[KM - Inicio]]=0, "-", BS_CONTROLE[[#This Row],[KM - Inicio]]) -> 498.9 | AQ22: =IF(BS_CONTROLE[[#This Row],[KM - Fim]]=0, "-", BS_CONTROLE[[#This Row],[KM - Fim]]) -> - | AR22: 0 | AS22: 0 | AT22: 0 | AY22: =IF(D22="","*",IFERROR(IF(ISODD(COUNT(AS22:AX24)),"ERRO",SUM((AT22-AS22),(AV22-AU22),(AX22-AW22))),"ERRO")) -> 0 | BA22: 0 | BB22: =IFERROR(_xlfn.XLOOKUP(AI22, BS_ATIVIDADE[ATIVIDADE],BS_ATIVIDADE[UNIDADE] ), "*") -> BINÁRIO | BC22: {=_xlfn.XLOOKUP( 1, ( TabelaMap[SUB] = BS_CONTROLE[[#This Row],[SUB]]) * ( TabelaMap[KM Inicio] <= BS_CONTROLE[[#This Row],[KM - Inicio]]) * ( TabelaMap[KM Fim] >= BS_CONTROLE[[#This Row],[KM - Inicio]]), TabelaMap[Gerência], "-", 0 )} -> FERRONORTE | BD22: {=_xlfn.XLOOKUP( 1, ( TabelaMap[SUB] = BS_CONTROLE[[#This Row],[SUB_5]]) * ( TabelaMap[KM Inicio] <= BS_CONTROLE[[#This Row],[KM - Inicio]]) * ( TabelaMap[KM Fim] >= BS_CONTROLE[[#This Row],[KM - Inicio]]), TabelaMap[Trecho Coordenação], "-", 0 )} -> TCS-TGR | BE22: =IFERROR(_xlfn.XLOOKUP(AO22, BASE_MAPA!$B$2:$B$420, BASE_MAPA!$G$2:$G$420), "ERRO") -> MARCO INICIAL - ALTO ARAGUAIA | BF22: =IF(BS_CONTROLE[[#This Row],[Responsavel pelo boletim]]=0, "-", BS_CONTROLE[[#This Row],[Responsavel pelo boletim]]) -> PCM | BH22: 0 | BJ22: Sem oportunidade | BK22: Sem oportunidade | BM22: PCM VIA | BN22: Recursos Internos | BO22: Cancelado devido priorização | BP22: Priorizado W70 | BQ22: =IF(AND(BR22<1,BS22<1),"Produção e Intervalo",IF(BR22<1,"Intervalo",IF(BS22<1,"Produção","Aderente"))) -> Produção e Intervalo | BR22: =IF(OR(B22="",F22=""),"*",AY22/P22) -> 0 | BS22: =IF(OR(B22="",F22=""),"*",BA22/Q22) -> 0 | BT22: =IF(BN22="","",SUBSTITUTE(BM22," ","")&SUBSTITUTE(BN22," ","")) -> PCMVIARecursosInternos
A23: =D23&B23 -> MARCOS (TF-520)46056 | B23: 46056 | C23: =IF(BS_CONTROLE[[#This Row],[DATA]]="","",WEEKNUM(BS_CONTROLE[[#This Row],[DATA]])) -> 6 | D23: MARCOS (TF-520) | E23: 16 | F23: PDM - SOLDA | G23: =IF(D23="","*",VLOOKUP(F23,BS_ATIVIDADE[#All],3,FALSE)) -> SOLDA | H23: - | I23: - | J23: 74 | K23: 280.5 | L23: - | M23: {=_xlfn.XLOOKUP( 1, ( TabelaMap[SUB] = BS_CONTROLE[[#This Row],[SUB]]) * ( TabelaMap[KM Inicio] <= BS_CONTROLE[[#This Row],[KM - Inicio]]) * ( TabelaMap[KM Fim] >= BS_CONTROLE[[#This Row],[KM - Inicio]]), TabelaMap[Trecho], "-", 0 )} -> TJA-TCS | N23: {=_xlfn.XLOOKUP( 1, ( TabelaMap[SUB] = BS_CONTROLE[[#This Row],[SUB]]) * ( TabelaMap[KM Inicio] <= BS_CONTROLE[[#This Row],[KM - Inicio]]) * ( TabelaMap[KM Fim] >= BS_CONTROLE[[#This Row],[KM - Inicio]]), TabelaMap[SB], "-", 0 )} -> 277TCS | O23: 0.375 | P23: 0.083333333 | Q23: 1 | R23: =IFERROR(_xlfn.XLOOKUP(F23, BS_ATIVIDADE[ATIVIDADE],BS_ATIVIDADE[UNIDADE] ), "*") -> Nº DE SOLDA | S23: {=_xlfn.XLOOKUP( 1, ( TabelaMap[SUB] = BS_CONTROLE[[#This Row],[SUB]]) * ( TabelaMap[KM Inicio] <= BS_CONTROLE[[#This Row],[KM - Inicio]]) * ( TabelaMap[KM Fim] >= BS_CONTROLE[[#This Row],[KM - Inicio]]), TabelaMap[Gerência], "-", 0 )} -> FERRONORTE | T23: {=_xlfn.XLOOKUP( 1, ( TabelaMap[SUB] = BS_CONTROLE[[#This Row],[SUB]]) * ( TabelaMap[KM Inicio] <= BS_CONTROLE[[#This Row],[KM - Inicio]]) * ( TabelaMap[KM Fim] >= BS_CONTROLE[[#This Row],[KM - Inicio]]), TabelaMap[Trecho Coordenação], "-", 0 )} -> TMI-TCS | U23: =IFERROR(_xlfn.XLOOKUP(J23, BASE_MAPA!$B$2:$B$420, BASE_MAPA!$G$2:$G$420), "ERRO") -> MARCO INICIAL - ALTO ARAGUAIA | V23: Marcos Euzebio | W23: Execução de solda - Condicionado a temperatura | X23: Oportunidade | Y23: OPORTUNIDADE | AA23: - | AB23: - | AC23: - | AD23: - | AE23: - | AF23: - | AG23: - | AI23: =IF(BS_CONTROLE[[#This Row],[Atividade]]=0, "-", BS_CONTROLE[[#This Row],[Atividade]]) -> PDM - SOLDA | AJ23: =IF(D23="","*",VLOOKUP(AI23,BS_ATIVIDADE[#Data],3,FALSE)) -> SOLDA | AK23: =IF(BS_CONTROLE[[#This Row],[Local - Partida]]=0, "-", BS_CONTROLE[[#This Row],[Local - Partida]]) -> - | AL23: =IF(BS_CONTROLE[[#This Row],[Local - Encerramento]]=0, "-", BS_CONTROLE[[#This Row],[Local - Encerramento]]) -> - | AM23: =IF(BS_CONTROLE[[#This Row],[Entre - Estações]]=0, "-", BS_CONTROLE[[#This Row],[Entre - Estações]]) -> TJA-TCS | AN23: =IF(BS_CONTROLE[[#This Row],[SB]]=0, "-", BS_CONTROLE[[#This Row],[SB]]) -> 277TCS | AO23: =IF(BS_CONTROLE[[#This Row],[SUB]]=0, "-", BS_CONTROLE[[#This Row],[SUB]]) -> 74 | AP23: =IF(BS_CONTROLE[[#This Row],[KM - Inicio]]=0, "-", BS_CONTROLE[[#This Row],[KM - Inicio]]) -> 280.5 | AQ23: =IF(BS_CONTROLE[[#This Row],[KM - Fim]]=0, "-", BS_CONTROLE[[#This Row],[KM - Fim]]) -> - | AR23: 0.37777778 | AS23: 0 | AT23: 0 | AY23: =IF(D23="","*",IFERROR(IF(ISODD(COUNT(AS23:AX25)),"ERRO",SUM((AT23-AS23),(AV23-AU23),(AX23-AW23))),"ERRO")) -> 0 | BA23: 0 | BB23: =IFERROR(_xlfn.XLOOKUP(AI23, BS_ATIVIDADE[ATIVIDADE],BS_ATIVIDADE[UNIDADE] ), "*") -> Nº DE SOLDA | BC23: {=_xlfn.XLOOKUP( 1, ( TabelaMap[SUB] = BS_CONTROLE[[#This Row],[SUB]]) * ( TabelaMap[KM Inicio] <= BS_CONTROLE[[#This Row],[KM - Inicio]]) * ( TabelaMap[KM Fim] >= BS_CONTROLE[[#This Row],[KM - Inicio]]), TabelaMap[Gerência], "-", 0 )} -> FERRONORTE | BD23: {=_xlfn.XLOOKUP( 1, ( TabelaMap[SUB] = BS_CONTROLE[[#This Row],[SUB_5]]) * ( TabelaMap[KM Inicio] <= BS_CONTROLE[[#This Row],[KM - Inicio]]) * ( TabelaMap[KM Fim] >= BS_CONTROLE[[#This Row],[KM - Inicio]]), TabelaMap[Trecho Coordenação], "-", 0 )} -> TMI-TCS | BE23: =IFERROR(_xlfn.XLOOKUP(AO23, BASE_MAPA!$B$2:$B$420, BASE_MAPA!$G$2:$G$420), "ERRO") -> MARCO INICIAL - ALTO ARAGUAIA | BF23: =IF(BS_CONTROLE[[#This Row],[Responsavel pelo boletim]]=0, "-", BS_CONTROLE[[#This Row],[Responsavel pelo boletim]]) -> Marcos Euzebio | BH23: 0 | BJ23: Pronto as 9h - verificando faixa com o CCO - sem oportunidade | BK23: Pronto as 9h - verificando faixa com o CCO - sem oportunidade | BM23: CCO Circulação | BN23: Intervalo Oportunidade | BO23: Sem oportunidade | BQ23: =IF(AND(BR23<1,BS23<1),"Produção e Intervalo",IF(BR23<1,"Intervalo",IF(BS23<1,"Produção","Aderente"))) -> Produção e Intervalo | BR23: =IF(OR(B23="",F23=""),"*",AY23/P23) -> 0 | BS23: =IF(OR(B23="",F23=""),"*",BA23/Q23) -> 0 | BT23: =IF(BN23="","",SUBSTITUTE(BM23," ","")&SUBSTITUTE(BN23," ","")) -> CCOCirculaçãoIntervaloOportunidade
A24: =D24&B24 -> W5046056 | B24: 46056 | C24: =IF(BS_CONTROLE[[#This Row],[DATA]]="","",WEEKNUM(BS_CONTROLE[[#This Row],[DATA]])) -> 6 | D24: W50 | E24: 17 | F24: MODERNIZAÇÃO - RECOLHIMENTO DE DORMENTE | G24: =IF(D24="","*",VLOOKUP(F24,BS_ATIVIDADE[#All],3,FALSE)) -> MODERNIZAÇÃO | H24: TCS2 | I24: TCS2 | J24: 74 | K24: 245 | L24: 244.2 | M24: {=_xlfn.XLOOKUP( 1, ( TabelaMap[SUB] = BS_CONTROLE[[#This Row],[SUB]]) * ( TabelaMap[KM Inicio] <= BS_CONTROLE[[#This Row],[KM - Inicio]]) * ( TabelaMap[KM Fim] >= BS_CONTROLE[[#This Row],[KM - Inicio]]), TabelaMap[Trecho], "-", 0 )} -> TVI-TJA | N24: {=_xlfn.XLOOKUP( 1, ( TabelaMap[SUB] = BS_CONTROLE[[#This Row],[SUB]]) * ( TabelaMap[KM Inicio] <= BS_CONTROLE[[#This Row],[KM - Inicio]]) * ( TabelaMap[KM Fim] >= BS_CONTROLE[[#This Row],[KM - Inicio]]), TabelaMap[SB], "-", 0 )} -> 239251 | O24: 0.35416667 | P24: 0.16666667 | Q24: 1000 | R24: =IFERROR(_xlfn.XLOOKUP(F24, BS_ATIVIDADE[ATIVIDADE],BS_ATIVIDADE[UNIDADE] ), "*") -> Nº DE DORMENTES | S24: {=_xlfn.XLOOKUP( 1, ( TabelaMap[SUB] = BS_CONTROLE[[#This Row],[SUB]]) * ( TabelaMap[KM Inicio] <= BS_CONTROLE[[#This Row],[KM - Inicio]]) * ( TabelaMap[KM Fim] >= BS_CONTROLE[[#This Row],[KM - Inicio]]), TabelaMap[Gerência], "-", 0 )} -> FERRONORTE | T24: {=_xlfn.XLOOKUP( 1, ( TabelaMap[SUB] = BS_CONTROLE[[#This Row],[SUB]]) * ( TabelaMap[KM Inicio] <= BS_CONTROLE[[#This Row],[KM - Inicio]]) * ( TabelaMap[KM Fim] >= BS_CONTROLE[[#This Row],[KM - Inicio]]), TabelaMap[Trecho Coordenação], "-", 0 )} -> TMI-TCS | U24: =IFERROR(_xlfn.XLOOKUP(J24, BASE_MAPA!$B$2:$B$420, BASE_MAPA!$G$2:$G$420), "ERRO") -> MARCO INICIAL - ALTO ARAGUAIA | V24: Augusto | W24: Recolhimento de dormentes | X24: Contrato | Y24: SIM | AA24: 2 Maicon + Eder | AB24: FIXO | AC24: - | AD24: 0.29166667 | AE24: 9322 | AF24: 7671 | AG24: - | AI24: =IF(BS_CONTROLE[[#This Row],[Atividade]]=0, "-", BS_CONTROLE[[#This Row],[Atividade]]) -> MODERNIZAÇÃO - RECOLHIMENTO DE DORMENTE | AJ24: =IF(D24="","*",VLOOKUP(AI24,BS_ATIVIDADE[#Data],3,FALSE)) -> MODERNIZAÇÃO | AK24: =IF(BS_CONTROLE[[#This Row],[Local - Partida]]=0, "-", BS_CONTROLE[[#This Row],[Local - Partida]]) -> TCS2 | AL24: =IF(BS_CONTROLE[[#This Row],[Local - Encerramento]]=0, "-", BS_CONTROLE[[#This Row],[Local - Encerramento]]) -> TCS2 | AM24: =IF(BS_CONTROLE[[#This Row],[Entre - Estações]]=0, "-", BS_CONTROLE[[#This Row],[Entre - Estações]]) -> TVI-TJA | AN24: =IF(BS_CONTROLE[[#This Row],[SB]]=0, "-", BS_CONTROLE[[#This Row],[SB]]) -> 239251 | AO24: =IF(BS_CONTROLE[[#This Row],[SUB]]=0, "-", BS_CONTROLE[[#This Row],[SUB]]) -> 74 | AP24: =IF(BS_CONTROLE[[#This Row],[KM - Inicio]]=0, "-", BS_CONTROLE[[#This Row],[KM - Inicio]]) -> 245 | AQ24: =IF(BS_CONTROLE[[#This Row],[KM - Fim]]=0, "-", BS_CONTROLE[[#This Row],[KM - Fim]]) -> 244.2 | AR24: 0.36805556 | AS24: 0 | AT24: 0 | AY24: =IF(D24="","*",IFERROR(IF(ISODD(COUNT(AS24:AX26)),"ERRO",SUM((AT24-AS24),(AV24-AU24),(AX24-AW24))),"ERRO")) -> 0 | BA24: 0 | BB24: =IFERROR(_xlfn.XLOOKUP(AI24, BS_ATIVIDADE[ATIVIDADE],BS_ATIVIDADE[UNIDADE] ), "*") -> Nº DE DORMENTES | BC24: {=_xlfn.XLOOKUP( 1, ( TabelaMap[SUB] = BS_CONTROLE[[#This Row],[SUB]]) * ( TabelaMap[KM Inicio] <= BS_CONTROLE[[#This Row],[KM - Inicio]]) * ( TabelaMap[KM Fim] >= BS_CONTROLE[[#This Row],[KM - Inicio]]), TabelaMap[Gerência], "-", 0 )} -> FERRONORTE | BD24: {=_xlfn.XLOOKUP( 1, ( TabelaMap[SUB] = BS_CONTROLE[[#This Row],[SUB_5]]) * ( TabelaMap[KM Inicio] <= BS_CONTROLE[[#This Row],[KM - Inicio]]) * ( TabelaMap[KM Fim] >= BS_CONTROLE[[#This Row],[KM - Inicio]]), TabelaMap[Trecho Coordenação], "-", 0 )} -> TMI-TCS | BE24: =IFERROR(_xlfn.XLOOKUP(AO24, BASE_MAPA!$B$2:$B$420, BASE_MAPA!$G$2:$G$420), "ERRO") -> MARCO INICIAL - ALTO ARAGUAIA | BF24: =IF(BS_CONTROLE[[#This Row],[Responsavel pelo boletim]]=0, "-", BS_CONTROLE[[#This Row],[Responsavel pelo boletim]]) -> Augusto | BH24: 0 | BJ24: MC1 08:50, cancelado intervalo CCO | BK24: MC1 08:50, cancelado intervalo CCO | BM24: CCO Circulação | BN24: Intervalo Contrato | BO24: Fluxo intenso de trens | BP24: - | BQ24: =IF(AND(BR24<1,BS24<1),"Produção e Intervalo",IF(BR24<1,"Intervalo",IF(BS24<1,"Produção","Aderente"))) -> Produção e Intervalo | BR24: =IF(OR(B24="",F24=""),"*",AY24/P24) -> 0 | BS24: =IF(OR(B24="",F24=""),"*",BA24/Q24) -> 0 | BT24: =IF(BN24="","",SUBSTITUTE(BM24," ","")&SUBSTITUTE(BN24," ","")) -> CCOCirculaçãoIntervaloContrato
A25: =D25&B25 -> A8846056 | B25: 46056 | C25: =IF(BS_CONTROLE[[#This Row],[DATA]]="","",WEEKNUM(BS_CONTROLE[[#This Row],[DATA]])) -> 6 | D25: A88 | E25: 18 | F25: INSPEÇÃO AUTO DE LINHA | G25: =IF(D25="","*",VLOOKUP(F25,BS_ATIVIDADE[#All],3,FALSE)) -> OUTROS | H25: ZTR1 | I25: ZDK2 | J25: 78 | K25: 228 | L25: - | M25: ZTR-ZDK | N25: ZTRZDK | O25: 0.375 | P25: 0.041666667 | Q25: 1 | R25: =IFERROR(_xlfn.XLOOKUP(F25, BS_ATIVIDADE[ATIVIDADE],BS_ATIVIDADE[UNIDADE] ), "*") -> BINÁRIO | S25: {=_xlfn.XLOOKUP( 1, ( TabelaMap[SUB] = BS_CONTROLE[[#This Row],[SUB]]) * ( TabelaMap[KM Inicio] <= BS_CONTROLE[[#This Row],[KM - Inicio]]) * ( TabelaMap[KM Fim] >= BS_CONTROLE[[#This Row],[KM - Inicio]]), TabelaMap[Gerência], "-", 0 )} -> MALHA CENTRAL | T25: {=_xlfn.XLOOKUP( 1, ( TabelaMap[SUB] = BS_CONTROLE[[#This Row],[SUB]]) * ( TabelaMap[KM Inicio] <= BS_CONTROLE[[#This Row],[KM - Inicio]]) * ( TabelaMap[KM Fim] >= BS_CONTROLE[[#This Row],[KM - Inicio]]), TabelaMap[Trecho Coordenação], "-", 0 )} -> RAMAL | U25: =IFERROR(_xlfn.XLOOKUP(J25, BASE_MAPA!$B$2:$B$420, BASE_MAPA!$G$2:$G$420), "ERRO") -> ITIRAPINA - BAURU | V25: Jocimar | W25: Inspeção auto de linha | X25: Oportunidade | Y25: OPORTUNIDADE | AA25: 1 | AB25: FIXO | AC25: - | AD25: 0.29166667 | AE25: 6261 | AF25: - | AG25: - | AI25: =IF(BS_CONTROLE[[#This Row],[Atividade]]=0, "-", BS_CONTROLE[[#This Row],[Atividade]]) -> INSPEÇÃO AUTO DE LINHA | AJ25: =IF(D25="","*",VLOOKUP(AI25,BS_ATIVIDADE[#Data],3,FALSE)) -> OUTROS | AK25: =IF(BS_CONTROLE[[#This Row],[Local - Partida]]=0, "-", BS_CONTROLE[[#This Row],[Local - Partida]]) -> ZTR1 | AL25: =IF(BS_CONTROLE[[#This Row],[Local - Encerramento]]=0, "-", BS_CONTROLE[[#This Row],[Local - Encerramento]]) -> ZDK2 | AM25: =IF(BS_CONTROLE[[#This Row],[Entre - Estações]]=0, "-", BS_CONTROLE[[#This Row],[Entre - Estações]]) -> ZTR-ZDK | AN25: =IF(BS_CONTROLE[[#This Row],[SB]]=0, "-", BS_CONTROLE[[#This Row],[SB]]) -> ZTRZDK | AO25: =IF(BS_CONTROLE[[#This Row],[SUB]]=0, "-", BS_CONTROLE[[#This Row],[SUB]]) -> 78 | AP25: =IF(BS_CONTROLE[[#This Row],[KM - Inicio]]=0, "-", BS_CONTROLE[[#This Row],[KM - Inicio]]) -> 228 | AQ25: =IF(BS_CONTROLE[[#This Row],[KM - Fim]]=0, "-", BS_CONTROLE[[#This Row],[KM - Fim]]) -> - | AR25: 0.44513889 | AS25: 0.48402778 | AT25: 0.52569444 | AY25: =IF(D25="","*",IFERROR(IF(ISODD(COUNT(AS25:AX27)),"ERRO",SUM((AT25-AS25),(AV25-AU25),(AX25-AW25))),"ERRO")) -> 0.041666667 | BA25: 1 | BB25: =IFERROR(_xlfn.XLOOKUP(AI25, BS_ATIVIDADE[ATIVIDADE],BS_ATIVIDADE[UNIDADE] ), "*") -> BINÁRIO | BC25: {=_xlfn.XLOOKUP( 1, ( TabelaMap[SUB] = BS_CONTROLE[[#This Row],[SUB]]) * ( TabelaMap[KM Inicio] <= BS_CONTROLE[[#This Row],[KM - Inicio]]) * ( TabelaMap[KM Fim] >= BS_CONTROLE[[#This Row],[KM - Inicio]]), TabelaMap[Gerência], "-", 0 )} -> MALHA CENTRAL | BD25: {=_xlfn.XLOOKUP( 1, ( TabelaMap[SUB] = BS_CONTROLE[[#This Row],[SUB_5]]) * ( TabelaMap[KM Inicio] <= BS_CONTROLE[[#This Row],[KM - Inicio]]) * ( TabelaMap[KM Fim] >= BS_CONTROLE[[#This Row],[KM - Inicio]]), TabelaMap[Trecho Coordenação], "-", 0 )} -> RAMAL | BE25: =IFERROR(_xlfn.XLOOKUP(AO25, BASE_MAPA!$B$2:$B$420, BASE_MAPA!$G$2:$G$420), "ERRO") -> ITIRAPINA - BAURU | BF25: =IF(BS_CONTROLE[[#This Row],[Responsavel pelo boletim]]=0, "-", BS_CONTROLE[[#This Row],[Responsavel pelo boletim]]) -> Jocimar | BH25: 2 | BJ25: MC1 as 10:41h - Licença as 11:37h - em inspeção | BK25: Licença as 11:37h - em inspeção | BM25: OK | BN25: OK | BO25: OK | BQ25: =IF(AND(BR25<1,BS25<1),"Produção e Intervalo",IF(BR25<1,"Intervalo",IF(BS25<1,"Produção","Aderente"))) -> Aderente | BR25: =IF(OR(B25="",F25=""),"*",AY25/P25) -> 1 | BS25: =IF(OR(B25="",F25=""),"*",BA25/Q25) -> 1 | BT25: =IF(BN25="","",SUBSTITUTE(BM25," ","")&SUBSTITUTE(BN25," ","")) -> OKOK
A26: =D26&B26 -> W9446056 | B26: 46056 | C26: =IF(BS_CONTROLE[[#This Row],[DATA]]="","",WEEKNUM(BS_CONTROLE[[#This Row],[DATA]])) -> 6 | D26: W94 | E26: 19 | F26: PDM - PEDRA - DESCARGA | G26: =IF(D26="","*",VLOOKUP(F26,BS_ATIVIDADE[#All],3,FALSE)) -> PEDRA | H26: PIT | I26: PPR | J26: 103 | K26: 2137 | L26: 2140 | M26: {=_xlfn.XLOOKUP( 1, ( TabelaMap[SUB] = BS_CONTROLE[[#This Row],[SUB]]) * ( TabelaMap[KM Inicio] <= BS_CONTROLE[[#This Row],[KM - Inicio]]) * ( TabelaMap[KM Fim] >= BS_CONTROLE[[#This Row],[KM - Inicio]]), TabelaMap[Trecho], "-", 0 )} -> PIT-POU | N26: {=_xlfn.XLOOKUP( 1, ( TabelaMap[SUB] = BS_CONTROLE[[#This Row],[SUB]]) * ( TabelaMap[KM Inicio] <= BS_CONTROLE[[#This Row],[KM - Inicio]]) * ( TabelaMap[KM Fim] >= BS_CONTROLE[[#This Row],[KM - Inicio]]), TabelaMap[SB], "-", 0 )} -> POUK28 | O26: 0.375 | P26: 0.041666667 | Q26: 13 | R26: =IFERROR(_xlfn.XLOOKUP(F26, BS_ATIVIDADE[ATIVIDADE],BS_ATIVIDADE[UNIDADE] ), "*") -> VAGÕES | S26: {=_xlfn.XLOOKUP( 1, ( TabelaMap[SUB] = BS_CONTROLE[[#This Row],[SUB]]) * ( TabelaMap[KM Inicio] <= BS_CONTROLE[[#This Row],[KM - Inicio]]) * ( TabelaMap[KM Fim] >= BS_CONTROLE[[#This Row],[KM - Inicio]]), TabelaMap[Gerência], "-", 0 )} -> MALHA CENTRAL | T26: {=_xlfn.XLOOKUP( 1, ( TabelaMap[SUB] = BS_CONTROLE[[#This Row],[SUB]]) * ( TabelaMap[KM Inicio] <= BS_CONTROLE[[#This Row],[KM - Inicio]]) * ( TabelaMap[KM Fim] >= BS_CONTROLE[[#This Row],[KM - Inicio]]), TabelaMap[Trecho Coordenação], "-", 0 )} -> PRV-POV | U26: =IFERROR(_xlfn.XLOOKUP(J26, BASE_MAPA!$B$2:$B$420, BASE_MAPA!$G$2:$G$420), "ERRO") -> OURO VERDE - LIGAÇÃO | V26: Lucas | W26: Descarga de pedra | X26: Extra | AA26: 1 | AB26: FIXO | AC26: - | AD26: 0.29166667 | AE26: 7674 | AF26: 9206 | AG26: 13 | AI26: =IF(BS_CONTROLE[[#This Row],[Atividade]]=0, "-", BS_CONTROLE[[#This Row],[Atividade]]) -> PDM - PEDRA - DESCARGA | AJ26: =IF(D26="","*",VLOOKUP(AI26,BS_ATIVIDADE[#Data],3,FALSE)) -> PEDRA | AK26: =IF(BS_CONTROLE[[#This Row],[Local - Partida]]=0, "-", BS_CONTROLE[[#This Row],[Local - Partida]]) -> PIT | AL26: =IF(BS_CONTROLE[[#This Row],[Local - Encerramento]]=0, "-", BS_CONTROLE[[#This Row],[Local - Encerramento]]) -> PPR | AM26: =IF(BS_CONTROLE[[#This Row],[Entre - Estações]]=0, "-", BS_CONTROLE[[#This Row],[Entre - Estações]]) -> PIT-POU | AN26: =IF(BS_CONTROLE[[#This Row],[SB]]=0, "-", BS_CONTROLE[[#This Row],[SB]]) -> POUK28 | AO26: =IF(BS_CONTROLE[[#This Row],[SUB]]=0, "-", BS_CONTROLE[[#This Row],[SUB]]) -> 103 | AP26: =IF(BS_CONTROLE[[#This Row],[KM - Inicio]]=0, "-", BS_CONTROLE[[#This Row],[KM - Inicio]]) -> 2137 | AQ26: =IF(BS_CONTROLE[[#This Row],[KM - Fim]]=0, "-", BS_CONTROLE[[#This Row],[KM - Fim]]) -> 2140 | AR26: 0.37152778 | AS26: 0.39097222 | AT26: 0.43263889 | AY26: =IF(D26="","*",IFERROR(IF(ISODD(COUNT(AS26:AX28)),"ERRO",SUM((AT26-AS26),(AV26-AU26),(AX26-AW26))),"ERRO")) -> 0.041666667 | BA26: 13 | BB26: =IFERROR(_xlfn.XLOOKUP(AI26, BS_ATIVIDADE[ATIVIDADE],BS_ATIVIDADE[UNIDADE] ), "*") -> VAGÕES | BC26: {=_xlfn.XLOOKUP( 1, ( TabelaMap[SUB] = BS_CONTROLE[[#This Row],[SUB]]) * ( TabelaMap[KM Inicio] <= BS_CONTROLE[[#This Row],[KM - Inicio]]) * ( TabelaMap[KM Fim] >= BS_CONTROLE[[#This Row],[KM - Inicio]]), TabelaMap[Gerência], "-", 0 )} -> MALHA CENTRAL | BD26: {=_xlfn.XLOOKUP( 1, ( TabelaMap[SUB] = BS_CONTROLE[[#This Row],[SUB_5]]) * ( TabelaMap[KM Inicio] <= BS_CONTROLE[[#This Row],[KM - Inicio]]) * ( TabelaMap[KM Fim] >= BS_CONTROLE[[#This Row],[KM - Inicio]]), TabelaMap[Trecho Coordenação], "-", 0 )} -> PRV-POV | BE26: =IFERROR(_xlfn.XLOOKUP(AO26, BASE_MAPA!$B$2:$B$420, BASE_MAPA!$G$2:$G$420), "ERRO") -> OURO VERDE - LIGAÇÃO | BF26: =IF(BS_CONTROLE[[#This Row],[Responsavel pelo boletim]]=0, "-", BS_CONTROLE[[#This Row],[Responsavel pelo boletim]]) -> Lucas | BH26: 2 | BJ26: MC1 08:55, autorizado 09:23, em deslocamento para descarga | BK26: Realizou descarga de 13 vgs de pedra | BM26: OK | BN26: OK | BO26: OK | BP26: - | BQ26: =IF(AND(BR26<1,BS26<1),"Produção e Intervalo",IF(BR26<1,"Intervalo",IF(BS26<1,"Produção","Aderente"))) -> Aderente | BR26: =IF(OR(B26="",F26=""),"*",AY26/P26) -> 1 | BS26: =IF(OR(B26="",F26=""),"*",BA26/Q26) -> 1 | BT26: =IF(BN26="","",SUBSTITUTE(BM26," ","")&SUBSTITUTE(BN26," ","")) -> OKOK
A27: =D27&B27 -> A1746056 | B27: 46056 | C27: =IF(BS_CONTROLE[[#This Row],[DATA]]="","",WEEKNUM(BS_CONTROLE[[#This Row],[DATA]])) -> 6 | D27: A17 | E27: 20 | F27: INSPEÇÃO AUTO DE LINHA | G27: =IF(D27="","*",VLOOKUP(F27,BS_ATIVIDADE[#All],3,FALSE)) -> OUTROS | H27: PAS | I27: PTR-PPG | J27: 102 | K27: 50 | L27: - | M27: PAS-PTR | N27: PASPTR | O27: 0.375 | P27: 0.041666667 | Q27: 1 | R27: =IFERROR(_xlfn.XLOOKUP(F27, BS_ATIVIDADE[ATIVIDADE],BS_ATIVIDADE[UNIDADE] ), "*") -> BINÁRIO | S27: {=_xlfn.XLOOKUP( 1, ( TabelaMap[SUB] = BS_CONTROLE[[#This Row],[SUB]]) * ( TabelaMap[KM Inicio] <= BS_CONTROLE[[#This Row],[KM - Inicio]]) * ( TabelaMap[KM Fim] >= BS_CONTROLE[[#This Row],[KM - Inicio]]), TabelaMap[Gerência], "-", 0 )} -> MALHA CENTRAL | T27: {=_xlfn.XLOOKUP( 1, ( TabelaMap[SUB] = BS_CONTROLE[[#This Row],[SUB]]) * ( TabelaMap[KM Inicio] <= BS_CONTROLE[[#This Row],[KM - Inicio]]) * ( TabelaMap[KM Fim] >= BS_CONTROLE[[#This Row],[KM - Inicio]]), TabelaMap[Trecho Coordenação], "-", 0 )} -> POV-PRV | U27: =IFERROR(_xlfn.XLOOKUP(J27, BASE_MAPA!$B$2:$B$420, BASE_MAPA!$G$2:$G$420), "ERRO") -> OURO VERDE - ANÁPOLIS | V27: Anotnio | W27: Inspeção auto de linha | X27: Oportunidade | Y27: OPORTUNIDADE | AA27: 1 | AB27: FIXO | AC27: - | AD27: 0.29166667 | AE27: 5301 | AF27: - | AG27: - | AI27: =IF(BS_CONTROLE[[#This Row],[Atividade]]=0, "-", BS_CONTROLE[[#This Row],[Atividade]]) -> INSPEÇÃO AUTO DE LINHA | AJ27: =IF(D27="","*",VLOOKUP(AI27,BS_ATIVIDADE[#Data],3,FALSE)) -> OUTROS | AK27: =IF(BS_CONTROLE[[#This Row],[Local - Partida]]=0, "-", BS_CONTROLE[[#This Row],[Local - Partida]]) -> PAS | AL27: =IF(BS_CONTROLE[[#This Row],[Local - Encerramento]]=0, "-", BS_CONTROLE[[#This Row],[Local - Encerramento]]) -> PTR-PPG | AM27: =IF(BS_CONTROLE[[#This Row],[Entre - Estações]]=0, "-", BS_CONTROLE[[#This Row],[Entre - Estações]]) -> PAS-PTR | AN27: =IF(BS_CONTROLE[[#This Row],[SB]]=0, "-", BS_CONTROLE[[#This Row],[SB]]) -> PASPTR | AO27: =IF(BS_CONTROLE[[#This Row],[SUB]]=0, "-", BS_CONTROLE[[#This Row],[SUB]]) -> 102 | AP27: =IF(BS_CONTROLE[[#This Row],[KM - Inicio]]=0, "-", BS_CONTROLE[[#This Row],[KM - Inicio]]) -> 50 | AQ27: =IF(BS_CONTROLE[[#This Row],[KM - Fim]]=0, "-", BS_CONTROLE[[#This Row],[KM - Fim]]) -> - | AR27: 0.375 | AS27: 0.38194444 | AT27: 0.42361111 | AY27: =IF(D27="","*",IFERROR(IF(ISODD(COUNT(AS27:AX29)),"ERRO",SUM((AT27-AS27),(AV27-AU27),(AX27-AW27))),"ERRO")) -> 0.041666667 | BA27: 1 | BB27: =IFERROR(_xlfn.XLOOKUP(AI27, BS_ATIVIDADE[ATIVIDADE],BS_ATIVIDADE[UNIDADE] ), "*") -> BINÁRIO | BC27: {=_xlfn.XLOOKUP( 1, ( TabelaMap[SUB] = BS_CONTROLE[[#This Row],[SUB]]) * ( TabelaMap[KM Inicio] <= BS_CONTROLE[[#This Row],[KM - Inicio]]) * ( TabelaMap[KM Fim] >= BS_CONTROLE[[#This Row],[KM - Inicio]]), TabelaMap[Gerência], "-", 0 )} -> MALHA CENTRAL | BD27: {=_xlfn.XLOOKUP( 1, ( TabelaMap[SUB] = BS_CONTROLE[[#This Row],[SUB_5]]) * ( TabelaMap[KM Inicio] <= BS_CONTROLE[[#This Row],[KM - Inicio]]) * ( TabelaMap[KM Fim] >= BS_CONTROLE[[#This Row],[KM - Inicio]]), TabelaMap[Trecho Coordenação], "-", 0 )} -> POV-PRV | BE27: =IFERROR(_xlfn.XLOOKUP(AO27, BASE_MAPA!$B$2:$B$420, BASE_MAPA!$G$2:$G$420), "ERRO") -> OURO VERDE - ANÁPOLIS | BF27: =IF(BS_CONTROLE[[#This Row],[Responsavel pelo boletim]]=0, "-", BS_CONTROLE[[#This Row],[Responsavel pelo boletim]]) -> Anotnio | BH27: 2 | BJ27: MC1 as 9h - Licença as 09:10h - em inspeção | BK27: Licença as 09:10h - em inspeção | BM27: OK | BN27: OK | BO27: OK | BQ27: =IF(AND(BR27<1,BS27<1),"Produção e Intervalo",IF(BR27<1,"Intervalo",IF(BS27<1,"Produção","Aderente"))) -> Aderente | BR27: =IF(OR(B27="",F27=""),"*",AY27/P27) -> 1 | BS27: =IF(OR(B27="",F27=""),"*",BA27/Q27) -> 1 | BT27: =IF(BN27="","",SUBSTITUTE(BM27," ","")&SUBSTITUTE(BN27," ","")) -> OKOK
A28: =D28&B28 | C28: =IF(BS_CONTROLE[[#This Row],[DATA]]="","",WEEKNUM(BS_CONTROLE[[#This Row],[DATA]])) | E28: 21 | G28: =IF(D28="","*",VLOOKUP(F28,BS_ATIVIDADE[#All],3,FALSE)) -> * | L28: - | M28: {=_xlfn.XLOOKUP( 1, ( TabelaMap[SUB] = BS_CONTROLE[[#This Row],[SUB]]) * ( TabelaMap[KM Inicio] <= BS_CONTROLE[[#This Row],[KM - Inicio]]) * ( TabelaMap[KM Fim] >= BS_CONTROLE[[#This Row],[KM - Inicio]]), TabelaMap[Trecho], "-", 0 )} -> - | N28: {=_xlfn.XLOOKUP( 1, ( TabelaMap[SUB] = BS_CONTROLE[[#This Row],[SUB]]) * ( TabelaMap[KM Inicio] <= BS_CONTROLE[[#This Row],[KM - Inicio]]) * ( TabelaMap[KM Fim] >= BS_CONTROLE[[#This Row],[KM - Inicio]]), TabelaMap[SB], "-", 0 )} -> - | R28: =IFERROR(_xlfn.XLOOKUP(F28, BS_ATIVIDADE[ATIVIDADE],BS_ATIVIDADE[UNIDADE] ), "*") -> * | S28: {=_xlfn.XLOOKUP( 1, ( TabelaMap[SUB] = BS_CONTROLE[[#This Row],[SUB]]) * ( TabelaMap[KM Inicio] <= BS_CONTROLE[[#This Row],[KM - Inicio]]) * ( TabelaMap[KM Fim] >= BS_CONTROLE[[#This Row],[KM - Inicio]]), TabelaMap[Gerência], "-", 0 )} -> - | T28: {=_xlfn.XLOOKUP( 1, ( TabelaMap[SUB] = BS_CONTROLE[[#This Row],[SUB]]) * ( TabelaMap[KM Inicio] <= BS_CONTROLE[[#This Row],[KM - Inicio]]) * ( TabelaMap[KM Fim] >= BS_CONTROLE[[#This Row],[KM - Inicio]]), TabelaMap[Trecho Coordenação], "-", 0 )} -> - | U28: =IFERROR(_xlfn.XLOOKUP(J28, BASE_MAPA!$B$2:$B$420, BASE_MAPA!$G$2:$G$420), "ERRO") -> ERRO | AI28: =IF(BS_CONTROLE[[#This Row],[Atividade]]=0, "-", BS_CONTROLE[[#This Row],[Atividade]]) -> - | AJ28: =IF(D28="","*",VLOOKUP(AI28,BS_ATIVIDADE[#Data],3,FALSE)) -> * | AK28: =IF(BS_CONTROLE[[#This Row],[Local - Partida]]=0, "-", BS_CONTROLE[[#This Row],[Local - Partida]]) -> - | AL28: =IF(BS_CONTROLE[[#This Row],[Local - Encerramento]]=0, "-", BS_CONTROLE[[#This Row],[Local - Encerramento]]) -> - | AM28: =IF(BS_CONTROLE[[#This Row],[Entre - Estações]]=0, "-", BS_CONTROLE[[#This Row],[Entre - Estações]]) -> - | AN28: =IF(BS_CONTROLE[[#This Row],[SB]]=0, "-", BS_CONTROLE[[#This Row],[SB]]) -> - | AO28: =IF(BS_CONTROLE[[#This Row],[SUB]]=0, "-", BS_CONTROLE[[#This Row],[SUB]]) -> - | AP28: =IF(BS_CONTROLE[[#This Row],[KM - Inicio]]=0, "-", BS_CONTROLE[[#This Row],[KM - Inicio]]) -> - | AQ28: =IF(BS_CONTROLE[[#This Row],[KM - Fim]]=0, "-", BS_CONTROLE[[#This Row],[KM - Fim]]) -> - | AY28: =IF(D28="","*",IFERROR(IF(ISODD(COUNT(AS28:AX30)),"ERRO",SUM((AT28-AS28),(AV28-AU28),(AX28-AW28))),"ERRO")) -> * | BB28: =IFERROR(_xlfn.XLOOKUP(AI28, BS_ATIVIDADE[ATIVIDADE],BS_ATIVIDADE[UNIDADE] ), "*") -> * | BC28: {=_xlfn.XLOOKUP( 1, ( TabelaMap[SUB] = BS_CONTROLE[[#This Row],[SUB]]) * ( TabelaMap[KM Inicio] <= BS_CONTROLE[[#This Row],[KM - Inicio]]) * ( TabelaMap[KM Fim] >= BS_CONTROLE[[#This Row],[KM - Inicio]]), TabelaMap[Gerência], "-", 0 )} -> - | BD28: {=_xlfn.XLOOKUP( 1, ( TabelaMap[SUB] = BS_CONTROLE[[#This Row],[SUB_5]]) * ( TabelaMap[KM Inicio] <= BS_CONTROLE[[#This Row],[KM - Inicio]]) * ( TabelaMap[KM Fim] >= BS_CONTROLE[[#This Row],[KM - Inicio]]), TabelaMap[Trecho Coordenação], "-", 0 )} -> - | BE28: =IFERROR(_xlfn.XLOOKUP(AO28, BASE_MAPA!$B$2:$B$420, BASE_MAPA!$G$2:$G$420), "ERRO") -> ERRO | BF28: =IF(BS_CONTROLE[[#This Row],[Responsavel pelo boletim]]=0, "-", BS_CONTROLE[[#This Row],[Responsavel pelo boletim]]) -> - | BQ28: =IF(AND(BR28<1,BS28<1),"Produção e Intervalo",IF(BR28<1,"Intervalo",IF(BS28<1,"Produção","Aderente"))) -> Aderente | BR28: =IF(OR(B28="",F28=""),"*",AY28/P28) -> * | BS28: =IF(OR(B28="",F28=""),"*",BA28/Q28) -> * | BT28: =IF(BN28="","",SUBSTITUTE(BM28," ","")&SUBSTITUTE(BN28," ",""))
A29: =D29&B29 | C29: =IF(BS_CONTROLE[[#This Row],[DATA]]="","",WEEKNUM(BS_CONTROLE[[#This Row],[DATA]])) | E29: 22 | G29: =IF(D29="","*",VLOOKUP(F29,BS_ATIVIDADE[#All],3,FALSE)) -> * | L29: - | M29: {=_xlfn.XLOOKUP( 1, ( TabelaMap[SUB] = BS_CONTROLE[[#This Row],[SUB]]) * ( TabelaMap[KM Inicio] <= BS_CONTROLE[[#This Row],[KM - Inicio]]) * ( TabelaMap[KM Fim] >= BS_CONTROLE[[#This Row],[KM - Inicio]]), TabelaMap[Trecho], "-", 0 )} -> - | N29: {=_xlfn.XLOOKUP( 1, ( TabelaMap[SUB] = BS_CONTROLE[[#This Row],[SUB]]) * ( TabelaMap[KM Inicio] <= BS_CONTROLE[[#This Row],[KM - Inicio]]) * ( TabelaMap[KM Fim] >= BS_CONTROLE[[#This Row],[KM - Inicio]]), TabelaMap[SB], "-", 0 )} -> - | R29: =IFERROR(_xlfn.XLOOKUP(F29, BS_ATIVIDADE[ATIVIDADE],BS_ATIVIDADE[UNIDADE] ), "*") -> * | S29: {=_xlfn.XLOOKUP( 1, ( TabelaMap[SUB] = BS_CONTROLE[[#This Row],[SUB]]) * ( TabelaMap[KM Inicio] <= BS_CONTROLE[[#This Row],[KM - Inicio]]) * ( TabelaMap[KM Fim] >= BS_CONTROLE[[#This Row],[KM - Inicio]]), TabelaMap[Gerência], "-", 0 )} -> - | T29: {=_xlfn.XLOOKUP( 1, ( TabelaMap[SUB] = BS_CONTROLE[[#This Row],[SUB]]) * ( TabelaMap[KM Inicio] <= BS_CONTROLE[[#This Row],[KM - Inicio]]) * ( TabelaMap[KM Fim] >= BS_CONTROLE[[#This Row],[KM - Inicio]]), TabelaMap[Trecho Coordenação], "-", 0 )} -> - | U29: =IFERROR(_xlfn.XLOOKUP(J29, BASE_MAPA!$B$2:$B$420, BASE_MAPA!$G$2:$G$420), "ERRO") -> ERRO | AI29: =IF(BS_CONTROLE[[#This Row],[Atividade]]=0, "-", BS_CONTROLE[[#This Row],[Atividade]]) -> - | AJ29: =IF(D29="","*",VLOOKUP(AI29,BS_ATIVIDADE[#Data],3,FALSE)) -> * | AK29: =IF(BS_CONTROLE[[#This Row],[Local - Partida]]=0, "-", BS_CONTROLE[[#This Row],[Local - Partida]]) -> - | AL29: =IF(BS_CONTROLE[[#This Row],[Local - Encerramento]]=0, "-", BS_CONTROLE[[#This Row],[Local - Encerramento]]) -> - | AM29: =IF(BS_CONTROLE[[#This Row],[Entre - Estações]]=0, "-", BS_CONTROLE[[#This Row],[Entre - Estações]]) -> - | AN29: =IF(BS_CONTROLE[[#This Row],[SB]]=0, "-", BS_CONTROLE[[#This Row],[SB]]) -> - | AO29: =IF(BS_CONTROLE[[#This Row],[SUB]]=0, "-", BS_CONTROLE[[#This Row],[SUB]]) -> - | AP29: =IF(BS_CONTROLE[[#This Row],[KM - Inicio]]=0, "-", BS_CONTROLE[[#This Row],[KM - Inicio]]) -> - | AQ29: =IF(BS_CONTROLE[[#This Row],[KM - Fim]]=0, "-", BS_CONTROLE[[#This Row],[KM - Fim]]) -> - | AY29: =IF(D29="","*",IFERROR(IF(ISODD(COUNT(AS29:AX30)),"ERRO",SUM((AT29-AS29),(AV29-AU29),(AX29-AW29))),"ERRO")) -> * | BB29: =IFERROR(_xlfn.XLOOKUP(AI29, BS_ATIVIDADE[ATIVIDADE],BS_ATIVIDADE[UNIDADE] ), "*") -> * | BC29: {=_xlfn.XLOOKUP( 1, ( TabelaMap[SUB] = BS_CONTROLE[[#This Row],[SUB]]) * ( TabelaMap[KM Inicio] <= BS_CONTROLE[[#This Row],[KM - Inicio]]) * ( TabelaMap[KM Fim] >= BS_CONTROLE[[#This Row],[KM - Inicio]]), TabelaMap[Gerência], "-", 0 )} -> - | BD29: {=_xlfn.XLOOKUP( 1, ( TabelaMap[SUB] = BS_CONTROLE[[#This Row],[SUB_5]]) * ( TabelaMap[KM Inicio] <= BS_CONTROLE[[#This Row],[KM - Inicio]]) * ( TabelaMap[KM Fim] >= BS_CONTROLE[[#This Row],[KM - Inicio]]), TabelaMap[Trecho Coordenação], "-", 0 )} -> - | BE29: =IFERROR(_xlfn.XLOOKUP(AO29, BASE_MAPA!$B$2:$B$420, BASE_MAPA!$G$2:$G$420), "ERRO") -> ERRO | BF29: =IF(BS_CONTROLE[[#This Row],[Responsavel pelo boletim]]=0, "-", BS_CONTROLE[[#This Row],[Responsavel pelo boletim]]) -> - | BQ29: =IF(AND(BR29<1,BS29<1),"Produção e Intervalo",IF(BR29<1,"Intervalo",IF(BS29<1,"Produção","Aderente"))) -> Aderente | BR29: =IF(OR(B29="",F29=""),"*",AY29/P29) -> * | BS29: =IF(OR(B29="",F29=""),"*",BA29/Q29) -> * | BT29: =IF(BN29="","",SUBSTITUTE(BM29," ","")&SUBSTITUTE(BN29," ",""))
A30: =D30&B30 -> V86 | C30: =IF(BS_CONTROLE[[#This Row],[DATA]]="","",WEEKNUM(BS_CONTROLE[[#This Row],[DATA]])) | D30: V86 | E30: 23 | F30: MECANIZAÇÃO - SOCADORA | G30: =IF(D30="","*",VLOOKUP(F30,BS_ATIVIDADE[#All],3,FALSE)) -> MECANIZAÇÃO - SOCADORA | H30: TSF | I30: TSF | J30: 98 | K30: 723 | L30: 720 | M30: TSF-TRO | N30: TSF732/TSFPAT1 | O30: 0.4375 | P30: 0.125 | Q30: 1120 | R30: M | S30: FERRONORTE | T30: TGR-TRO | U30: ALTO ARAGUAIA - RONDONOPOLIS | V30: Antonioni | W30: Socaria mecanizada | X30: Oportunidade | AD30: 0.29166667 | AE30: 6636 | AI30: =IF(BS_CONTROLE[[#This Row],[Atividade]]=0, "-", BS_CONTROLE[[#This Row],[Atividade]]) -> MECANIZAÇÃO - SOCADORA | AJ30: =IF(D30="","*",VLOOKUP(AI30,BS_ATIVIDADE[#Data],3,FALSE)) -> MECANIZAÇÃO - SOCADORA | AK30: =IF(BS_CONTROLE[[#This Row],[Local - Partida]]=0, "-", BS_CONTROLE[[#This Row],[Local - Partida]]) -> TSF | AL30: =IF(BS_CONTROLE[[#This Row],[Local - Encerramento]]=0, "-", BS_CONTROLE[[#This Row],[Local - Encerramento]]) -> TSF | AM30: =IF(BS_CONTROLE[[#This Row],[Entre - Estações]]=0, "-", BS_CONTROLE[[#This Row],[Entre - Estações]]) -> TSF-TRO | AN30: =IF(BS_CONTROLE[[#This Row],[SB]]=0, "-", BS_CONTROLE[[#This Row],[SB]]) -> TSF732/TSFPAT1 | AO30: =IF(BS_CONTROLE[[#This Row],[SUB]]=0, "-", BS_CONTROLE[[#This Row],[SUB]]) -> 98 | AP30: =IF(BS_CONTROLE[[#This Row],[KM - Inicio]]=0, "-", BS_CONTROLE[[#This Row],[KM - Inicio]]) -> 723 | AQ30: =IF(BS_CONTROLE[[#This Row],[KM - Fim]]=0, "-", BS_CONTROLE[[#This Row],[KM - Fim]]) -> 720 | AY30: =IF(D30="","*",IFERROR(IF(ISODD(COUNT(AS30:AX31)),"ERRO",SUM((AT30-AS30),(AV30-AU30),(AX30-AW30))),"ERRO")) -> 0 | BB30: =IFERROR(_xlfn.XLOOKUP(AI30, BS_ATIVIDADE[ATIVIDADE],BS_ATIVIDADE[UNIDADE] ), "*") -> M | BC30: {=_xlfn.XLOOKUP( 1, ( TabelaMap[SUB] = BS_CONTROLE[[#This Row],[SUB]]) * ( TabelaMap[KM Inicio] <= BS_CONTROLE[[#This Row],[KM - Inicio]]) * ( TabelaMap[KM Fim] >= BS_CONTROLE[[#This Row],[KM - Inicio]]), TabelaMap[Gerência], "-", 0 )} -> FERRONORTE | BD30: {=_xlfn.XLOOKUP( 1, ( TabelaMap[SUB] = BS_CONTROLE[[#This Row],[SUB_5]]) * ( TabelaMap[KM Inicio] <= BS_CONTROLE[[#This Row],[KM - Inicio]]) * ( TabelaMap[KM Fim] >= BS_CONTROLE[[#This Row],[KM - Inicio]]), TabelaMap[Trecho Coordenação], "-", 0 )} -> TGR-TRO | BE30: =IFERROR(_xlfn.XLOOKUP(AO30, BASE_MAPA!$B$2:$B$420, BASE_MAPA!$G$2:$G$420), "ERRO") -> ALTO ARAGUAIA - RONDONOPOLIS | BF30: =IF(BS_CONTROLE[[#This Row],[Responsavel pelo boletim]]=0, "-", BS_CONTROLE[[#This Row],[Responsavel pelo boletim]]) -> Antonioni | BQ30: =IF(AND(BR30<1,BS30<1),"Produção e Intervalo",IF(BR30<1,"Intervalo",IF(BS30<1,"Produção","Aderente"))) -> Aderente | BR30: =IF(OR(B30="",F30=""),"*",AY30/P30) -> * | BS30: =IF(OR(B30="",F30=""),"*",BA30/Q30) -> * | BT30: =IF(BN30="","",SUBSTITUTE(BM30," ","")&SUBSTITUTE(BN30," ",""))
A31: =D31&B31 -> W7046057 | B31: 46057 | C31: =IF(BS_CONTROLE[[#This Row],[DATA]]="","",WEEKNUM(BS_CONTROLE[[#This Row],[DATA]])) -> 6 | D31: W70 | E31: 25 | F31: PDM - PEDRA - DESCARGA | G31: =IF(D31="","*",VLOOKUP(F31,BS_ATIVIDADE[#All],3,FALSE)) -> PEDRA | H31: TIQ2 | I31: TGR2 | J31: 98 | K31: 700 | L31: 703 | M31: {=_xlfn.XLOOKUP( 1, ( TabelaMap[SUB] = BS_CONTROLE[[#This Row],[SUB]]) * ( TabelaMap[KM Inicio] <= BS_CONTROLE[[#This Row],[KM - Inicio]]) * ( TabelaMap[KM Fim] >= BS_CONTROLE[[#This Row],[KM - Inicio]]), TabelaMap[Trecho], "-", 0 )} -> TAL-TSF | N31: {=_xlfn.XLOOKUP( 1, ( TabelaMap[SUB] = BS_CONTROLE[[#This Row],[SUB]]) * ( TabelaMap[KM Inicio] <= BS_CONTROLE[[#This Row],[KM - Inicio]]) * ( TabelaMap[KM Fim] >= BS_CONTROLE[[#This Row],[KM - Inicio]]), TabelaMap[SB], "-", 0 )} -> 699710 | O31: 0.41666667 | P31: 0.125 | Q31: 27 | R31: =IFERROR(_xlfn.XLOOKUP(F31, BS_ATIVIDADE[ATIVIDADE],BS_ATIVIDADE[UNIDADE] ), "*") -> VAGÕES | S31: {=_xlfn.XLOOKUP( 1, ( TabelaMap[SUB] = BS_CONTROLE[[#This Row],[SUB]]) * ( TabelaMap[KM Inicio] <= BS_CONTROLE[[#This Row],[KM - Inicio]]) * ( TabelaMap[KM Fim] >= BS_CONTROLE[[#This Row],[KM - Inicio]]), TabelaMap[Gerência], "-", 0 )} -> FERRONORTE | T31: {=_xlfn.XLOOKUP( 1, ( TabelaMap[SUB] = BS_CONTROLE[[#This Row],[SUB]]) * ( TabelaMap[KM Inicio] <= BS_CONTROLE[[#This Row],[KM - Inicio]]) * ( TabelaMap[KM Fim] >= BS_CONTROLE[[#This Row],[KM - Inicio]]), TabelaMap[Trecho Coordenação], "-", 0 )} -> TGR-TRO | U31: =IFERROR(_xlfn.XLOOKUP(J31, BASE_MAPA!$B$2:$B$420, BASE_MAPA!$G$2:$G$420), "ERRO") -> ALTO ARAGUAIA - RONDONOPOLIS | V31: Camila | W31: Descarga de pedra | X31: Oportunidade | Y31: OPORTUNIDADE | AA31: 2 (Kleyton e Tiago) | AB31: FIXO | AD31: 0.29166667 | AE31: 9425 | AF31: 7632 | AG31: 9414 | AI31: DESLOCAMENTO | AJ31: =IF(D31="","*",VLOOKUP(AI31,BS_ATIVIDADE[#Data],3,FALSE)) -> OUTROS | AK31: =IF(BS_CONTROLE[[#This Row],[Local - Partida]]=0, "-", BS_CONTROLE[[#This Row],[Local - Partida]]) -> TIQ2 | AL31: =IF(BS_CONTROLE[[#This Row],[Local - Encerramento]]=0, "-", BS_CONTROLE[[#This Row],[Local - Encerramento]]) -> TGR2 | AM31: =IF(BS_CONTROLE[[#This Row],[Entre - Estações]]=0, "-", BS_CONTROLE[[#This Row],[Entre - Estações]]) -> TAL-TSF | AN31: =IF(BS_CONTROLE[[#This Row],[SB]]=0, "-", BS_CONTROLE[[#This Row],[SB]]) -> 699710 | AO31: =IF(BS_CONTROLE[[#This Row],[SUB]]=0, "-", BS_CONTROLE[[#This Row],[SUB]]) -> 98 | AP31: =IF(BS_CONTROLE[[#This Row],[KM - Inicio]]=0, "-", BS_CONTROLE[[#This Row],[KM - Inicio]]) -> 700 | AQ31: =IF(BS_CONTROLE[[#This Row],[KM - Fim]]=0, "-", BS_CONTROLE[[#This Row],[KM - Fim]]) -> 703 | AR31: 0.41597222 | AS31: 0.69375 | AT31: 0.71736111 | AY31: =IF(D31="","*",IFERROR(IF(ISODD(COUNT(AS31:AX32)),"ERRO",SUM((AT31-AS31),(AV31-AU31),(AX31-AW31))),"ERRO")) -> 0.023611111 | BA31: 1 | BB31: =IFERROR(_xlfn.XLOOKUP(AI31, BS_ATIVIDADE[ATIVIDADE],BS_ATIVIDADE[UNIDADE] ), "*") -> BINÁRIO | BC31: {=_xlfn.XLOOKUP( 1, ( TabelaMap[SUB] = BS_CONTROLE[[#This Row],[SUB]]) * ( TabelaMap[KM Inicio] <= BS_CONTROLE[[#This Row],[KM - Inicio]]) * ( TabelaMap[KM Fim] >= BS_CONTROLE[[#This Row],[KM - Inicio]]), TabelaMap[Gerência], "-", 0 )} -> FERRONORTE | BD31: {=_xlfn.XLOOKUP( 1, ( TabelaMap[SUB] = BS_CONTROLE[[#This Row],[SUB_5]]) * ( TabelaMap[KM Inicio] <= BS_CONTROLE[[#This Row],[KM - Inicio]]) * ( TabelaMap[KM Fim] >= BS_CONTROLE[[#This Row],[KM - Inicio]]), TabelaMap[Trecho Coordenação], "-", 0 )} -> TGR-TRO | BE31: =IFERROR(_xlfn.XLOOKUP(AO31, BASE_MAPA!$B$2:$B$420, BASE_MAPA!$G$2:$G$420), "ERRO") -> ALTO ARAGUAIA - RONDONOPOLIS | BF31: =IF(BS_CONTROLE[[#This Row],[Responsavel pelo boletim]]=0, "-", BS_CONTROLE[[#This Row],[Responsavel pelo boletim]]) -> Camila | BH31: 2 | BJ31: MC1 as 09:59h - Licença 10:55h | BK31: Licença 10:55h deslocando pro km de descarga - sem oportunidade de intervalo recolhe em TGR | BM31: CCO Circulação | BN31: Intervalo Oportunidade | BO31: Sem oportunidade | BQ31: =IF(AND(BR31<1,BS31<1),"Produção e Intervalo",IF(BR31<1,"Intervalo",IF(BS31<1,"Produção","Aderente"))) -> Produção e Intervalo | BR31: =IF(OR(B31="",F31=""),"*",AY31/P31) -> 0.18888889 | BS31: =IF(OR(B31="",F31=""),"*",BA31/Q31) -> 0.037037037 | BT31: =IF(BN31="","",SUBSTITUTE(BM31," ","")&SUBSTITUTE(BN31," ","")) -> CCOCirculaçãoIntervaloOportunidade
A32: =D32&B32 -> BRUNO (TF-525)46057 | B32: 46057 | C32: =IF(BS_CONTROLE[[#This Row],[DATA]]="","",WEEKNUM(BS_CONTROLE[[#This Row],[DATA]])) -> 6 | D32: BRUNO (TF-525) | E32: 27 | F32: PDM - SOLDA | G32: =IF(D32="","*",VLOOKUP(F32,BS_ATIVIDADE[#All],3,FALSE)) -> SOLDA | H32: 539TRM | I32: - | J32: 98 | K32: 548.145 | L32: - | M32: TBE-TRM | N32: 539TRM | O32: 0.375 | P32: 0.125 | Q32: 2 | R32: Nº DE SOLDA | S32: FERRONORTE | T32: TGR-TRO | U32: ALTO ARAGUAIA - RONDONOPOLIS | V32: Bruno | W32: Execução de solda - Condicionado a temperatura | X32: Oportunidade | AI32: =IF(BS_CONTROLE[[#This Row],[Atividade]]=0, "-", BS_CONTROLE[[#This Row],[Atividade]]) -> PDM - SOLDA | AJ32: =IF(D32="","*",VLOOKUP(AI32,BS_ATIVIDADE[#Data],3,FALSE)) -> SOLDA | AK32: =IF(BS_CONTROLE[[#This Row],[Local - Partida]]=0, "-", BS_CONTROLE[[#This Row],[Local - Partida]]) -> 539TRM | AL32: =IF(BS_CONTROLE[[#This Row],[Local - Encerramento]]=0, "-", BS_CONTROLE[[#This Row],[Local - Encerramento]]) -> - | AM32: =IF(BS_CONTROLE[[#This Row],[Entre - Estações]]=0, "-", BS_CONTROLE[[#This Row],[Entre - Estações]]) -> TBE-TRM | AN32: =IF(BS_CONTROLE[[#This Row],[SB]]=0, "-", BS_CONTROLE[[#This Row],[SB]]) -> 539TRM | AO32: =IF(BS_CONTROLE[[#This Row],[SUB]]=0, "-", BS_CONTROLE[[#This Row],[SUB]]) -> 98 | AP32: =IF(BS_CONTROLE[[#This Row],[KM - Inicio]]=0, "-", BS_CONTROLE[[#This Row],[KM - Inicio]]) -> 548.145 | AQ32: =IF(BS_CONTROLE[[#This Row],[KM - Fim]]=0, "-", BS_CONTROLE[[#This Row],[KM - Fim]]) -> - | AR32: 0.32638889 | AS32: 0 | AT32: 0 | AY32: =IF(D32="","*",IFERROR(IF(ISODD(COUNT(AS32:AX33)),"ERRO",SUM((AT32-AS32),(AV32-AU32),(AX32-AW32))),"ERRO")) -> 0 | BA32: 0 | BB32: =IFERROR(_xlfn.XLOOKUP(AI32, BS_ATIVIDADE[ATIVIDADE],BS_ATIVIDADE[UNIDADE] ), "*") -> Nº DE SOLDA | BC32: {=_xlfn.XLOOKUP( 1, ( TabelaMap[SUB] = BS_CONTROLE[[#This Row],[SUB]]) * ( TabelaMap[KM Inicio] <= BS_CONTROLE[[#This Row],[KM - Inicio]]) * ( TabelaMap[KM Fim] >= BS_CONTROLE[[#This Row],[KM - Inicio]]), TabelaMap[Gerência], "-", 0 )} -> FERRONORTE | BD32: {=_xlfn.XLOOKUP( 1, ( TabelaMap[SUB] = BS_CONTROLE[[#This Row],[SUB_5]]) * ( TabelaMap[KM Inicio] <= BS_CONTROLE[[#This Row],[KM - Inicio]]) * ( TabelaMap[KM Fim] >= BS_CONTROLE[[#This Row],[KM - Inicio]]), TabelaMap[Trecho Coordenação], "-", 0 )} -> TGR-TRO | BE32: =IFERROR(_xlfn.XLOOKUP(AO32, BASE_MAPA!$B$2:$B$420, BASE_MAPA!$G$2:$G$420), "ERRO") -> ALTO ARAGUAIA - RONDONOPOLIS | BF32: =IF(BS_CONTROLE[[#This Row],[Responsavel pelo boletim]]=0, "-", BS_CONTROLE[[#This Row],[Responsavel pelo boletim]]) -> Bruno | BH32: 0 | BJ32: Pronto as 07:50h - verificar oportunidade após C71 | BK32: Sem oportunidade | BM32: CCO Circulação | BN32: Intervalo Oportunidade | BO32: Sem oportunidade | BQ32: =IF(AND(BR32<1,BS32<1),"Produção e Intervalo",IF(BR32<1,"Intervalo",IF(BS32<1,"Produção","Aderente"))) -> Produção e Intervalo | BR32: =IF(OR(B32="",F32=""),"*",AY32/P32) -> 0 | BS32: =IF(OR(B32="",F32=""),"*",BA32/Q32) -> 0 | BT32: =IF(BN32="","",SUBSTITUTE(BM32," ","")&SUBSTITUTE(BN32," ","")) -> CCOCirculaçãoIntervaloOportunidade
A33: =D33&B33 -> E4646057 | B33: 46057 | C33: =IF(BS_CONTROLE[[#This Row],[DATA]]="","",WEEKNUM(BS_CONTROLE[[#This Row],[DATA]])) -> 6 | D33: E46 | E33: 29 | F33: DESLOCAMENTO | G33: =IF(D33="","*",VLOOKUP(F33,BS_ATIVIDADE[#All],3,FALSE)) -> OUTROS | H33: TGR2 | I33: TIN | J33: 98 | K33: 502 | L33: 109 | M33: TGR-TIN | N33: TGRTIN | O33: 0.41666667 | P33: 0.041666667 | Q33: 1 | R33: =IFERROR(_xlfn.XLOOKUP(F33, BS_ATIVIDADE[ATIVIDADE],BS_ATIVIDADE[UNIDADE] ), "*") -> BINÁRIO | S33: {=_xlfn.XLOOKUP( 1, ( TabelaMap[SUB] = BS_CONTROLE[[#This Row],[SUB]]) * ( TabelaMap[KM Inicio] <= BS_CONTROLE[[#This Row],[KM - Inicio]]) * ( TabelaMap[KM Fim] >= BS_CONTROLE[[#This Row],[KM - Inicio]]), TabelaMap[Gerência], "-", 0 )} -> FERRONORTE | T33: {=_xlfn.XLOOKUP( 1, ( TabelaMap[SUB] = BS_CONTROLE[[#This Row],[SUB]]) * ( TabelaMap[KM Inicio] <= BS_CONTROLE[[#This Row],[KM - Inicio]]) * ( TabelaMap[KM Fim] >= BS_CONTROLE[[#This Row],[KM - Inicio]]), TabelaMap[Trecho Coordenação], "-", 0 )} -> TGR-TRO | U33: =IFERROR(_xlfn.XLOOKUP(J33, BASE_MAPA!$B$2:$B$420, BASE_MAPA!$G$2:$G$420), "ERRO") -> ALTO ARAGUAIA - RONDONOPOLIS | V33: PCM | W33: Deslocamento de TAG para abastecer no TOM e seguir para TIN | X33: Oportunidade | Y33: OPORTUNIDADE | AA33: 2 | AB33: ESCALA | AD33: 0.29166667 | AE33: 9323 | AF33: 7636 | AI33: =IF(BS_CONTROLE[[#This Row],[Atividade]]=0, "-", BS_CONTROLE[[#This Row],[Atividade]]) -> DESLOCAMENTO | AJ33: =IF(D33="","*",VLOOKUP(AI33,BS_ATIVIDADE[#Data],3,FALSE)) -> OUTROS | AK33: =IF(BS_CONTROLE[[#This Row],[Local - Partida]]=0, "-", BS_CONTROLE[[#This Row],[Local - Partida]]) -> TGR2 | AL33: =IF(BS_CONTROLE[[#This Row],[Local - Encerramento]]=0, "-", BS_CONTROLE[[#This Row],[Local - Encerramento]]) -> TIN | AM33: =IF(BS_CONTROLE[[#This Row],[Entre - Estações]]=0, "-", BS_CONTROLE[[#This Row],[Entre - Estações]]) -> TGR-TIN | AN33: =IF(BS_CONTROLE[[#This Row],[SB]]=0, "-", BS_CONTROLE[[#This Row],[SB]]) -> TGRTIN | AO33: =IF(BS_CONTROLE[[#This Row],[SUB]]=0, "-", BS_CONTROLE[[#This Row],[SUB]]) -> 98 | AP33: =IF(BS_CONTROLE[[#This Row],[KM - Inicio]]=0, "-", BS_CONTROLE[[#This Row],[KM - Inicio]]) -> 502 | AQ33: =IF(BS_CONTROLE[[#This Row],[KM - Fim]]=0, "-", BS_CONTROLE[[#This Row],[KM - Fim]]) -> 109 | AR33: 0 | AS33: 0 | AT33: 0 | AY33: =IF(D33="","*",IFERROR(IF(ISODD(COUNT(AS33:AX34)),"ERRO",SUM((AT33-AS33),(AV33-AU33),(AX33-AW33))),"ERRO")) -> 0 | BA33: 0 | BB33: =IFERROR(_xlfn.XLOOKUP(AI33, BS_ATIVIDADE[ATIVIDADE],BS_ATIVIDADE[UNIDADE] ), "*") -> BINÁRIO | BC33: {=_xlfn.XLOOKUP( 1, ( TabelaMap[SUB] = BS_CONTROLE[[#This Row],[SUB]]) * ( TabelaMap[KM Inicio] <= BS_CONTROLE[[#This Row],[KM - Inicio]]) * ( TabelaMap[KM Fim] >= BS_CONTROLE[[#This Row],[KM - Inicio]]), TabelaMap[Gerência], "-", 0 )} -> FERRONORTE | BD33: {=_xlfn.XLOOKUP( 1, ( TabelaMap[SUB] = BS_CONTROLE[[#This Row],[SUB_5]]) * ( TabelaMap[KM Inicio] <= BS_CONTROLE[[#This Row],[KM - Inicio]]) * ( TabelaMap[KM Fim] >= BS_CONTROLE[[#This Row],[KM - Inicio]]), TabelaMap[Trecho Coordenação], "-", 0 )} -> TGR-TRO | BE33: =IFERROR(_xlfn.XLOOKUP(AO33, BASE_MAPA!$B$2:$B$420, BASE_MAPA!$G$2:$G$420), "ERRO") -> ALTO ARAGUAIA - RONDONOPOLIS | BF33: =IF(BS_CONTROLE[[#This Row],[Responsavel pelo boletim]]=0, "-", BS_CONTROLE[[#This Row],[Responsavel pelo boletim]]) -> PCM | BH33: 0 | BJ33: Aguardando atendimento da mecânica na loco 9414 | BK33: Aguardando atendimento da mecânica na loco 9414 - mecanica atuando na loco | BM33: Mecânica | BN33: Locomotiva | BO33: Avaria | BQ33: =IF(AND(BR33<1,BS33<1),"Produção e Intervalo",IF(BR33<1,"Intervalo",IF(BS33<1,"Produção","Aderente"))) -> Produção e Intervalo | BR33: =IF(OR(B33="",F33=""),"*",AY33/P33) -> 0 | BS33: =IF(OR(B33="",F33=""),"*",BA33/Q33) -> 0 | BT33: =IF(BN33="","",SUBSTITUTE(BM33," ","")&SUBSTITUTE(BN33," ","")) -> MecânicaLocomotiva
A34: =D34&B34 -> ELSON (TF-526)46057 | B34: 46057 | C34: =IF(BS_CONTROLE[[#This Row],[DATA]]="","",WEEKNUM(BS_CONTROLE[[#This Row],[DATA]])) -> 6 | D34: ELSON (TF-526) | E34: 6 | F34: PDM - SOLDA | G34: SOLDA | H34: 499TGR1 | I34: - | J34: 74 | K34: 498.9 | L34: - | M34: TBR-TGR | N34: 499TGR2 | O34: 0.41666667 | P34: 0.125 | Q34: 1 | R34: Nº DE SOLDA | S34: FERRONORTE | T34: TCS-TGR | U34: MARCO INICIAL - ALTO ARAGUAIA | V34: Elson | W34: Execução de solda - Condicionado a temperatura | X34: Oportunidade | AI34: =IF(BS_CONTROLE[[#This Row],[Atividade]]=0, "-", BS_CONTROLE[[#This Row],[Atividade]]) -> PDM - SOLDA | AJ34: =IF(D34="","*",VLOOKUP(AI34,BS_ATIVIDADE[#Data],3,FALSE)) -> SOLDA | AK34: =IF(BS_CONTROLE[[#This Row],[Local - Partida]]=0, "-", BS_CONTROLE[[#This Row],[Local - Partida]]) -> 499TGR1 | AL34: =IF(BS_CONTROLE[[#This Row],[Local - Encerramento]]=0, "-", BS_CONTROLE[[#This Row],[Local - Encerramento]]) -> - | AM34: =IF(BS_CONTROLE[[#This Row],[Entre - Estações]]=0, "-", BS_CONTROLE[[#This Row],[Entre - Estações]]) -> TBR-TGR | AN34: =IF(BS_CONTROLE[[#This Row],[SB]]=0, "-", BS_CONTROLE[[#This Row],[SB]]) -> 499TGR2 | AO34: =IF(BS_CONTROLE[[#This Row],[SUB]]=0, "-", BS_CONTROLE[[#This Row],[SUB]]) -> 74 | AP34: =IF(BS_CONTROLE[[#This Row],[KM - Inicio]]=0, "-", BS_CONTROLE[[#This Row],[KM - Inicio]]) -> 498.9 | AQ34: =IF(BS_CONTROLE[[#This Row],[KM - Fim]]=0, "-", BS_CONTROLE[[#This Row],[KM - Fim]]) -> - | AR34: 0.33958333 | AS34: 0.52638889 | AT34: 0.60972222 | AY34: =IF(D34="","*",IFERROR(IF(ISODD(COUNT(AS34:AX35)),"ERRO",SUM((AT34-AS34),(AV34-AU34),(AX34-AW34))),"ERRO")) -> 0.083333333 | BA34: 1 | BB34: =IFERROR(_xlfn.XLOOKUP(AI34, BS_ATIVIDADE[ATIVIDADE],BS_ATIVIDADE[UNIDADE] ), "*") -> Nº DE SOLDA | BC34: {=_xlfn.XLOOKUP( 1, ( TabelaMap[SUB] = BS_CONTROLE[[#This Row],[SUB]]) * ( TabelaMap[KM Inicio] <= BS_CONTROLE[[#This Row],[KM - Inicio]]) * ( TabelaMap[KM Fim] >= BS_CONTROLE[[#This Row],[KM - Inicio]]), TabelaMap[Gerência], "-", 0 )} -> FERRONORTE | BD34: {=_xlfn.XLOOKUP( 1, ( TabelaMap[SUB] = BS_CONTROLE[[#This Row],[SUB_5]]) * ( TabelaMap[KM Inicio] <= BS_CONTROLE[[#This Row],[KM - Inicio]]) * ( TabelaMap[KM Fim] >= BS_CONTROLE[[#This Row],[KM - Inicio]]), TabelaMap[Trecho Coordenação], "-", 0 )} -> TCS-TGR | BE34: =IFERROR(_xlfn.XLOOKUP(AO34, BASE_MAPA!$B$2:$B$420, BASE_MAPA!$G$2:$G$420), "ERRO") -> MARCO INICIAL - ALTO ARAGUAIA | BF34: =IF(BS_CONTROLE[[#This Row],[Responsavel pelo boletim]]=0, "-", BS_CONTROLE[[#This Row],[Responsavel pelo boletim]]) -> Elson | BH34: 2 | BJ34: Pronto as 08:09h Aguardando melhorar clima no local | BK34: Intervalo das 12:38h as 14:38h | BM34: CCO Circulação | BN34: Intervalo Oportunidade | BO34: Concedido intervalo parcial | BQ34: =IF(AND(BR34<1,BS34<1),"Produção e Intervalo",IF(BR34<1,"Intervalo",IF(BS34<1,"Produção","Aderente"))) -> Intervalo | BR34: =IF(OR(B34="",F34=""),"*",AY34/P34) -> 0.66666667 | BS34: =IF(OR(B34="",F34=""),"*",BA34/Q34) -> 1 | BT34: =IF(BN34="","",SUBSTITUTE(BM34," ","")&SUBSTITUTE(BN34," ","")) -> CCOCirculaçãoIntervaloOportunidade
A35: =D35&B35 -> MARCOS (TF-520)46057 | B35: 46057 | C35: =IF(BS_CONTROLE[[#This Row],[DATA]]="","",WEEKNUM(BS_CONTROLE[[#This Row],[DATA]])) -> 6 | D35: MARCOS (TF-520) | E35: 32 | F35: PDM - SOLDA | G35: =IF(D35="","*",VLOOKUP(F35,BS_ATIVIDADE[#All],3,FALSE)) -> SOLDA | H35: 277TCS | I35: - | J35: 74 | K35: 280.5 | L35: - | M35: {=_xlfn.XLOOKUP( 1, ( TabelaMap[SUB] = BS_CONTROLE[[#This Row],[SUB]]) * ( TabelaMap[KM Inicio] <= BS_CONTROLE[[#This Row],[KM - Inicio]]) * ( TabelaMap[KM Fim] >= BS_CONTROLE[[#This Row],[KM - Inicio]]), TabelaMap[Trecho], "-", 0 )} -> TJA-TCS | N35: {=_xlfn.XLOOKUP( 1, ( TabelaMap[SUB] = BS_CONTROLE[[#This Row],[SUB]]) * ( TabelaMap[KM Inicio] <= BS_CONTROLE[[#This Row],[KM - Inicio]]) * ( TabelaMap[KM Fim] >= BS_CONTROLE[[#This Row],[KM - Inicio]]), TabelaMap[SB], "-", 0 )} -> 277TCS | O35: 0.375 | P35: 0.125 | Q35: 2 | R35: =IFERROR(_xlfn.XLOOKUP(F35, BS_ATIVIDADE[ATIVIDADE],BS_ATIVIDADE[UNIDADE] ), "*") -> Nº DE SOLDA | S35: {=_xlfn.XLOOKUP( 1, ( TabelaMap[SUB] = BS_CONTROLE[[#This Row],[SUB]]) * ( TabelaMap[KM Inicio] <= BS_CONTROLE[[#This Row],[KM - Inicio]]) * ( TabelaMap[KM Fim] >= BS_CONTROLE[[#This Row],[KM - Inicio]]), TabelaMap[Gerência], "-", 0 )} -> FERRONORTE | T35: {=_xlfn.XLOOKUP( 1, ( TabelaMap[SUB] = BS_CONTROLE[[#This Row],[SUB]]) * ( TabelaMap[KM Inicio] <= BS_CONTROLE[[#This Row],[KM - Inicio]]) * ( TabelaMap[KM Fim] >= BS_CONTROLE[[#This Row],[KM - Inicio]]), TabelaMap[Trecho Coordenação], "-", 0 )} -> TMI-TCS | U35: =IFERROR(_xlfn.XLOOKUP(J35, BASE_MAPA!$B$2:$B$420, BASE_MAPA!$G$2:$G$420), "ERRO") -> MARCO INICIAL - ALTO ARAGUAIA | V35: Herbert | W35: Execução de solda - Condicionado a temperatura | X35: Oportunidade | Y35: OPORTUNIDADE | AA35: - | AI35: =IF(BS_CONTROLE[[#This Row],[Atividade]]=0, "-", BS_CONTROLE[[#This Row],[Atividade]]) -> PDM - SOLDA | AJ35: =IF(D35="","*",VLOOKUP(AI35,BS_ATIVIDADE[#Data],3,FALSE)) -> SOLDA | AK35: =IF(BS_CONTROLE[[#This Row],[Local - Partida]]=0, "-", BS_CONTROLE[[#This Row],[Local - Partida]]) -> 277TCS | AL35: =IF(BS_CONTROLE[[#This Row],[Local - Encerramento]]=0, "-", BS_CONTROLE[[#This Row],[Local - Encerramento]]) -> - | AM35: =IF(BS_CONTROLE[[#This Row],[Entre - Estações]]=0, "-", BS_CONTROLE[[#This Row],[Entre - Estações]]) -> TJA-TCS | AN35: =IF(BS_CONTROLE[[#This Row],[SB]]=0, "-", BS_CONTROLE[[#This Row],[SB]]) -> 277TCS | AO35: =IF(BS_CONTROLE[[#This Row],[SUB]]=0, "-", BS_CONTROLE[[#This Row],[SUB]]) -> 74 | AP35: =IF(BS_CONTROLE[[#This Row],[KM - Inicio]]=0, "-", BS_CONTROLE[[#This Row],[KM - Inicio]]) -> 280.5 | AQ35: =IF(BS_CONTROLE[[#This Row],[KM - Fim]]=0, "-", BS_CONTROLE[[#This Row],[KM - Fim]]) -> - | AR35: 0.33611111 | AS35: 0 | AT35: 0 | AY35: =IF(D35="","*",IFERROR(IF(ISODD(COUNT(AS35:AX36)),"ERRO",SUM((AT35-AS35),(AV35-AU35),(AX35-AW35))),"ERRO")) -> 0 | BA35: 0 | BB35: =IFERROR(_xlfn.XLOOKUP(AI35, BS_ATIVIDADE[ATIVIDADE],BS_ATIVIDADE[UNIDADE] ), "*") -> Nº DE SOLDA | BC35: {=_xlfn.XLOOKUP( 1, ( TabelaMap[SUB] = BS_CONTROLE[[#This Row],[SUB]]) * ( TabelaMap[KM Inicio] <= BS_CONTROLE[[#This Row],[KM - Inicio]]) * ( TabelaMap[KM Fim] >= BS_CONTROLE[[#This Row],[KM - Inicio]]), TabelaMap[Gerência], "-", 0 )} -> FERRONORTE | BD35: {=_xlfn.XLOOKUP( 1, ( TabelaMap[SUB] = BS_CONTROLE[[#This Row],[SUB_5]]) * ( TabelaMap[KM Inicio] <= BS_CONTROLE[[#This Row],[KM - Inicio]]) * ( TabelaMap[KM Fim] >= BS_CONTROLE[[#This Row],[KM - Inicio]]), TabelaMap[Trecho Coordenação], "-", 0 )} -> TMI-TCS | BE35: =IFERROR(_xlfn.XLOOKUP(AO35, BASE_MAPA!$B$2:$B$420, BASE_MAPA!$G$2:$G$420), "ERRO") -> MARCO INICIAL - ALTO ARAGUAIA | BF35: =IF(BS_CONTROLE[[#This Row],[Responsavel pelo boletim]]=0, "-", BS_CONTROLE[[#This Row],[Responsavel pelo boletim]]) -> Herbert | BH35: 0 | BJ35: Pronto as 08:04h Aguardando melhorar clima no local | BK35: Pronto as 08:04h Aguardando melhorar clima no local | BM35: Condições Climática | BN35: Chuva | BO35: Chuva | BQ35: =IF(AND(BR35<1,BS35<1),"Produção e Intervalo",IF(BR35<1,"Intervalo",IF(BS35<1,"Produção","Aderente"))) -> Produção e Intervalo | BR35: =IF(OR(B35="",F35=""),"*",AY35/P35) -> 0 | BS35: =IF(OR(B35="",F35=""),"*",BA35/Q35) -> 0 | BT35: =IF(BN35="","",SUBSTITUTE(BM35," ","")&SUBSTITUTE(BN35," ","")) -> CondiçõesClimáticaChuva
A36: =D36&B36 -> W5046057 | B36: 46057 | C36: =IF(BS_CONTROLE[[#This Row],[DATA]]="","",WEEKNUM(BS_CONTROLE[[#This Row],[DATA]])) -> 6 | D36: W50 | E36: 34 | F36: MODERNIZAÇÃO - RECOLHIMENTO DE DORMENTE | G36: =IF(D36="","*",VLOOKUP(F36,BS_ATIVIDADE[#All],3,FALSE)) -> MODERNIZAÇÃO | H36: TCS2 | I36: TCS2 | J36: 74 | K36: 245 | L36: 244.2 | M36: TVI-TJA | N36: 239251 | O36: 0.35416667 | P36: 0.125 | Q36: 1000 | R36: Nº DE DORMENTES | S36: FERRONORTE | T36: TMI-TCS | U36: MARCO INICIAL - ALTO ARAGUAIA | V36: Augusto/ Efraim | W36: Recolhimento de dormentes | X36: Oportunidade | Y36: OPORTUNIDADE | AA36: 2 (Eder e Maicon) | AB36: FIXO | AD36: 0.29166667 | AE36: 7671 | AF36: 9322 | AI36: =IF(BS_CONTROLE[[#This Row],[Atividade]]=0, "-", BS_CONTROLE[[#This Row],[Atividade]]) -> MODERNIZAÇÃO - RECOLHIMENTO DE DORMENTE | AJ36: =IF(D36="","*",VLOOKUP(AI36,BS_ATIVIDADE[#Data],3,FALSE)) -> MODERNIZAÇÃO | AK36: =IF(BS_CONTROLE[[#This Row],[Local - Partida]]=0, "-", BS_CONTROLE[[#This Row],[Local - Partida]]) -> TCS2 | AL36: =IF(BS_CONTROLE[[#This Row],[Local - Encerramento]]=0, "-", BS_CONTROLE[[#This Row],[Local - Encerramento]]) -> TCS2 | AM36: =IF(BS_CONTROLE[[#This Row],[Entre - Estações]]=0, "-", BS_CONTROLE[[#This Row],[Entre - Estações]]) -> TVI-TJA | AN36: =IF(BS_CONTROLE[[#This Row],[SB]]=0, "-", BS_CONTROLE[[#This Row],[SB]]) -> 239251 | AO36: =IF(BS_CONTROLE[[#This Row],[SUB]]=0, "-", BS_CONTROLE[[#This Row],[SUB]]) -> 74 | AP36: =IF(BS_CONTROLE[[#This Row],[KM - Inicio]]=0, "-", BS_CONTROLE[[#This Row],[KM - Inicio]]) -> 245 | AQ36: =IF(BS_CONTROLE[[#This Row],[KM - Fim]]=0, "-", BS_CONTROLE[[#This Row],[KM - Fim]]) -> 244.2 | AR36: 0.32569444 | AS36: 0.41805556 | AT36: 0.46736111 | AY36: =IF(D36="","*",IFERROR(IF(ISODD(COUNT(AS36:AX36)),"ERRO",SUM((AT36-AS36),(AV36-AU36),(AX36-AW36))),"ERRO")) -> 0.049305556 | BA36: 135 | BB36: =IFERROR(_xlfn.XLOOKUP(AI36, BS_ATIVIDADE[ATIVIDADE],BS_ATIVIDADE[UNIDADE] ), "*") -> Nº DE DORMENTES | BC36: {=_xlfn.XLOOKUP( 1, ( TabelaMap[SUB] = BS_CONTROLE[[#This Row],[SUB]]) * ( TabelaMap[KM Inicio] <= BS_CONTROLE[[#This Row],[KM - Inicio]]) * ( TabelaMap[KM Fim] >= BS_CONTROLE[[#This Row],[KM - Inicio]]), TabelaMap[Gerência], "-", 0 )} -> FERRONORTE | BD36: {=_xlfn.XLOOKUP( 1, ( TabelaMap[SUB] = BS_CONTROLE[[#This Row],[SUB_5]]) * ( TabelaMap[KM Inicio] <= BS_CONTROLE[[#This Row],[KM - Inicio]]) * ( TabelaMap[KM Fim] >= BS_CONTROLE[[#This Row],[KM - Inicio]]), TabelaMap[Trecho Coordenação], "-", 0 )} -> TMI-TCS | BE36: =IFERROR(_xlfn.XLOOKUP(AO36, BASE_MAPA!$B$2:$B$420, BASE_MAPA!$G$2:$G$420), "ERRO") -> MARCO INICIAL - ALTO ARAGUAIA | BF36: =IF(BS_CONTROLE[[#This Row],[Responsavel pelo boletim]]=0, "-", BS_CONTROLE[[#This Row],[Responsavel pelo boletim]]) -> Augusto/ Efraim | BH36: 2 | BJ36: MC1 as 07:49h - Licença as 08:23h | BK36: Intervalo das 10:02h as 11:13h para recolha | BM36: CCO Circulação | BN36: Intervalo Oportunidade | BO36: Concedido intervalo parcial | BQ36: =IF(AND(BR36<1,BS36<1),"Produção e Intervalo",IF(BR36<1,"Intervalo",IF(BS36<1,"Produção","Aderente"))) -> Produção e Intervalo | BR36: =IF(OR(B36="",F36=""),"*",AY36/P36) -> 0.39444444 | BS36: =IF(OR(B36="",F36=""),"*",BA36/Q36) -> 0.135 | BT36: =IF(BN36="","",SUBSTITUTE(BM36," ","")&SUBSTITUTE(BN36," ","")) -> CCOCirculaçãoIntervaloOportunidade
A37: =D37&B37 -> A6046057 | B37: 46057 | C37: =IF(BS_CONTROLE[[#This Row],[DATA]]="","",WEEKNUM(BS_CONTROLE[[#This Row],[DATA]])) -> 6 | D37: A60 | E37: 37 | F37: DETECÇÃO - RONDA 7 DIAS | G37: =IF(D37="","*",VLOOKUP(F37,BS_ATIVIDADE[#All],3,FALSE)) -> DETECÇÃO | H37: TMI | I37: TCS2 | J37: 74 | K37: 1 | L37: 291 | M37: TMI-TCS | N37: TMITCS | O37: 0.375 | P37: 0.041666667 | Q37: 280 | R37: =IFERROR(_xlfn.XLOOKUP(F37, BS_ATIVIDADE[ATIVIDADE],BS_ATIVIDADE[UNIDADE] ), "*") -> KM | S37: {=_xlfn.XLOOKUP( 1, ( TabelaMap[SUB] = BS_CONTROLE[[#This Row],[SUB]]) * ( TabelaMap[KM Inicio] <= BS_CONTROLE[[#This Row],[KM - Inicio]]) * ( TabelaMap[KM Fim] >= BS_CONTROLE[[#This Row],[KM - Inicio]]), TabelaMap[Gerência], "-", 0 )} -> FERRONORTE | T37: {=_xlfn.XLOOKUP( 1, ( TabelaMap[SUB] = BS_CONTROLE[[#This Row],[SUB]]) * ( TabelaMap[KM Inicio] <= BS_CONTROLE[[#This Row],[KM - Inicio]]) * ( TabelaMap[KM Fim] >= BS_CONTROLE[[#This Row],[KM - Inicio]]), TabelaMap[Trecho Coordenação], "-", 0 )} -> TMI-TCS | U37: =IFERROR(_xlfn.XLOOKUP(J37, BASE_MAPA!$B$2:$B$420, BASE_MAPA!$G$2:$G$420), "ERRO") -> MARCO INICIAL - ALTO ARAGUAIA | V37: Herbert | W37: Ronda 7 dias | X37: Oportunidade | Y37: OPORTUNIDADE | AA37: 1 | AB37: FIXO | AD37: 0.29166667 | AE37: 5487 | AI37: =IF(BS_CONTROLE[[#This Row],[Atividade]]=0, "-", BS_CONTROLE[[#This Row],[Atividade]]) -> DETECÇÃO - RONDA 7 DIAS | AJ37: =IF(D37="","*",VLOOKUP(AI37,BS_ATIVIDADE[#Data],3,FALSE)) -> DETECÇÃO | AK37: =IF(BS_CONTROLE[[#This Row],[Local - Partida]]=0, "-", BS_CONTROLE[[#This Row],[Local - Partida]]) -> TMI | AL37: =IF(BS_CONTROLE[[#This Row],[Local - Encerramento]]=0, "-", BS_CONTROLE[[#This Row],[Local - Encerramento]]) -> TCS2 | AM37: =IF(BS_CONTROLE[[#This Row],[Entre - Estações]]=0, "-", BS_CONTROLE[[#This Row],[Entre - Estações]]) -> TMI-TCS | AN37: =IF(BS_CONTROLE[[#This Row],[SB]]=0, "-", BS_CONTROLE[[#This Row],[SB]]) -> TMITCS | AO37: =IF(BS_CONTROLE[[#This Row],[SUB]]=0, "-", BS_CONTROLE[[#This Row],[SUB]]) -> 74 | AP37: =IF(BS_CONTROLE[[#This Row],[KM - Inicio]]=0, "-", BS_CONTROLE[[#This Row],[KM - Inicio]]) -> 1 | AQ37: =IF(BS_CONTROLE[[#This Row],[KM - Fim]]=0, "-", BS_CONTROLE[[#This Row],[KM - Fim]]) -> 291 | AR37: 0.38611111 | AS37: 0 | AT37: 0.041666667 | AY37: =IF(D37="","*",IFERROR(IF(ISODD(COUNT(AS37:AX37)),"ERRO",SUM((AT37-AS37),(AV37-AU37),(AX37-AW37))),"ERRO")) -> 0.041666667 | BA37: 280 | BB37: =IFERROR(_xlfn.XLOOKUP(AI37, BS_ATIVIDADE[ATIVIDADE],BS_ATIVIDADE[UNIDADE] ), "*") -> KM | BC37: {=_xlfn.XLOOKUP( 1, ( TabelaMap[SUB] = BS_CONTROLE[[#This Row],[SUB]]) * ( TabelaMap[KM Inicio] <= BS_CONTROLE[[#This Row],[KM - Inicio]]) * ( TabelaMap[KM Fim] >= BS_CONTROLE[[#This Row],[KM - Inicio]]), TabelaMap[Gerência], "-", 0 )} -> FERRONORTE | BD37: {=_xlfn.XLOOKUP( 1, ( TabelaMap[SUB] = BS_CONTROLE[[#This Row],[SUB_5]]) * ( TabelaMap[KM Inicio] <= BS_CONTROLE[[#This Row],[KM - Inicio]]) * ( TabelaMap[KM Fim] >= BS_CONTROLE[[#This Row],[KM - Inicio]]), TabelaMap[Trecho Coordenação], "-", 0 )} -> TMI-TCS | BE37: =IFERROR(_xlfn.XLOOKUP(AO37, BASE_MAPA!$B$2:$B$420, BASE_MAPA!$G$2:$G$420), "ERRO") -> MARCO INICIAL - ALTO ARAGUAIA | BF37: =IF(BS_CONTROLE[[#This Row],[Responsavel pelo boletim]]=0, "-", BS_CONTROLE[[#This Row],[Responsavel pelo boletim]]) -> Herbert | BH37: 2 | BJ37: MC1 as 09:16 - Licença as 09:17h - em inspeção | BK37: Licença as 09:17h - em inspeção | BM37: OK | BN37: OK | BO37: OK | BQ37: =IF(AND(BR37<1,BS37<1),"Produção e Intervalo",IF(BR37<1,"Intervalo",IF(BS37<1,"Produção","Aderente"))) -> Aderente | BR37: =IF(OR(B37="",F37=""),"*",AY37/P37) -> 1 | BS37: =IF(OR(B37="",F37=""),"*",BA37/Q37) -> 1 | BT37: =IF(BN37="","",SUBSTITUTE(BM37," ","")&SUBSTITUTE(BN37," ","")) -> OKOK
A38: =D38&B38 -> TURMA FIXA VIA 46057 | B38: 46057 | C38: =IF(BS_CONTROLE[[#This Row],[DATA]]="","",WEEKNUM(BS_CONTROLE[[#This Row],[DATA]])) -> 6 | D38: TURMA FIXA VIA | E38: 38 | F38: PDM - SUBSTITUIÇÃO - TRILHO | G38: =IF(D38="","*",VLOOKUP(F38,BS_ATIVIDADE[#All],3,FALSE)) -> TRILHO - SUBSTITUIÇÂO | H38: PJGPSI | I38: - | J38: 101 | K38: 1413.05 | L38: - | M38: {=_xlfn.XLOOKUP( 1, ( TabelaMap[SUB] = BS_CONTROLE[[#This Row],[SUB]]) * ( TabelaMap[KM Inicio] <= BS_CONTROLE[[#This Row],[KM - Inicio]]) * ( TabelaMap[KM Fim] >= BS_CONTROLE[[#This Row],[KM - Inicio]]), TabelaMap[Trecho], "-", 0 )} -> PSI-PJG | N38: {=_xlfn.XLOOKUP( 1, ( TabelaMap[SUB] = BS_CONTROLE[[#This Row],[SUB]]) * ( TabelaMap[KM Inicio] <= BS_CONTROLE[[#This Row],[KM - Inicio]]) * ( TabelaMap[KM Fim] >= BS_CONTROLE[[#This Row],[KM - Inicio]]), TabelaMap[SB], "-", 0 )} -> PJGPSI | O38: 0.41666667 | P38: 0.083333333 | Q38: 8 | R38: =IFERROR(_xlfn.XLOOKUP(F38, BS_ATIVIDADE[ATIVIDADE],BS_ATIVIDADE[UNIDADE] ), "*") -> M | S38: {=_xlfn.XLOOKUP( 1, ( TabelaMap[SUB] = BS_CONTROLE[[#This Row],[SUB]]) * ( TabelaMap[KM Inicio] <= BS_CONTROLE[[#This Row],[KM - Inicio]]) * ( TabelaMap[KM Fim] >= BS_CONTROLE[[#This Row],[KM - Inicio]]), TabelaMap[Gerência], "-", 0 )} -> MALHA CENTRAL | T38: {=_xlfn.XLOOKUP( 1, ( TabelaMap[SUB] = BS_CONTROLE[[#This Row],[SUB]]) * ( TabelaMap[KM Inicio] <= BS_CONTROLE[[#This Row],[KM - Inicio]]) * ( TabelaMap[KM Fim] >= BS_CONTROLE[[#This Row],[KM - Inicio]]), TabelaMap[Trecho Coordenação], "-", 0 )} -> PPN-POV | U38: =IFERROR(_xlfn.XLOOKUP(J38, BASE_MAPA!$B$2:$B$420, BASE_MAPA!$G$2:$G$420), "ERRO") -> PORTO NACIONAL - OURO VERDE | V38: Carlito | W38: Substituição de barra curta | X38: Oportunidade | AI38: =IF(BS_CONTROLE[[#This Row],[Atividade]]=0, "-", BS_CONTROLE[[#This Row],[Atividade]]) -> PDM - SUBSTITUIÇÃO - TRILHO | AJ38: =IF(D38="","*",VLOOKUP(AI38,BS_ATIVIDADE[#Data],3,FALSE)) -> TRILHO - SUBSTITUIÇÂO | AK38: =IF(BS_CONTROLE[[#This Row],[Local - Partida]]=0, "-", BS_CONTROLE[[#This Row],[Local - Partida]]) -> PJGPSI | AL38: =IF(BS_CONTROLE[[#This Row],[Local - Encerramento]]=0, "-", BS_CONTROLE[[#This Row],[Local - Encerramento]]) -> - | AM38: =IF(BS_CONTROLE[[#This Row],[Entre - Estações]]=0, "-", BS_CONTROLE[[#This Row],[Entre - Estações]]) -> PSI-PJG | AN38: =IF(BS_CONTROLE[[#This Row],[SB]]=0, "-", BS_CONTROLE[[#This Row],[SB]]) -> PJGPSI | AO38: =IF(BS_CONTROLE[[#This Row],[SUB]]=0, "-", BS_CONTROLE[[#This Row],[SUB]]) -> 101 | AP38: =IF(BS_CONTROLE[[#This Row],[KM - Inicio]]=0, "-", BS_CONTROLE[[#This Row],[KM - Inicio]]) -> 1413.05 | AQ38: =IF(BS_CONTROLE[[#This Row],[KM - Fim]]=0, "-", BS_CONTROLE[[#This Row],[KM - Fim]]) -> - | AR38: 0.45833333 | AS38: 0.46180556 | AT38: 0.54513889 | AY38: =IF(D38="","*",IFERROR(IF(ISODD(COUNT(AS38:AX38)),"ERRO",SUM((AT38-AS38),(AV38-AU38),(AX38-AW38))),"ERRO")) -> 0.083333333 | BA38: 8 | BB38: =IFERROR(_xlfn.XLOOKUP(AI38, BS_ATIVIDADE[ATIVIDADE],BS_ATIVIDADE[UNIDADE] ), "*") -> M | BC38: {=_xlfn.XLOOKUP( 1, ( TabelaMap[SUB] = BS_CONTROLE[[#This Row],[SUB]]) * ( TabelaMap[KM Inicio] <= BS_CONTROLE[[#This Row],[KM - Inicio]]) * ( TabelaMap[KM Fim] >= BS_CONTROLE[[#This Row],[KM - Inicio]]), TabelaMap[Gerência], "-", 0 )} -> MALHA CENTRAL | BD38: {=_xlfn.XLOOKUP( 1, ( TabelaMap[SUB] = BS_CONTROLE[[#This Row],[SUB_5]]) * ( TabelaMap[KM Inicio] <= BS_CONTROLE[[#This Row],[KM - Inicio]]) * ( TabelaMap[KM Fim] >= BS_CONTROLE[[#This Row],[KM - Inicio]]), TabelaMap[Trecho Coordenação], "-", 0 )} -> PPN-POV | BE38: =IFERROR(_xlfn.XLOOKUP(AO38, BASE_MAPA!$B$2:$B$420, BASE_MAPA!$G$2:$G$420), "ERRO") -> PORTO NACIONAL - OURO VERDE | BF38: =IF(BS_CONTROLE[[#This Row],[Responsavel pelo boletim]]=0, "-", BS_CONTROLE[[#This Row],[Responsavel pelo boletim]]) -> Carlito | BH38: 2 | BJ38: Intervalo das 11:05 as 13:05h | BK38: Intervalo das 11:05 as 13:05h | BM38: OK | BN38: OK | BO38: OK | BQ38: =IF(AND(BR38<1,BS38<1),"Produção e Intervalo",IF(BR38<1,"Intervalo",IF(BS38<1,"Produção","Aderente"))) -> Intervalo | BR38: =IF(OR(B38="",F38=""),"*",AY38/P38) -> 1 | BS38: =IF(OR(B38="",F38=""),"*",BA38/Q38) -> 1 | BT38: =IF(BN38="","",SUBSTITUTE(BM38," ","")&SUBSTITUTE(BN38," ","")) -> OKOK
A39: =D39&B39 -> A7146057 | B39: 46057 | C39: =IF(BS_CONTROLE[[#This Row],[DATA]]="","",WEEKNUM(BS_CONTROLE[[#This Row],[DATA]])) -> 6 | D39: A71 | E39: 39 | F39: OUTRAS ATIVIDADES | G39: =IF(D39="","*",VLOOKUP(F39,BS_ATIVIDADE[#All],3,FALSE)) -> OUTROS | H39: PTRPNV | I39: POSPNV | J39: 103 | K39: 1585.5 | L39: 1533.5 | M39: {=_xlfn.XLOOKUP( 1, ( TabelaMap[SUB] = BS_CONTROLE[[#This Row],[SUB]]) * ( TabelaMap[KM Inicio] <= BS_CONTROLE[[#This Row],[KM - Inicio]]) * ( TabelaMap[KM Fim] >= BS_CONTROLE[[#This Row],[KM - Inicio]]), TabelaMap[Trecho], "-", 0 )} -> PNV-PTR | N39: {=_xlfn.XLOOKUP( 1, ( TabelaMap[SUB] = BS_CONTROLE[[#This Row],[SUB]]) * ( TabelaMap[KM Inicio] <= BS_CONTROLE[[#This Row],[KM - Inicio]]) * ( TabelaMap[KM Fim] >= BS_CONTROLE[[#This Row],[KM - Inicio]]), TabelaMap[SB], "-", 0 )} -> PTRPNV | O39: 0.375 | P39: 0.041666667 | Q39: 1 | R39: =IFERROR(_xlfn.XLOOKUP(F39, BS_ATIVIDADE[ATIVIDADE],BS_ATIVIDADE[UNIDADE] ), "*") -> BINÁRIO | S39: {=_xlfn.XLOOKUP( 1, ( TabelaMap[SUB] = BS_CONTROLE[[#This Row],[SUB]]) * ( TabelaMap[KM Inicio] <= BS_CONTROLE[[#This Row],[KM - Inicio]]) * ( TabelaMap[KM Fim] >= BS_CONTROLE[[#This Row],[KM - Inicio]]), TabelaMap[Gerência], "-", 0 )} -> MALHA CENTRAL | T39: {=_xlfn.XLOOKUP( 1, ( TabelaMap[SUB] = BS_CONTROLE[[#This Row],[SUB]]) * ( TabelaMap[KM Inicio] <= BS_CONTROLE[[#This Row],[KM - Inicio]]) * ( TabelaMap[KM Fim] >= BS_CONTROLE[[#This Row],[KM - Inicio]]), TabelaMap[Trecho Coordenação], "-", 0 )} -> POV-PRV | U39: =IFERROR(_xlfn.XLOOKUP(J39, BASE_MAPA!$B$2:$B$420, BASE_MAPA!$G$2:$G$420), "ERRO") -> OURO VERDE - LIGAÇÃO | V39: Antonio Bezerra | W39: Troca de fixação | X39: Oportunidade | AI39: =IF(BS_CONTROLE[[#This Row],[Atividade]]=0, "-", BS_CONTROLE[[#This Row],[Atividade]]) -> OUTRAS ATIVIDADES | AJ39: =IF(D39="","*",VLOOKUP(AI39,BS_ATIVIDADE[#Data],3,FALSE)) -> OUTROS | AK39: =IF(BS_CONTROLE[[#This Row],[Local - Partida]]=0, "-", BS_CONTROLE[[#This Row],[Local - Partida]]) -> PTRPNV | AL39: =IF(BS_CONTROLE[[#This Row],[Local - Encerramento]]=0, "-", BS_CONTROLE[[#This Row],[Local - Encerramento]]) -> POSPNV | AM39: =IF(BS_CONTROLE[[#This Row],[Entre - Estações]]=0, "-", BS_CONTROLE[[#This Row],[Entre - Estações]]) -> PNV-PTR | AN39: =IF(BS_CONTROLE[[#This Row],[SB]]=0, "-", BS_CONTROLE[[#This Row],[SB]]) -> PTRPNV | AO39: =IF(BS_CONTROLE[[#This Row],[SUB]]=0, "-", BS_CONTROLE[[#This Row],[SUB]]) -> 103 | AP39: =IF(BS_CONTROLE[[#This Row],[KM - Inicio]]=0, "-", BS_CONTROLE[[#This Row],[KM - Inicio]]) -> 1585.5 | AQ39: =IF(BS_CONTROLE[[#This Row],[KM - Fim]]=0, "-", BS_CONTROLE[[#This Row],[KM - Fim]]) -> 1533.5 | AR39: 0.37777778 | AS39: 0.37847222 | AT39: 0.42013889 | AY39: =IF(D39="","*",IFERROR(IF(ISODD(COUNT(AS39:AX39)),"ERRO",SUM((AT39-AS39),(AV39-AU39),(AX39-AW39))),"ERRO")) -> 0.041666667 | BA39: 1 | BB39: =IFERROR(_xlfn.XLOOKUP(AI39, BS_ATIVIDADE[ATIVIDADE],BS_ATIVIDADE[UNIDADE] ), "*") -> BINÁRIO | BC39: {=_xlfn.XLOOKUP( 1, ( TabelaMap[SUB] = BS_CONTROLE[[#This Row],[SUB]]) * ( TabelaMap[KM Inicio] <= BS_CONTROLE[[#This Row],[KM - Inicio]]) * ( TabelaMap[KM Fim] >= BS_CONTROLE[[#This Row],[KM - Inicio]]), TabelaMap[Gerência], "-", 0 )} -> MALHA CENTRAL | BD39: {=_xlfn.XLOOKUP( 1, ( TabelaMap[SUB] = BS_CONTROLE[[#This Row],[SUB_5]]) * ( TabelaMap[KM Inicio] <= BS_CONTROLE[[#This Row],[KM - Inicio]]) * ( TabelaMap[KM Fim] >= BS_CONTROLE[[#This Row],[KM - Inicio]]), TabelaMap[Trecho Coordenação], "-", 0 )} -> POV-PRV | BE39: =IFERROR(_xlfn.XLOOKUP(AO39, BASE_MAPA!$B$2:$B$420, BASE_MAPA!$G$2:$G$420), "ERRO") -> OURO VERDE - LIGAÇÃO | BF39: =IF(BS_CONTROLE[[#This Row],[Responsavel pelo boletim]]=0, "-", BS_CONTROLE[[#This Row],[Responsavel pelo boletim]]) -> Antonio Bezerra | BH39: 2 | BJ39: MC1 as 09:04h - Licença as 09:05h | BK39: MC1 as 09:04h - Licença as 09:05h | BM39: OK | BN39: OK | BO39: OK | BQ39: =IF(AND(BR39<1,BS39<1),"Produção e Intervalo",IF(BR39<1,"Intervalo",IF(BS39<1,"Produção","Aderente"))) -> Aderente | BR39: =IF(OR(B39="",F39=""),"*",AY39/P39) -> 1 | BS39: =IF(OR(B39="",F39=""),"*",BA39/Q39) -> 1 | BT39: =IF(BN39="","",SUBSTITUTE(BM39," ","")&SUBSTITUTE(BN39," ","")) -> OKOK
A40: =D40&B40 -> A1746057 | B40: 46057 | C40: =IF(BS_CONTROLE[[#This Row],[DATA]]="","",WEEKNUM(BS_CONTROLE[[#This Row],[DATA]])) -> 6 | D40: A17 | E40: 40 | F40: INFRAESTRUTURA | G40: =IF(D40="","*",VLOOKUP(F40,BS_ATIVIDADE[#All],3,FALSE)) -> INFRAESTRUTURA | H40: PPGPTR | I40: PSGPAR | J40: 103 | K40: 1613 | L40: - | M40: {=_xlfn.XLOOKUP( 1, ( TabelaMap[SUB] = BS_CONTROLE[[#This Row],[SUB]]) * ( TabelaMap[KM Inicio] <= BS_CONTROLE[[#This Row],[KM - Inicio]]) * ( TabelaMap[KM Fim] >= BS_CONTROLE[[#This Row],[KM - Inicio]]), TabelaMap[Trecho], "-", 0 )} -> PTR-PPG | N40: {=_xlfn.XLOOKUP( 1, ( TabelaMap[SUB] = BS_CONTROLE[[#This Row],[SUB]]) * ( TabelaMap[KM Inicio] <= BS_CONTROLE[[#This Row],[KM - Inicio]]) * ( TabelaMap[KM Fim] >= BS_CONTROLE[[#This Row],[KM - Inicio]]), TabelaMap[SB], "-", 0 )} -> PPGPTR | O40: 0.375 | P40: 0.041666667 | Q40: 1 | R40: =IFERROR(_xlfn.XLOOKUP(F40, BS_ATIVIDADE[ATIVIDADE],BS_ATIVIDADE[UNIDADE] ), "*") -> Nº DE ITENS | S40: {=_xlfn.XLOOKUP( 1, ( TabelaMap[SUB] = BS_CONTROLE[[#This Row],[SUB]]) * ( TabelaMap[KM Inicio] <= BS_CONTROLE[[#This Row],[KM - Inicio]]) * ( TabelaMap[KM Fim] >= BS_CONTROLE[[#This Row],[KM - Inicio]]), TabelaMap[Gerência], "-", 0 )} -> MALHA CENTRAL | T40: {=_xlfn.XLOOKUP( 1, ( TabelaMap[SUB] = BS_CONTROLE[[#This Row],[SUB]]) * ( TabelaMap[KM Inicio] <= BS_CONTROLE[[#This Row],[KM - Inicio]]) * ( TabelaMap[KM Fim] >= BS_CONTROLE[[#This Row],[KM - Inicio]]), TabelaMap[Trecho Coordenação], "-", 0 )} -> POV-PRV | U40: =IFERROR(_xlfn.XLOOKUP(J40, BASE_MAPA!$B$2:$B$420, BASE_MAPA!$G$2:$G$420), "ERRO") -> OURO VERDE - LIGAÇÃO | V40: Anotnio bezerra | W40: Inspeção da Infra | X40: Oportunidade | AD40: 0.29166667 | AE40: 5301 | AI40: =IF(BS_CONTROLE[[#This Row],[Atividade]]=0, "-", BS_CONTROLE[[#This Row],[Atividade]]) -> INFRAESTRUTURA | AJ40: =IF(D40="","*",VLOOKUP(AI40,BS_ATIVIDADE[#Data],3,FALSE)) -> INFRAESTRUTURA | AK40: =IF(BS_CONTROLE[[#This Row],[Local - Partida]]=0, "-", BS_CONTROLE[[#This Row],[Local - Partida]]) -> PPGPTR | AL40: =IF(BS_CONTROLE[[#This Row],[Local - Encerramento]]=0, "-", BS_CONTROLE[[#This Row],[Local - Encerramento]]) -> PSGPAR | AM40: =IF(BS_CONTROLE[[#This Row],[Entre - Estações]]=0, "-", BS_CONTROLE[[#This Row],[Entre - Estações]]) -> PTR-PPG | AN40: =IF(BS_CONTROLE[[#This Row],[SB]]=0, "-", BS_CONTROLE[[#This Row],[SB]]) -> PPGPTR | AO40: =IF(BS_CONTROLE[[#This Row],[SUB]]=0, "-", BS_CONTROLE[[#This Row],[SUB]]) -> 103 | AP40: =IF(BS_CONTROLE[[#This Row],[KM - Inicio]]=0, "-", BS_CONTROLE[[#This Row],[KM - Inicio]]) -> 1613 | AQ40: =IF(BS_CONTROLE[[#This Row],[KM - Fim]]=0, "-", BS_CONTROLE[[#This Row],[KM - Fim]]) -> - | AR40: 0.38194444 | AS40: 0.38263889 | AT40: 0.42430556 | AY40: =IF(D40="","*",IFERROR(IF(ISODD(COUNT(AS40:AX42)),"ERRO",SUM((AT40-AS40),(AV40-AU40),(AX40-AW40))),"ERRO")) -> 0.041666667 | BA40: 1 | BB40: =IFERROR(_xlfn.XLOOKUP(AI40, BS_ATIVIDADE[ATIVIDADE],BS_ATIVIDADE[UNIDADE] ), "*") -> Nº DE ITENS | BC40: {=_xlfn.XLOOKUP( 1, ( TabelaMap[SUB] = BS_CONTROLE[[#This Row],[SUB]]) * ( TabelaMap[KM Inicio] <= BS_CONTROLE[[#This Row],[KM - Inicio]]) * ( TabelaMap[KM Fim] >= BS_CONTROLE[[#This Row],[KM - Inicio]]), TabelaMap[Gerência], "-", 0 )} -> MALHA CENTRAL | BD40: {=_xlfn.XLOOKUP( 1, ( TabelaMap[SUB] = BS_CONTROLE[[#This Row],[SUB_5]]) * ( TabelaMap[KM Inicio] <= BS_CONTROLE[[#This Row],[KM - Inicio]]) * ( TabelaMap[KM Fim] >= BS_CONTROLE[[#This Row],[KM - Inicio]]), TabelaMap[Trecho Coordenação], "-", 0 )} -> POV-PRV | BE40: =IFERROR(_xlfn.XLOOKUP(AO40, BASE_MAPA!$B$2:$B$420, BASE_MAPA!$G$2:$G$420), "ERRO") -> OURO VERDE - LIGAÇÃO | BF40: =IF(BS_CONTROLE[[#This Row],[Responsavel pelo boletim]]=0, "-", BS_CONTROLE[[#This Row],[Responsavel pelo boletim]]) -> Anotnio bezerra | BH40: 2 | BJ40: MC1 as 09:10h - Licença as 09:11h | BK40: MC1 as 09:10h - Licença as 09:11h | BM40: OK | BN40: OK | BO40: OK | BQ40: =IF(AND(BR40<1,BS40<1),"Produção e Intervalo",IF(BR40<1,"Intervalo",IF(BS40<1,"Produção","Aderente"))) -> Aderente | BR40: =IF(OR(B40="",F40=""),"*",AY40/P40) -> 1 | BS40: =IF(OR(B40="",F40=""),"*",BA40/Q40) -> 1 | BT40: =IF(BN40="","",SUBSTITUTE(BM40," ","")&SUBSTITUTE(BN40," ","")) -> OKOK
A41: =D41&B41 | C41: =IF(BS_CONTROLE[[#This Row],[DATA]]="","",WEEKNUM(BS_CONTROLE[[#This Row],[DATA]])) | E41: 41 | G41: =IF(D41="","*",VLOOKUP(F41,BS_ATIVIDADE[#All],3,FALSE)) -> * | L41: - | M41: {=_xlfn.XLOOKUP( 1, ( TabelaMap[SUB] = BS_CONTROLE[[#This Row],[SUB]]) * ( TabelaMap[KM Inicio] <= BS_CONTROLE[[#This Row],[KM - Inicio]]) * ( TabelaMap[KM Fim] >= BS_CONTROLE[[#This Row],[KM - Inicio]]), TabelaMap[Trecho], "-", 0 )} -> - | N41: {=_xlfn.XLOOKUP( 1, ( TabelaMap[SUB] = BS_CONTROLE[[#This Row],[SUB]]) * ( TabelaMap[KM Inicio] <= BS_CONTROLE[[#This Row],[KM - Inicio]]) * ( TabelaMap[KM Fim] >= BS_CONTROLE[[#This Row],[KM - Inicio]]), TabelaMap[SB], "-", 0 )} -> - | R41: =IFERROR(_xlfn.XLOOKUP(F41, BS_ATIVIDADE[ATIVIDADE],BS_ATIVIDADE[UNIDADE] ), "*") -> * | S41: {=_xlfn.XLOOKUP( 1, ( TabelaMap[SUB] = BS_CONTROLE[[#This Row],[SUB]]) * ( TabelaMap[KM Inicio] <= BS_CONTROLE[[#This Row],[KM - Inicio]]) * ( TabelaMap[KM Fim] >= BS_CONTROLE[[#This Row],[KM - Inicio]]), TabelaMap[Gerência], "-", 0 )} -> - | T41: {=_xlfn.XLOOKUP( 1, ( TabelaMap[SUB] = BS_CONTROLE[[#This Row],[SUB]]) * ( TabelaMap[KM Inicio] <= BS_CONTROLE[[#This Row],[KM - Inicio]]) * ( TabelaMap[KM Fim] >= BS_CONTROLE[[#This Row],[KM - Inicio]]), TabelaMap[Trecho Coordenação], "-", 0 )} -> - | U41: =IFERROR(_xlfn.XLOOKUP(J41, BASE_MAPA!$B$2:$B$420, BASE_MAPA!$G$2:$G$420), "ERRO") -> ERRO | AI41: =IF(BS_CONTROLE[[#This Row],[Atividade]]=0, "-", BS_CONTROLE[[#This Row],[Atividade]]) -> - | AJ41: =IF(D41="","*",VLOOKUP(AI41,BS_ATIVIDADE[#Data],3,FALSE)) -> * | AK41: =IF(BS_CONTROLE[[#This Row],[Local - Partida]]=0, "-", BS_CONTROLE[[#This Row],[Local - Partida]]) -> - | AL41: =IF(BS_CONTROLE[[#This Row],[Local - Encerramento]]=0, "-", BS_CONTROLE[[#This Row],[Local - Encerramento]]) -> - | AM41: =IF(BS_CONTROLE[[#This Row],[Entre - Estações]]=0, "-", BS_CONTROLE[[#This Row],[Entre - Estações]]) -> - | AN41: =IF(BS_CONTROLE[[#This Row],[SB]]=0, "-", BS_CONTROLE[[#This Row],[SB]]) -> - | AO41: =IF(BS_CONTROLE[[#This Row],[SUB]]=0, "-", BS_CONTROLE[[#This Row],[SUB]]) -> - | AP41: =IF(BS_CONTROLE[[#This Row],[KM - Inicio]]=0, "-", BS_CONTROLE[[#This Row],[KM - Inicio]]) -> - | AQ41: =IF(BS_CONTROLE[[#This Row],[KM - Fim]]=0, "-", BS_CONTROLE[[#This Row],[KM - Fim]]) -> - | AY41: =IF(D41="","*",IFERROR(IF(ISODD(COUNT(AS41:AX43)),"ERRO",SUM((AT41-AS41),(AV41-AU41),(AX41-AW41))),"ERRO")) -> * | BB41: =IFERROR(_xlfn.XLOOKUP(AI41, BS_ATIVIDADE[ATIVIDADE],BS_ATIVIDADE[UNIDADE] ), "*") -> * | BC41: {=_xlfn.XLOOKUP( 1, ( TabelaMap[SUB] = BS_CONTROLE[[#This Row],[SUB]]) * ( TabelaMap[KM Inicio] <= BS_CONTROLE[[#This Row],[KM - Inicio]]) * ( TabelaMap[KM Fim] >= BS_CONTROLE[[#This Row],[KM - Inicio]]), TabelaMap[Gerência], "-", 0 )} -> - | BD41: {=_xlfn.XLOOKUP( 1, ( TabelaMap[SUB] = BS_CONTROLE[[#This Row],[SUB_5]]) * ( TabelaMap[KM Inicio] <= BS_CONTROLE[[#This Row],[KM - Inicio]]) * ( TabelaMap[KM Fim] >= BS_CONTROLE[[#This Row],[KM - Inicio]]), TabelaMap[Trecho Coordenação], "-", 0 )} -> - | BE41: =IFERROR(_xlfn.XLOOKUP(AO41, BASE_MAPA!$B$2:$B$420, BASE_MAPA!$G$2:$G$420), "ERRO") -> ERRO | BF41: =IF(BS_CONTROLE[[#This Row],[Responsavel pelo boletim]]=0, "-", BS_CONTROLE[[#This Row],[Responsavel pelo boletim]]) -> - | BQ41: =IF(AND(BR41<1,BS41<1),"Produção e Intervalo",IF(BR41<1,"Intervalo",IF(BS41<1,"Produção","Aderente"))) -> Aderente | BR41: =IF(OR(B41="",F41=""),"*",AY41/P41) -> * | BS41: =IF(OR(B41="",F41=""),"*",BA41/Q41) -> * | BT41: =IF(BN41="","",SUBSTITUTE(BM41," ","")&SUBSTITUTE(BN41," ",""))
A42: =D42&B42 | C42: =IF(BS_CONTROLE[[#This Row],[DATA]]="","",WEEKNUM(BS_CONTROLE[[#This Row],[DATA]])) | E42: 42 | G42: =IF(D42="","*",VLOOKUP(F42,BS_ATIVIDADE[#All],3,FALSE)) -> * | L42: - | M42: {=_xlfn.XLOOKUP( 1, ( TabelaMap[SUB] = BS_CONTROLE[[#This Row],[SUB]]) * ( TabelaMap[KM Inicio] <= BS_CONTROLE[[#This Row],[KM - Inicio]]) * ( TabelaMap[KM Fim] >= BS_CONTROLE[[#This Row],[KM - Inicio]]), TabelaMap[Trecho], "-", 0 )} -> - | N42: {=_xlfn.XLOOKUP( 1, ( TabelaMap[SUB] = BS_CONTROLE[[#This Row],[SUB]]) * ( TabelaMap[KM Inicio] <= BS_CONTROLE[[#This Row],[KM - Inicio]]) * ( TabelaMap[KM Fim] >= BS_CONTROLE[[#This Row],[KM - Inicio]]), TabelaMap[SB], "-", 0 )} -> - | R42: =IFERROR(_xlfn.XLOOKUP(F42, BS_ATIVIDADE[ATIVIDADE],BS_ATIVIDADE[UNIDADE] ), "*") -> * | S42: {=_xlfn.XLOOKUP( 1, ( TabelaMap[SUB] = BS_CONTROLE[[#This Row],[SUB]]) * ( TabelaMap[KM Inicio] <= BS_CONTROLE[[#This Row],[KM - Inicio]]) * ( TabelaMap[KM Fim] >= BS_CONTROLE[[#This Row],[KM - Inicio]]), TabelaMap[Gerência], "-", 0 )} -> - | T42: {=_xlfn.XLOOKUP( 1, ( TabelaMap[SUB] = BS_CONTROLE[[#This Row],[SUB]]) * ( TabelaMap[KM Inicio] <= BS_CONTROLE[[#This Row],[KM - Inicio]]) * ( TabelaMap[KM Fim] >= BS_CONTROLE[[#This Row],[KM - Inicio]]), TabelaMap[Trecho Coordenação], "-", 0 )} -> - | U42: =IFERROR(_xlfn.XLOOKUP(J42, BASE_MAPA!$B$2:$B$420, BASE_MAPA!$G$2:$G$420), "ERRO") -> ERRO | AI42: =IF(BS_CONTROLE[[#This Row],[Atividade]]=0, "-", BS_CONTROLE[[#This Row],[Atividade]]) -> - | AJ42: =IF(D42="","*",VLOOKUP(AI42,BS_ATIVIDADE[#Data],3,FALSE)) -> * | AK42: =IF(BS_CONTROLE[[#This Row],[Local - Partida]]=0, "-", BS_CONTROLE[[#This Row],[Local - Partida]]) -> - | AL42: =IF(BS_CONTROLE[[#This Row],[Local - Encerramento]]=0, "-", BS_CONTROLE[[#This Row],[Local - Encerramento]]) -> - | AM42: =IF(BS_CONTROLE[[#This Row],[Entre - Estações]]=0, "-", BS_CONTROLE[[#This Row],[Entre - Estações]]) -> - | AN42: =IF(BS_CONTROLE[[#This Row],[SB]]=0, "-", BS_CONTROLE[[#This Row],[SB]]) -> - | AO42: =IF(BS_CONTROLE[[#This Row],[SUB]]=0, "-", BS_CONTROLE[[#This Row],[SUB]]) -> - | AP42: =IF(BS_CONTROLE[[#This Row],[KM - Inicio]]=0, "-", BS_CONTROLE[[#This Row],[KM - Inicio]]) -> - | AQ42: =IF(BS_CONTROLE[[#This Row],[KM - Fim]]=0, "-", BS_CONTROLE[[#This Row],[KM - Fim]]) -> - | AY42: =IF(D42="","*",IFERROR(IF(ISODD(COUNT(AS42:AX43)),"ERRO",SUM((AT42-AS42),(AV42-AU42),(AX42-AW42))),"ERRO")) -> * | BB42: =IFERROR(_xlfn.XLOOKUP(AI42, BS_ATIVIDADE[ATIVIDADE],BS_ATIVIDADE[UNIDADE] ), "*") -> * | BC42: {=_xlfn.XLOOKUP( 1, ( TabelaMap[SUB] = BS_CONTROLE[[#This Row],[SUB]]) * ( TabelaMap[KM Inicio] <= BS_CONTROLE[[#This Row],[KM - Inicio]]) * ( TabelaMap[KM Fim] >= BS_CONTROLE[[#This Row],[KM - Inicio]]), TabelaMap[Gerência], "-", 0 )} -> - | BD42: {=_xlfn.XLOOKUP( 1, ( TabelaMap[SUB] = BS_CONTROLE[[#This Row],[SUB_5]]) * ( TabelaMap[KM Inicio] <= BS_CONTROLE[[#This Row],[KM - Inicio]]) * ( TabelaMap[KM Fim] >= BS_CONTROLE[[#This Row],[KM - Inicio]]), TabelaMap[Trecho Coordenação], "-", 0 )} -> - | BE42: =IFERROR(_xlfn.XLOOKUP(AO42, BASE_MAPA!$B$2:$B$420, BASE_MAPA!$G$2:$G$420), "ERRO") -> ERRO | BF42: =IF(BS_CONTROLE[[#This Row],[Responsavel pelo boletim]]=0, "-", BS_CONTROLE[[#This Row],[Responsavel pelo boletim]]) -> - | BQ42: =IF(AND(BR42<1,BS42<1),"Produção e Intervalo",IF(BR42<1,"Intervalo",IF(BS42<1,"Produção","Aderente"))) -> Aderente | BR42: =IF(OR(B42="",F42=""),"*",AY42/P42) -> * | BS42: =IF(OR(B42="",F42=""),"*",BA42/Q42) -> * | BT42: =IF(BN42="","",SUBSTITUTE(BM42," ","")&SUBSTITUTE(BN42," ",""))
A43: =D43&B43 -> V8646058 | B43: 46058 | C43: =IF(BS_CONTROLE[[#This Row],[DATA]]="","",WEEKNUM(BS_CONTROLE[[#This Row],[DATA]])) -> 6 | D43: V86 | E43: 43 | F43: MECANIZAÇÃO - SOCADORA | G43: =IF(D43="","*",VLOOKUP(F43,BS_ATIVIDADE[#All],3,FALSE)) -> MECANIZAÇÃO - SOCADORA | H43: TSF | I43: TSF | J43: 98 | K43: 720.638 | L43: 723.21 | M43: {=_xlfn.XLOOKUP( 1, ( TabelaMap[SUB] = BS_CONTROLE[[#This Row],[SUB]]) * ( TabelaMap[KM Inicio] <= BS_CONTROLE[[#This Row],[KM - Inicio]]) * ( TabelaMap[KM Fim] >= BS_CONTROLE[[#This Row],[KM - Inicio]]), TabelaMap[Trecho], "-", 0 )} -> TSF-TEX | N43: {=_xlfn.XLOOKUP( 1, ( TabelaMap[SUB] = BS_CONTROLE[[#This Row],[SUB]]) * ( TabelaMap[KM Inicio] <= BS_CONTROLE[[#This Row],[KM - Inicio]]) * ( TabelaMap[KM Fim] >= BS_CONTROLE[[#This Row],[KM - Inicio]]), TabelaMap[SB], "-", 0 )} -> TSFPAT1 | O43: 0.4375 | P43: 0.125 | Q43: 1120 | R43: =IFERROR(_xlfn.XLOOKUP(F43, BS_ATIVIDADE[ATIVIDADE],BS_ATIVIDADE[UNIDADE] ), "*") -> M | S43: {=_xlfn.XLOOKUP( 1, ( TabelaMap[SUB] = BS_CONTROLE[[#This Row],[SUB]]) * ( TabelaMap[KM Inicio] <= BS_CONTROLE[[#This Row],[KM - Inicio]]) * ( TabelaMap[KM Fim] >= BS_CONTROLE[[#This Row],[KM - Inicio]]), TabelaMap[Gerência], "-", 0 )} -> FERRONORTE | T43: {=_xlfn.XLOOKUP( 1, ( TabelaMap[SUB] = BS_CONTROLE[[#This Row],[SUB]]) * ( TabelaMap[KM Inicio] <= BS_CONTROLE[[#This Row],[KM - Inicio]]) * ( TabelaMap[KM Fim] >= BS_CONTROLE[[#This Row],[KM - Inicio]]), TabelaMap[Trecho Coordenação], "-", 0 )} -> TGR-TRO | U43: =IFERROR(_xlfn.XLOOKUP(J43, BASE_MAPA!$B$2:$B$420, BASE_MAPA!$G$2:$G$420), "ERRO") -> ALTO ARAGUAIA - RONDONOPOLIS | V43: Antonioni | W43: Socaria mecanizada | X43: Oportunidade | Y43: OPORTUNIDADE | AA43: 1 | AB43: FIXO | AD43: 0.29166667 | AE43: 6636 | AI43: =IF(BS_CONTROLE[[#This Row],[Atividade]]=0, "-", BS_CONTROLE[[#This Row],[Atividade]]) -> MECANIZAÇÃO - SOCADORA | AJ43: =IF(D43="","*",VLOOKUP(AI43,BS_ATIVIDADE[#Data],3,FALSE)) -> MECANIZAÇÃO - SOCADORA | AK43: =IF(BS_CONTROLE[[#This Row],[Local - Partida]]=0, "-", BS_CONTROLE[[#This Row],[Local - Partida]]) -> TSF | AL43: =IF(BS_CONTROLE[[#This Row],[Local - Encerramento]]=0, "-", BS_CONTROLE[[#This Row],[Local - Encerramento]]) -> TSF | AM43: =IF(BS_CONTROLE[[#This Row],[Entre - Estações]]=0, "-", BS_CONTROLE[[#This Row],[Entre - Estações]]) -> TSF-TEX | AN43: =IF(BS_CONTROLE[[#This Row],[SB]]=0, "-", BS_CONTROLE[[#This Row],[SB]]) -> TSFPAT1 | AO43: =IF(BS_CONTROLE[[#This Row],[SUB]]=0, "-", BS_CONTROLE[[#This Row],[SUB]]) -> 98 | AP43: =IF(BS_CONTROLE[[#This Row],[KM - Inicio]]=0, "-", BS_CONTROLE[[#This Row],[KM - Inicio]]) -> 720.638 | AQ43: =IF(BS_CONTROLE[[#This Row],[KM - Fim]]=0, "-", BS_CONTROLE[[#This Row],[KM - Fim]]) -> 723.21 | AR43: 0.39722222 | AS43: 0 | AT43: 0 | AY43: =IF(D43="","*",IFERROR(IF(ISODD(COUNT(AS43:AX44)),"ERRO",SUM((AT43-AS43),(AV43-AU43),(AX43-AW43))),"ERRO")) -> 0 | BA43: 0 | BB43: =IFERROR(_xlfn.XLOOKUP(AI43, BS_ATIVIDADE[ATIVIDADE],BS_ATIVIDADE[UNIDADE] ), "*") -> M | BC43: {=_xlfn.XLOOKUP( 1, ( TabelaMap[SUB] = BS_CONTROLE[[#This Row],[SUB]]) * ( TabelaMap[KM Inicio] <= BS_CONTROLE[[#This Row],[KM - Inicio]]) * ( TabelaMap[KM Fim] >= BS_CONTROLE[[#This Row],[KM - Inicio]]), TabelaMap[Gerência], "-", 0 )} -> FERRONORTE | BD43: {=_xlfn.XLOOKUP( 1, ( TabelaMap[SUB] = BS_CONTROLE[[#This Row],[SUB_5]]) * ( TabelaMap[KM Inicio] <= BS_CONTROLE[[#This Row],[KM - Inicio]]) * ( TabelaMap[KM Fim] >= BS_CONTROLE[[#This Row],[KM - Inicio]]), TabelaMap[Trecho Coordenação], "-", 0 )} -> TGR-TRO | BE43: =IFERROR(_xlfn.XLOOKUP(AO43, BASE_MAPA!$B$2:$B$420, BASE_MAPA!$G$2:$G$420), "ERRO") -> ALTO ARAGUAIA - RONDONOPOLIS | BF43: =IF(BS_CONTROLE[[#This Row],[Responsavel pelo boletim]]=0, "-", BS_CONTROLE[[#This Row],[Responsavel pelo boletim]]) -> Antonioni | BH43: 0 | BJ43: Sem oportunidade devido circulação | BK43: Sem oportunidade devido circulação | BM43: CCO Circulação | BN43: Intervalo Oportunidade | BO43: Sem oportunidade | BQ43: =IF(AND(BR43<1,BS43<1),"Produção e Intervalo",IF(BR43<1,"Intervalo",IF(BS43<1,"Produção","Aderente"))) -> Produção e Intervalo | BR43: =IF(OR(B43="",F43=""),"*",AY43/P43) -> 0 | BS43: =IF(OR(B43="",F43=""),"*",BA43/Q43) -> 0 | BT43: =IF(BN43="","",SUBSTITUTE(BM43," ","")&SUBSTITUTE(BN43," ","")) -> CCOCirculaçãoIntervaloOportunidade
A44: =D44&B44 -> BRUNO (TF-525)46058 | B44: 46058 | C44: =IF(BS_CONTROLE[[#This Row],[DATA]]="","",WEEKNUM(BS_CONTROLE[[#This Row],[DATA]])) -> 6 | D44: BRUNO (TF-525) | E44: 27 | F44: PDM - SOLDA | G44: SOLDA | H44: 539TRM | I44: - | J44: 98 | K44: 548.145 | L44: - | M44: TBE-TRM | N44: 539TRM | O44: 0.375 | P44: 0.125 | Q44: 2 | R44: Nº DE SOLDA | S44: FERRONORTE | T44: TGR-TRO | U44: ALTO ARAGUAIA - RONDONOPOLIS | V44: Bruno | W44: Execução de solda - Condicionado a temperatura | X44: Oportunidade | Y44: OPORTUNIDADE | AA44: - | AI44: =IF(BS_CONTROLE[[#This Row],[Atividade]]=0, "-", BS_CONTROLE[[#This Row],[Atividade]]) -> PDM - SOLDA | AJ44: =IF(D44="","*",VLOOKUP(AI44,BS_ATIVIDADE[#Data],3,FALSE)) -> SOLDA | AK44: =IF(BS_CONTROLE[[#This Row],[Local - Partida]]=0, "-", BS_CONTROLE[[#This Row],[Local - Partida]]) -> 539TRM | AL44: =IF(BS_CONTROLE[[#This Row],[Local - Encerramento]]=0, "-", BS_CONTROLE[[#This Row],[Local - Encerramento]]) -> - | AM44: =IF(BS_CONTROLE[[#This Row],[Entre - Estações]]=0, "-", BS_CONTROLE[[#This Row],[Entre - Estações]]) -> TBE-TRM | AN44: =IF(BS_CONTROLE[[#This Row],[SB]]=0, "-", BS_CONTROLE[[#This Row],[SB]]) -> 539TRM | AO44: =IF(BS_CONTROLE[[#This Row],[SUB]]=0, "-", BS_CONTROLE[[#This Row],[SUB]]) -> 98 | AP44: =IF(BS_CONTROLE[[#This Row],[KM - Inicio]]=0, "-", BS_CONTROLE[[#This Row],[KM - Inicio]]) -> 548.145 | AQ44: =IF(BS_CONTROLE[[#This Row],[KM - Fim]]=0, "-", BS_CONTROLE[[#This Row],[KM - Fim]]) -> - | AR44: 0.33333333 | AS44: 0.36944444 | AT44: 0.45277778 | AY44: =IF(D44="","*",IFERROR(IF(ISODD(COUNT(AS44:AX46)),"ERRO",SUM((AT44-AS44),(AV44-AU44),(AX44-AW44))),"ERRO")) -> 0.083333333 | BA44: 2 | BB44: =IFERROR(_xlfn.XLOOKUP(AI44, BS_ATIVIDADE[ATIVIDADE],BS_ATIVIDADE[UNIDADE] ), "*") -> Nº DE SOLDA | BC44: {=_xlfn.XLOOKUP( 1, ( TabelaMap[SUB] = BS_CONTROLE[[#This Row],[SUB]]) * ( TabelaMap[KM Inicio] <= BS_CONTROLE[[#This Row],[KM - Inicio]]) * ( TabelaMap[KM Fim] >= BS_CONTROLE[[#This Row],[KM - Inicio]]), TabelaMap[Gerência], "-", 0 )} -> FERRONORTE | BD44: {=_xlfn.XLOOKUP( 1, ( TabelaMap[SUB] = BS_CONTROLE[[#This Row],[SUB_5]]) * ( TabelaMap[KM Inicio] <= BS_CONTROLE[[#This Row],[KM - Inicio]]) * ( TabelaMap[KM Fim] >= BS_CONTROLE[[#This Row],[KM - Inicio]]), TabelaMap[Trecho Coordenação], "-", 0 )} -> TGR-TRO | BE44: =IFERROR(_xlfn.XLOOKUP(AO44, BASE_MAPA!$B$2:$B$420, BASE_MAPA!$G$2:$G$420), "ERRO") -> ALTO ARAGUAIA - RONDONOPOLIS | BF44: =IF(BS_CONTROLE[[#This Row],[Responsavel pelo boletim]]=0, "-", BS_CONTROLE[[#This Row],[Responsavel pelo boletim]]) -> Bruno | BH44: 2 | BJ44: Pronto as 07:23h - Intervalo após o I01 | BK44: Intervalo das 08:52h as 10:52h | BM44: CCO Circulação | BN44: Intervalo Oportunidade | BO44: Concedido intervalo parcial | BQ44: =IF(AND(BR44<1,BS44<1),"Produção e Intervalo",IF(BR44<1,"Intervalo",IF(BS44<1,"Produção","Aderente"))) -> Intervalo | BR44: =IF(OR(B44="",F44=""),"*",AY44/P44) -> 0.66666667 | BS44: =IF(OR(B44="",F44=""),"*",BA44/Q44) -> 1 | BT44: =IF(BN44="","",SUBSTITUTE(BM44," ","")&SUBSTITUTE(BN44," ","")) -> CCOCirculaçãoIntervaloOportunidade
A45: =D45&B45 -> W7046058 | B45: 46058 | C45: =IF(BS_CONTROLE[[#This Row],[DATA]]="","",WEEKNUM(BS_CONTROLE[[#This Row],[DATA]])) -> 6 | D45: W70 | E45: 46 | F45: DESLOCAMENTO | G45: =IF(D45="","*",VLOOKUP(F45,BS_ATIVIDADE[#All],3,FALSE)) -> OUTROS | H45: TGR2 | I45: RVD | J45: 98 | K45: 502 | L45: - | M45: TGR-RVD | N45: TGRRVD | O45: 0.45833333 | P45: 0.041666667 | Q45: 1 | R45: =IFERROR(_xlfn.XLOOKUP(F45, BS_ATIVIDADE[ATIVIDADE],BS_ATIVIDADE[UNIDADE] ), "*") -> BINÁRIO | S45: {=_xlfn.XLOOKUP( 1, ( TabelaMap[SUB] = BS_CONTROLE[[#This Row],[SUB]]) * ( TabelaMap[KM Inicio] <= BS_CONTROLE[[#This Row],[KM - Inicio]]) * ( TabelaMap[KM Fim] >= BS_CONTROLE[[#This Row],[KM - Inicio]]), TabelaMap[Gerência], "-", 0 )} -> FERRONORTE | T45: {=_xlfn.XLOOKUP( 1, ( TabelaMap[SUB] = BS_CONTROLE[[#This Row],[SUB]]) * ( TabelaMap[KM Inicio] <= BS_CONTROLE[[#This Row],[KM - Inicio]]) * ( TabelaMap[KM Fim] >= BS_CONTROLE[[#This Row],[KM - Inicio]]), TabelaMap[Trecho Coordenação], "-", 0 )} -> TGR-TRO | U45: =IFERROR(_xlfn.XLOOKUP(J45, BASE_MAPA!$B$2:$B$420, BASE_MAPA!$G$2:$G$420), "ERRO") -> ALTO ARAGUAIA - RONDONOPOLIS | V45: Camila | W45: Retirar 7 vgs e deslocar pro FMT | X45: Oportunidade | Y45: OPORTUNIDADE | AA45: 2 (Enio e Daniel) | AB45: FIXO | AD45: 0.29166667 | AE45: 9425 | AF45: 7632 | AG45: 9414 | AI45: =IF(BS_CONTROLE[[#This Row],[Atividade]]=0, "-", BS_CONTROLE[[#This Row],[Atividade]]) -> DESLOCAMENTO | AJ45: =IF(D45="","*",VLOOKUP(AI45,BS_ATIVIDADE[#Data],3,FALSE)) -> OUTROS | AK45: =IF(BS_CONTROLE[[#This Row],[Local - Partida]]=0, "-", BS_CONTROLE[[#This Row],[Local - Partida]]) -> TGR2 | AL45: =IF(BS_CONTROLE[[#This Row],[Local - Encerramento]]=0, "-", BS_CONTROLE[[#This Row],[Local - Encerramento]]) -> RVD | AM45: =IF(BS_CONTROLE[[#This Row],[Entre - Estações]]=0, "-", BS_CONTROLE[[#This Row],[Entre - Estações]]) -> TGR-RVD | AN45: =IF(BS_CONTROLE[[#This Row],[SB]]=0, "-", BS_CONTROLE[[#This Row],[SB]]) -> TGRRVD | AO45: =IF(BS_CONTROLE[[#This Row],[SUB]]=0, "-", BS_CONTROLE[[#This Row],[SUB]]) -> 98 | AP45: =IF(BS_CONTROLE[[#This Row],[KM - Inicio]]=0, "-", BS_CONTROLE[[#This Row],[KM - Inicio]]) -> 502 | AQ45: =IF(BS_CONTROLE[[#This Row],[KM - Fim]]=0, "-", BS_CONTROLE[[#This Row],[KM - Fim]]) -> - | AR45: 0 | AS45: 0 | AT45: 0 | AY45: =IF(D45="","*",IFERROR(IF(ISODD(COUNT(AS45:AX46)),"ERRO",SUM((AT45-AS45),(AV45-AU45),(AX45-AW45))),"ERRO")) -> 0 | BA45: 0 | BB45: =IFERROR(_xlfn.XLOOKUP(AI45, BS_ATIVIDADE[ATIVIDADE],BS_ATIVIDADE[UNIDADE] ), "*") -> BINÁRIO | BC45: {=_xlfn.XLOOKUP( 1, ( TabelaMap[SUB] = BS_CONTROLE[[#This Row],[SUB]]) * ( TabelaMap[KM Inicio] <= BS_CONTROLE[[#This Row],[KM - Inicio]]) * ( TabelaMap[KM Fim] >= BS_CONTROLE[[#This Row],[KM - Inicio]]), TabelaMap[Gerência], "-", 0 )} -> FERRONORTE | BD45: {=_xlfn.XLOOKUP( 1, ( TabelaMap[SUB] = BS_CONTROLE[[#This Row],[SUB_5]]) * ( TabelaMap[KM Inicio] <= BS_CONTROLE[[#This Row],[KM - Inicio]]) * ( TabelaMap[KM Fim] >= BS_CONTROLE[[#This Row],[KM - Inicio]]), TabelaMap[Trecho Coordenação], "-", 0 )} -> TGR-TRO | BE45: =IFERROR(_xlfn.XLOOKUP(AO45, BASE_MAPA!$B$2:$B$420, BASE_MAPA!$G$2:$G$420), "ERRO") -> ALTO ARAGUAIA - RONDONOPOLIS | BF45: =IF(BS_CONTROLE[[#This Row],[Responsavel pelo boletim]]=0, "-", BS_CONTROLE[[#This Row],[Responsavel pelo boletim]]) -> Camila | BH45: 0 | BJ45: Sem oportunidade devido circulação | BK45: Sem oportunidade devido circulação | BM45: CCO Circulação | BN45: Intervalo Oportunidade | BO45: Sem oportunidade | BQ45: =IF(AND(BR45<1,BS45<1),"Produção e Intervalo",IF(BR45<1,"Intervalo",IF(BS45<1,"Produção","Aderente"))) -> Produção e Intervalo | BR45: =IF(OR(B45="",F45=""),"*",AY45/P45) -> 0 | BS45: =IF(OR(B45="",F45=""),"*",BA45/Q45) -> 0 | BT45: =IF(BN45="","",SUBSTITUTE(BM45," ","")&SUBSTITUTE(BN45," ","")) -> CCOCirculaçãoIntervaloOportunidade
A46: =D46&B46 -> E4646058 | B46: 46058 | C46: =IF(BS_CONTROLE[[#This Row],[DATA]]="","",WEEKNUM(BS_CONTROLE[[#This Row],[DATA]])) -> 6 | D46: E46 | E46: 29 | F46: DESLOCAMENTO | G46: OUTROS | H46: TGR2 | I46: TIN | J46: 98 | K46: 502 | L46: 109 | M46: TGR-TIN | N46: TGRTIN | O46: 0.41666667 | P46: 0.041666667 | Q46: 1 | R46: BINÁRIO | S46: FERRONORTE | T46: TGR-TRO | U46: ALTO ARAGUAIA - RONDONOPOLIS | V46: PCM | W46: Deslocamento de TAG para abastecer no TOM e seguir para TIN | X46: Oportunidade | Y46: OPORTUNIDADE | AA46: 2 (Kleyton e Tiago) | AB46: FIXO | AD46: 0.29166667 | AE46: 9323 | AF46: 7636 | AI46: =IF(BS_CONTROLE[[#This Row],[Atividade]]=0, "-", BS_CONTROLE[[#This Row],[Atividade]]) -> DESLOCAMENTO | AJ46: =IF(D46="","*",VLOOKUP(AI46,BS_ATIVIDADE[#Data],3,FALSE)) -> OUTROS | AK46: =IF(BS_CONTROLE[[#This Row],[Local - Partida]]=0, "-", BS_CONTROLE[[#This Row],[Local - Partida]]) -> TGR2 | AL46: =IF(BS_CONTROLE[[#This Row],[Local - Encerramento]]=0, "-", BS_CONTROLE[[#This Row],[Local - Encerramento]]) -> TIN | AM46: =IF(BS_CONTROLE[[#This Row],[Entre - Estações]]=0, "-", BS_CONTROLE[[#This Row],[Entre - Estações]]) -> TGR-TIN | AN46: =IF(BS_CONTROLE[[#This Row],[SB]]=0, "-", BS_CONTROLE[[#This Row],[SB]]) -> TGRTIN | AO46: =IF(BS_CONTROLE[[#This Row],[SUB]]=0, "-", BS_CONTROLE[[#This Row],[SUB]]) -> 98 | AP46: =IF(BS_CONTROLE[[#This Row],[KM - Inicio]]=0, "-", BS_CONTROLE[[#This Row],[KM - Inicio]]) -> 502 | AQ46: =IF(BS_CONTROLE[[#This Row],[KM - Fim]]=0, "-", BS_CONTROLE[[#This Row],[KM - Fim]]) -> 109 | AR46: 0.43611111 | AS46: 0 | AT46: 0.041666667 | AY46: =IF(D46="","*",IFERROR(IF(ISODD(COUNT(AS46:AX47)),"ERRO",SUM((AT46-AS46),(AV46-AU46),(AX46-AW46))),"ERRO")) -> 0.041666667 | BA46: 1 | BB46: =IFERROR(_xlfn.XLOOKUP(AI46, BS_ATIVIDADE[ATIVIDADE],BS_ATIVIDADE[UNIDADE] ), "*") -> BINÁRIO | BC46: {=_xlfn.XLOOKUP( 1, ( TabelaMap[SUB] = BS_CONTROLE[[#This Row],[SUB]]) * ( TabelaMap[KM Inicio] <= BS_CONTROLE[[#This Row],[KM - Inicio]]) * ( TabelaMap[KM Fim] >= BS_CONTROLE[[#This Row],[KM - Inicio]]), TabelaMap[Gerência], "-", 0 )} -> FERRONORTE | BD46: {=_xlfn.XLOOKUP( 1, ( TabelaMap[SUB] = BS_CONTROLE[[#This Row],[SUB_5]]) * ( TabelaMap[KM Inicio] <= BS_CONTROLE[[#This Row],[KM - Inicio]]) * ( TabelaMap[KM Fim] >= BS_CONTROLE[[#This Row],[KM - Inicio]]), TabelaMap[Trecho Coordenação], "-", 0 )} -> TGR-TRO | BE46: =IFERROR(_xlfn.XLOOKUP(AO46, BASE_MAPA!$B$2:$B$420, BASE_MAPA!$G$2:$G$420), "ERRO") -> ALTO ARAGUAIA - RONDONOPOLIS | BF46: =IF(BS_CONTROLE[[#This Row],[Responsavel pelo boletim]]=0, "-", BS_CONTROLE[[#This Row],[Responsavel pelo boletim]]) -> PCM | BH46: 2 | BJ46: Realizou deslocamento | BK46: Realizou deslocamento | BM46: OK | BN46: OK | BO46: OK | BQ46: =IF(AND(BR46<1,BS46<1),"Produção e Intervalo",IF(BR46<1,"Intervalo",IF(BS46<1,"Produção","Aderente"))) -> Aderente | BR46: =IF(OR(B46="",F46=""),"*",AY46/P46) -> 1 | BS46: =IF(OR(B46="",F46=""),"*",BA46/Q46) -> 1 | BT46: =IF(BN46="","",SUBSTITUTE(BM46," ","")&SUBSTITUTE(BN46," ","")) -> OKOK
A47: =D47&B47 -> ELSON (TF-526)46058 | B47: 46058 | C47: =IF(BS_CONTROLE[[#This Row],[DATA]]="","",WEEKNUM(BS_CONTROLE[[#This Row],[DATA]])) -> 6 | D47: ELSON (TF-526) | E47: 49 | F47: PDM - SOLDA | G47: =IF(D47="","*",VLOOKUP(F47,BS_ATIVIDADE[#All],3,FALSE)) -> SOLDA | H47: TPC440 | I47: - | J47: 74 | K47: 430.268 | L47: - | M47: {=_xlfn.XLOOKUP( 1, ( TabelaMap[SUB] = BS_CONTROLE[[#This Row],[SUB]]) * ( TabelaMap[KM Inicio] <= BS_CONTROLE[[#This Row],[KM - Inicio]]) * ( TabelaMap[KM Fim] >= BS_CONTROLE[[#This Row],[KM - Inicio]]), TabelaMap[Trecho], "-", 0 )} -> TPC-TVL | N47: {=_xlfn.XLOOKUP( 1, ( TabelaMap[SUB] = BS_CONTROLE[[#This Row],[SUB]]) * ( TabelaMap[KM Inicio] <= BS_CONTROLE[[#This Row],[KM - Inicio]]) * ( TabelaMap[KM Fim] >= BS_CONTROLE[[#This Row],[KM - Inicio]]), TabelaMap[SB], "-", 0 )} -> TPC440 | O47: 0.375 | P47: 0.083333333 | Q47: 2 | R47: =IFERROR(_xlfn.XLOOKUP(F47, BS_ATIVIDADE[ATIVIDADE],BS_ATIVIDADE[UNIDADE] ), "*") -> Nº DE SOLDA | S47: {=_xlfn.XLOOKUP( 1, ( TabelaMap[SUB] = BS_CONTROLE[[#This Row],[SUB]]) * ( TabelaMap[KM Inicio] <= BS_CONTROLE[[#This Row],[KM - Inicio]]) * ( TabelaMap[KM Fim] >= BS_CONTROLE[[#This Row],[KM - Inicio]]), TabelaMap[Gerência], "-", 0 )} -> FERRONORTE | T47: {=_xlfn.XLOOKUP( 1, ( TabelaMap[SUB] = BS_CONTROLE[[#This Row],[SUB]]) * ( TabelaMap[KM Inicio] <= BS_CONTROLE[[#This Row],[KM - Inicio]]) * ( TabelaMap[KM Fim] >= BS_CONTROLE[[#This Row],[KM - Inicio]]), TabelaMap[Trecho Coordenação], "-", 0 )} -> TCS-TGR | U47: =IFERROR(_xlfn.XLOOKUP(J47, BASE_MAPA!$B$2:$B$420, BASE_MAPA!$G$2:$G$420), "ERRO") -> MARCO INICIAL - ALTO ARAGUAIA | V47: Elson | W47: Execução de solda - Condicionado a temperatura | X47: Oportunidade | Y47: OPORTUNIDADE | AA47: - | AI47: =IF(BS_CONTROLE[[#This Row],[Atividade]]=0, "-", BS_CONTROLE[[#This Row],[Atividade]]) -> PDM - SOLDA | AJ47: =IF(D47="","*",VLOOKUP(AI47,BS_ATIVIDADE[#Data],3,FALSE)) -> SOLDA | AK47: =IF(BS_CONTROLE[[#This Row],[Local - Partida]]=0, "-", BS_CONTROLE[[#This Row],[Local - Partida]]) -> TPC440 | AL47: =IF(BS_CONTROLE[[#This Row],[Local - Encerramento]]=0, "-", BS_CONTROLE[[#This Row],[Local - Encerramento]]) -> - | AM47: =IF(BS_CONTROLE[[#This Row],[Entre - Estações]]=0, "-", BS_CONTROLE[[#This Row],[Entre - Estações]]) -> TPC-TVL | AN47: =IF(BS_CONTROLE[[#This Row],[SB]]=0, "-", BS_CONTROLE[[#This Row],[SB]]) -> TPC440 | AO47: =IF(BS_CONTROLE[[#This Row],[SUB]]=0, "-", BS_CONTROLE[[#This Row],[SUB]]) -> 74 | AP47: =IF(BS_CONTROLE[[#This Row],[KM - Inicio]]=0, "-", BS_CONTROLE[[#This Row],[KM - Inicio]]) -> 430.268 | AQ47: =IF(BS_CONTROLE[[#This Row],[KM - Fim]]=0, "-", BS_CONTROLE[[#This Row],[KM - Fim]]) -> - | AR47: 0.375 | AS47: 0 | AT47: 0 | AY47: =IF(D47="","*",IFERROR(IF(ISODD(COUNT(AS47:AX47)),"ERRO",SUM((AT47-AS47),(AV47-AU47),(AX47-AW47))),"ERRO")) -> 0 | BA47: 0 | BB47: =IFERROR(_xlfn.XLOOKUP(AI47, BS_ATIVIDADE[ATIVIDADE],BS_ATIVIDADE[UNIDADE] ), "*") -> Nº DE SOLDA | BC47: {=_xlfn.XLOOKUP( 1, ( TabelaMap[SUB] = BS_CONTROLE[[#This Row],[SUB]]) * ( TabelaMap[KM Inicio] <= BS_CONTROLE[[#This Row],[KM - Inicio]]) * ( TabelaMap[KM Fim] >= BS_CONTROLE[[#This Row],[KM - Inicio]]), TabelaMap[Gerência], "-", 0 )} -> FERRONORTE | BD47: {=_xlfn.XLOOKUP( 1, ( TabelaMap[SUB] = BS_CONTROLE[[#This Row],[SUB_5]]) * ( TabelaMap[KM Inicio] <= BS_CONTROLE[[#This Row],[KM - Inicio]]) * ( TabelaMap[KM Fim] >= BS_CONTROLE[[#This Row],[KM - Inicio]]), TabelaMap[Trecho Coordenação], "-", 0 )} -> TCS-TGR | BE47: =IFERROR(_xlfn.XLOOKUP(AO47, BASE_MAPA!$B$2:$B$420, BASE_MAPA!$G$2:$G$420), "ERRO") -> MARCO INICIAL - ALTO ARAGUAIA | BF47: =IF(BS_CONTROLE[[#This Row],[Responsavel pelo boletim]]=0, "-", BS_CONTROLE[[#This Row],[Responsavel pelo boletim]]) -> Elson | BH47: 2 | BJ47: Equipe não solicitou devido condições climáticas | BK47: Equipe não solicitou devido condições climáticas | BM47: Condições Climática | BN47: Chuva | BO47: Chuva | BQ47: =IF(AND(BR47<1,BS47<1),"Produção e Intervalo",IF(BR47<1,"Intervalo",IF(BS47<1,"Produção","Aderente"))) -> Produção e Intervalo | BR47: =IF(OR(B47="",F47=""),"*",AY47/P47) -> 0 | BS47: =IF(OR(B47="",F47=""),"*",BA47/Q47) -> 0 | BT47: =IF(BN47="","",SUBSTITUTE(BM47," ","")&SUBSTITUTE(BN47," ","")) -> CondiçõesClimáticaChuva
A48: =D48&B48 -> MARCOS (TF-520)46058 | B48: 46058 | C48: =IF(BS_CONTROLE[[#This Row],[DATA]]="","",WEEKNUM(BS_CONTROLE[[#This Row],[DATA]])) -> 6 | D48: MARCOS (TF-520) | E48: 32 | F48: PDM - SOLDA | G48: SOLDA | H48: 277TCS | I48: - | J48: 74 | K48: 280.5 | L48: - | M48: TJA-TCS | N48: 277TCS | O48: 0.375 | P48: 0.125 | Q48: 2 | R48: Nº DE SOLDA | S48: FERRONORTE | T48: TMI-TCS | U48: MARCO INICIAL - ALTO ARAGUAIA | V48: Herbert | W48: Execução de solda - Condicionado a temperatura | X48: Oportunidade | Y48: OPORTUNIDADE | AA48: - | AI48: =IF(BS_CONTROLE[[#This Row],[Atividade]]=0, "-", BS_CONTROLE[[#This Row],[Atividade]]) -> PDM - SOLDA | AJ48: =IF(D48="","*",VLOOKUP(AI48,BS_ATIVIDADE[#Data],3,FALSE)) -> SOLDA | AK48: =IF(BS_CONTROLE[[#This Row],[Local - Partida]]=0, "-", BS_CONTROLE[[#This Row],[Local - Partida]]) -> 277TCS | AL48: =IF(BS_CONTROLE[[#This Row],[Local - Encerramento]]=0, "-", BS_CONTROLE[[#This Row],[Local - Encerramento]]) -> - | AM48: =IF(BS_CONTROLE[[#This Row],[Entre - Estações]]=0, "-", BS_CONTROLE[[#This Row],[Entre - Estações]]) -> TJA-TCS | AN48: =IF(BS_CONTROLE[[#This Row],[SB]]=0, "-", BS_CONTROLE[[#This Row],[SB]]) -> 277TCS | AO48: =IF(BS_CONTROLE[[#This Row],[SUB]]=0, "-", BS_CONTROLE[[#This Row],[SUB]]) -> 74 | AP48: =IF(BS_CONTROLE[[#This Row],[KM - Inicio]]=0, "-", BS_CONTROLE[[#This Row],[KM - Inicio]]) -> 280.5 | AQ48: =IF(BS_CONTROLE[[#This Row],[KM - Fim]]=0, "-", BS_CONTROLE[[#This Row],[KM - Fim]]) -> - | AR48: 0.31805556 | AS48: 0 | AT48: 0 | AY48: =IF(D48="","*",IFERROR(IF(ISODD(COUNT(AS48:AX48)),"ERRO",SUM((AT48-AS48),(AV48-AU48),(AX48-AW48))),"ERRO")) -> 0 | BA48: 0 | BB48: =IFERROR(_xlfn.XLOOKUP(AI48, BS_ATIVIDADE[ATIVIDADE],BS_ATIVIDADE[UNIDADE] ), "*") -> Nº DE SOLDA | BC48: {=_xlfn.XLOOKUP( 1, ( TabelaMap[SUB] = BS_CONTROLE[[#This Row],[SUB]]) * ( TabelaMap[KM Inicio] <= BS_CONTROLE[[#This Row],[KM - Inicio]]) * ( TabelaMap[KM Fim] >= BS_CONTROLE[[#This Row],[KM - Inicio]]), TabelaMap[Gerência], "-", 0 )} -> FERRONORTE | BD48: {=_xlfn.XLOOKUP( 1, ( TabelaMap[SUB] = BS_CONTROLE[[#This Row],[SUB_5]]) * ( TabelaMap[KM Inicio] <= BS_CONTROLE[[#This Row],[KM - Inicio]]) * ( TabelaMap[KM Fim] >= BS_CONTROLE[[#This Row],[KM - Inicio]]), TabelaMap[Trecho Coordenação], "-", 0 )} -> TMI-TCS | BE48: =IFERROR(_xlfn.XLOOKUP(AO48, BASE_MAPA!$B$2:$B$420, BASE_MAPA!$G$2:$G$420), "ERRO") -> MARCO INICIAL - ALTO ARAGUAIA | BF48: =IF(BS_CONTROLE[[#This Row],[Responsavel pelo boletim]]=0, "-", BS_CONTROLE[[#This Row],[Responsavel pelo boletim]]) -> Herbert | BH48: 2 | BJ48: Pronto as 07:38h - sem oprotunidade de faixa | BK48: Pronto as 07:38h - sem oprotunidade de faixa | BM48: CCO Circulação | BN48: Intervalo Oportunidade | BO48: Sem oportunidade | BQ48: =IF(AND(BR48<1,BS48<1),"Produção e Intervalo",IF(BR48<1,"Intervalo",IF(BS48<1,"Produção","Aderente"))) -> Produção e Intervalo | BR48: =IF(OR(B48="",F48=""),"*",AY48/P48) -> 0 | BS48: =IF(OR(B48="",F48=""),"*",BA48/Q48) -> 0 | BT48: =IF(BN48="","",SUBSTITUTE(BM48," ","")&SUBSTITUTE(BN48," ","")) -> CCOCirculaçãoIntervaloOportunidade
A49: =D49&B49 -> W5046058 | B49: 46058 | C49: =IF(BS_CONTROLE[[#This Row],[DATA]]="","",WEEKNUM(BS_CONTROLE[[#This Row],[DATA]])) -> 6 | D49: W50 | E49: 55 | F49: MODERNIZAÇÃO - RECOLHIMENTO DE DORMENTE | G49: =IF(D49="","*",VLOOKUP(F49,BS_ATIVIDADE[#All],3,FALSE)) -> MODERNIZAÇÃO | H49: TCS2 | I49: TCS2 | J49: 74 | K49: 244.9 | L49: 244.2 | M49: TVI-TJA | N49: 239251 | O49: 0.35416667 | P49: 0.125 | Q49: 1000 | R49: Nº DE DORMENTES | S49: FERRONORTE | T49: TMI-TCS | U49: MARCO INICIAL - ALTO ARAGUAIA | V49: Augusto/ Efraim | W49: Recolhimento de dormentes | X49: Oportunidade | Y49: OPORTUNIDADE | AA49: 2 (Eder e Maicon) | AB49: FIXO | AD49: 0.29166667 | AE49: 7671 | AF49: 9322 | AI49: =IF(BS_CONTROLE[[#This Row],[Atividade]]=0, "-", BS_CONTROLE[[#This Row],[Atividade]]) -> MODERNIZAÇÃO - RECOLHIMENTO DE DORMENTE | AJ49: =IF(D49="","*",VLOOKUP(AI49,BS_ATIVIDADE[#Data],3,FALSE)) -> MODERNIZAÇÃO | AK49: =IF(BS_CONTROLE[[#This Row],[Local - Partida]]=0, "-", BS_CONTROLE[[#This Row],[Local - Partida]]) -> TCS2 | AL49: =IF(BS_CONTROLE[[#This Row],[Local - Encerramento]]=0, "-", BS_CONTROLE[[#This Row],[Local - Encerramento]]) -> TCS2 | AM49: =IF(BS_CONTROLE[[#This Row],[Entre - Estações]]=0, "-", BS_CONTROLE[[#This Row],[Entre - Estações]]) -> TVI-TJA | AN49: =IF(BS_CONTROLE[[#This Row],[SB]]=0, "-", BS_CONTROLE[[#This Row],[SB]]) -> 239251 | AO49: =IF(BS_CONTROLE[[#This Row],[SUB]]=0, "-", BS_CONTROLE[[#This Row],[SUB]]) -> 74 | AP49: =IF(BS_CONTROLE[[#This Row],[KM - Inicio]]=0, "-", BS_CONTROLE[[#This Row],[KM - Inicio]]) -> 244.9 | AQ49: =IF(BS_CONTROLE[[#This Row],[KM - Fim]]=0, "-", BS_CONTROLE[[#This Row],[KM - Fim]]) -> 244.2 | AR49: 0.38125 | AS49: 0 | AT49: 0 | AY49: =IF(D49="","*",IFERROR(IF(ISODD(COUNT(AS49:AX49)),"ERRO",SUM((AT49-AS49),(AV49-AU49),(AX49-AW49))),"ERRO")) -> 0 | BA49: 0 | BB49: =IFERROR(_xlfn.XLOOKUP(AI49, BS_ATIVIDADE[ATIVIDADE],BS_ATIVIDADE[UNIDADE] ), "*") -> Nº DE DORMENTES | BC49: {=_xlfn.XLOOKUP( 1, ( TabelaMap[SUB] = BS_CONTROLE[[#This Row],[SUB]]) * ( TabelaMap[KM Inicio] <= BS_CONTROLE[[#This Row],[KM - Inicio]]) * ( TabelaMap[KM Fim] >= BS_CONTROLE[[#This Row],[KM - Inicio]]), TabelaMap[Gerência], "-", 0 )} -> FERRONORTE | BD49: {=_xlfn.XLOOKUP( 1, ( TabelaMap[SUB] = BS_CONTROLE[[#This Row],[SUB_5]]) * ( TabelaMap[KM Inicio] <= BS_CONTROLE[[#This Row],[KM - Inicio]]) * ( TabelaMap[KM Fim] >= BS_CONTROLE[[#This Row],[KM - Inicio]]), TabelaMap[Trecho Coordenação], "-", 0 )} -> TMI-TCS | BE49: =IFERROR(_xlfn.XLOOKUP(AO49, BASE_MAPA!$B$2:$B$420, BASE_MAPA!$G$2:$G$420), "ERRO") -> MARCO INICIAL - ALTO ARAGUAIA | BF49: =IF(BS_CONTROLE[[#This Row],[Responsavel pelo boletim]]=0, "-", BS_CONTROLE[[#This Row],[Responsavel pelo boletim]]) -> Augusto/ Efraim | BH49: 0 | BJ49: Sem oportunidade devido circulação | BK49: Sem oportunidade devido circulação | BM49: CCO Circulação | BN49: Intervalo Oportunidade | BO49: Sem oportunidade | BQ49: =IF(AND(BR49<1,BS49<1),"Produção e Intervalo",IF(BR49<1,"Intervalo",IF(BS49<1,"Produção","Aderente"))) -> Produção e Intervalo | BR49: =IF(OR(B49="",F49=""),"*",AY49/P49) -> 0 | BS49: =IF(OR(B49="",F49=""),"*",BA49/Q49) -> 0 | BT49: =IF(BN49="","",SUBSTITUTE(BM49," ","")&SUBSTITUTE(BN49," ","")) -> CCOCirculaçãoIntervaloOportunidade
