Workbook
Name Anomalia: SELEÇÕES!$Q$14:$Q$15
Name AnomaliaMecânica: SELEÇÕES!$AD$29
Name AnomaliaVia: SELEÇÕES!$AC$29
Name ATIVOS: BS_ATIVO!$A$2:$A$254
Name CCOCirculação: SELEÇÕES!$K$14:$K$17
Name CCOCirculaçãoIntervaloContrato: SELEÇÕES!$Q$29:$Q$39
Name CCOCirculaçãoIntervaloExtra: SELEÇÕES!$AH$29
Name CCOCirculaçãoIntervaloOportunidade: SELEÇÕES!$S$29:$S$39
Name CCOCirculaçãoProgramação: SELEÇÕES!$R$29
Name CCOEscala: SELEÇÕES!$J$14
Name CCOEscalaEquipagem: SELEÇÕES!$P$29:$P$32
Name CondiçõesClimática: SELEÇÕES!$R$14:$R$16
Name CondiçõesClimáticaChuva: SELEÇÕES!$AF$29
Name CondiçõesClimáticaTemperatura: SELEÇÕES!$AE$29:$AE$31
Name CondiçõesClimáticaVentosFortes: SELEÇÕES!$AG$29:$AG$29
Name Confiabilidade: SELEÇÕES!$S$14:$S$15
Name ConfiabilidadeAtivo: SELEÇÕES!$AJ$29:$AJ$30
Name ConfiabilidadeOperação: SELEÇÕES!$AI$29:$AI$33
Name Expansão: SELEÇÕES!$M$14:$M$15
Name ExpansãoEquipamento: SELEÇÕES!$V$29:$V$30
Name ExpansãoExecução: SELEÇÕES!$W$29:$W$38
Name FaltadeContrato: SELEÇÕES!$U$14
Name FaltadeContratoFaltadeContrato: SELEÇÕES!$AM$29
Name IMPCAUSADOR: SELEÇÕES!$A$13:$V$13
Name Infraestrutura: SELEÇÕES!$O$14:$O$15
Name InfraestruturaEquipamento: SELEÇÕES!$Z$29:$Z$30
Name InfraestruturaExecução: SELEÇÕES!$AA$29:$AA$38
Name Mecânica: SELEÇÕES!$G$14:$G$15
Name MecânicaLocomotiva: SELEÇÕES!$J$29
Name MecânicaVagão: SELEÇÕES!$K$29
Name Mecanização: SELEÇÕES!$H$14:$H$15
Name MecanizaçãoAtivos: SELEÇÕES!$M$29:$M$31
Name MecanizaçãoOperação: SELEÇÕES!$L$29:$L$35
Name Modernização: SELEÇÕES!$N$14:$N$17
Name ModernizaçãoEquipamento: SELEÇÕES!$X$29:$X$30
Name ModernizaçãoExecução: SELEÇÕES!$Y$29:$Y$38
Name NãoControláveis: SELEÇÕES!$B$14:$B$15
Name NãoControláveisAcidente: SELEÇÕES!$E$29
Name NãoControláveisVandalismo: SELEÇÕES!$D$29:$D$33
Name OK: SELEÇÕES!$P$14
Name OKOK: SELEÇÕES!$AB$29
Name Pátio: SELEÇÕES!$D$14
Name PátioOperação: SELEÇÕES!$G$29:$G$30
Name PCMMecânica: SELEÇÕES!$F$14
Name PCMMecânicaLocomotiva: SELEÇÕES!$I$29:$I$30
Name PCMVIA: SELEÇÕES!$I$14:$I$15
Name PCMVIAProgramação: SELEÇÕES!$O$29:$O$31
Name PCMVIARecursosInternos: SELEÇÕES!$N$29:$N$31
Name Qualidade: SELEÇÕES!$T$14:$T$15
Name QualidadeAtivo: SELEÇÕES!$AL$29
Name QualidadeOperação: SELEÇÕES!$AK$29:$AK$30
Name SemOportunidade: SELEÇÕES!$V$14
Name SemOportunidadeSemOportunidade: SELEÇÕES!$AN$29
Name SUBs: SELEÇÕES!$A$44:$A$50
Name Super: SELEÇÕES!$L$14:$L$15
Name SuperEquipamento: SELEÇÕES!$T$29:$T$30
Name SuperExecução: SELEÇÕES!$U$29:$U$38
Name TI: SELEÇÕES!$C$14
Name TISistema: SELEÇÕES!$F$29:$F$30
Name TO: SELEÇÕES!$A$14:$A$16

Sheet BASE_MAPA
A1: Gerência | B1: SUB | C1: KM Inicio | D1: KM Fim | E1: Trecho | F1: SB | G1: NOME SUB | H1: Trecho Coordenação
A2: SP NORTE | B2: 42 | C2: 244.776 | D2: 247.077 | E2: 244-ZTO | F2: 244246 | G2: OURO - TUTOIA (CONTORNO) | H2: ZCZ-ZTI
A3: SP NORTE | B3: 42 | C3: 247.077 | D3: 249.649 | E3: 244-ZTO | F3: 246249 | G3: OURO - TUTOIA (CONTORNO) | H3: ZCZ-ZTI
A4: SP NORTE | B4: 42 | C4: 249.649 | D4: 250.078 | E4: 244-ZTO | F4: 249250 | G4: OURO - TUTOIA (CONTORNO) | H4: ZCZ-ZTI
A5: SP NORTE | B5: 42 | C5: 250.078 | D5: 252.635 | E5: 244-ZTO | F5: 250ZTO1 | G5: OURO - TUTOIA (CONTORNO) | H5: ZCZ-ZTI
A6: SP NORTE | B6: 42 | C6: 250.078 | D6: 252.638 | E6: 244-ZTO | F6: 250ZTO2 | G6: OURO - TUTOIA (CONTORNO) | H6: ZCZ-ZTI
A7: SP NORTE | B7: 42 | C7: 252.635 | D7: 252.833 | E7: ZTO | F7: ZTO1 | G7: OURO - TUTOIA (CONTORNO) | H7: ZCZ-ZTI
A8: SP NORTE | B8: 42 | C8: 252.638 | D8: 252.834 | E8: ZTO | F8: ZTO2 | G8: OURO - TUTOIA (CONTORNO) | H8: ZCZ-ZTI
A9: SP NORTE | B9: 42 | C9: 252.833 | D9: 253 | E9: ZTO-ZFT | F9: ZTOZZR1 | G9: OURO - TUTOIA (CONTORNO) | H9: ZCZ-ZTI
A10: SP NORTE | B10: 42 | C10: 252.834 | D10: 253.106 | E10: ZTO-ZFT | F10: ZTOZZR2 | G10: OURO - TUTOIA (CONTORNO) | H10: ZCZ-ZTI
A11: SP NORTE | B11: 43 | C11: 6.337 | D11: 6.983 | E11: ZTO-ZFT | F11: ZTOZFT1 | G11: TUTOIA - BUENO DE ANDRADE (CONTORNO) | H11: ZCZ-ZTI
A12: SP NORTE | B12: 43 | C12: 6.337 | D12: 6.983 | E12: ZTO-ZFT | F12: ZTOZFT2 | G12: TUTOIA - BUENO DE ANDRADE (CONTORNO) | H12: ZCZ-ZTI
A13: SP NORTE | B13: 43 | C13: 6.983 | D13: 7.189 | E13: ZFT | F13: ZFT1 | G13: TUTOIA - BUENO DE ANDRADE (CONTORNO) | H13: ZCZ-ZTI
A14: SP NORTE | B14: 43 | C14: 6.983 | D14: 7.188 | E14: ZFT | F14: ZFT2 | G14: TUTOIA - BUENO DE ANDRADE (CONTORNO) | H14: ZCZ-ZTI
A15: SP NORTE | B15: 43 | C15: 7.188 | D15: 9.742 | E15: ZFT-KM9 | F15: ZFTKM92 | G15: TUTOIA - BUENO DE ANDRADE (CONTORNO) | H15: ZCZ-ZTI
A16: SP NORTE | B16: 43 | C16: 7.189 | D16: 9.742 | E16: ZFT-KM9 | F16: ZFTKM91 | G16: TUTOIA - BUENO DE ANDRADE (CONTORNO) | H16: ZCZ-ZTI
... A22: SP NORTE | B22: 70 | C22: 137 | D22: 138 | E22: ZRQ-ZQX | F22: ZRQ1381 | G22: RECANTO - ITIRAPINA (L1 PRINCIPAL) | H22: ZRX-ZTI
A23: SP NORTE | B23: 70 | C23: 138 | D23: 139 | E23: ZRQ-ZQX | F23: 1381391 | G23: RECANTO - ITIRAPINA (L1 PRINCIPAL) | H23: ZRX-ZTI
A24: SP NORTE | B24: 70 | C24: 139 | D24: 142.245 | E24: ZRQ-ZQX | F24: 139ZQX1 | G24: RECANTO - ITIRAPINA (L1 PRINCIPAL) | H24: ZRX-ZTI
A25: SP NORTE | B25: 70 | C25: 142.245 | D25: 145.76 | E25: ZQX | F25: ZQX1 | G25: RECANTO - ITIRAPINA (L1 PRINCIPAL) | H25: ZRX-ZTI
A26: SP NORTE | B26: 70 | C26: 145.76 | D26: 148 | E26: ZQX-ZOX | F26: ZQX148 | G26: RECANTO - ITIRAPINA (L1 PRINCIPAL) | H26: ZRX-ZTI
A27: SP NORTE | B27: 70 | C27: 148 | D27: 151 | E27: ZQX-ZOX | F27: 148151 | G27: RECANTO - ITIRAPINA (L1 PRINCIPAL) | H27: ZRX-ZTI
A28: SP NORTE | B28: 70 | C28: 151 | D28: 154 | E28: ZQX-ZOX | F28: 151154 | G28: RECANTO - ITIRAPINA (L1 PRINCIPAL) | H28: ZRX-ZTI
A29: SP NORTE | B29: 70 | C29: 154 | D29: 156.125 | E29: ZQX-ZOX | F29: 154ZOX | G29: RECANTO - ITIRAPINA (L1 PRINCIPAL) | H29: ZRX-ZTI
A30: SP NORTE | B30: 70 | C30: 156.125 | D30: 158 | E30: ZOX | F30: ZOX1 | G30: RECANTO - ITIRAPINA (L1 PRINCIPAL) | H30: ZRX-ZTI
A31: SP NORTE | B31: 70 | C31: 156.125 | D31: 158 | E31: ZOX | F31: ZOX2 | G31: RECANTO - ITIRAPINA (L1 PRINCIPAL) | H31: ZRX-ZTI
A32: SP NORTE | B32: 70 | C32: 158 | D32: 159.303 | E32: ZOX-ZIQ | F32: ZOX1591 | G32: RECANTO - ITIRAPINA (L1 PRINCIPAL) | H32: ZRX-ZTI
A33: SP NORTE | B33: 70 | C33: 158 | D33: 159.303 | E33: ZOX-ZIQ | F33: ZOX1592 | G33: RECANTO - ITIRAPINA (L1 PRINCIPAL) | H33: ZRX-ZTI
A34: SP NORTE | B34: 70 | C34: 159.303 | D34: 162 | E34: ZOX-ZIQ | F34: 159162 | G34: RECANTO - ITIRAPINA (L1 PRINCIPAL) | H34: ZRX-ZTI
A35: SP NORTE | B35: 70 | C35: 162 | D35: 164 | E35: ZOX-ZIQ | F35: 162164 | G35: RECANTO - ITIRAPINA (L1 PRINCIPAL) | H35: ZRX-ZTI
A36: SP NORTE | B36: 70 | C36: 164 | D36: 166.727 | E36: ZOX-ZIQ | F36: 164ZIQ | G36: RECANTO - ITIRAPINA (L1 PRINCIPAL) | H36: ZRX-ZTI
A37: SP NORTE | B37: 70 | C37: 166.727 | D37: 168.44 | E37: ZIQ | F37: ZIQ1 | G37: RECANTO - ITIRAPINA (L1 PRINCIPAL) | H37: ZRX-ZTI
A38: SP NORTE | B38: 70 | C38: 166.727 | D38: 168.44 | E38: ZIQ | F38: ZIQ2 | G38: RECANTO - ITIRAPINA (L1 PRINCIPAL) | H38: ZRX-ZTI
A39: SP NORTE | B39: 71 | C39: 173.1 | D39: 174.887 | E39: ZIQ-ZVI | F39: ZIQ1751 | G39: ITIRAPINA - ARARAQUARA | H39: ZRX-ZTI
A40: SP NORTE | B40: 71 | C40: 173.1 | D40: 174.887 | E40: ZIQ-ZVI | F40: ZIQ1752 | G40: ITIRAPINA - ARARAQUARA | H40: ZRX-ZTI
A41: SP NORTE | B41: 71 | C41: 174.887 | D41: 178 | E41: ZIQ-ZVI | F41: 175178 | G41: ITIRAPINA - ARARAQUARA | H41: ZRX-ZTI
A42: SP NORTE | B42: 71 | C42: 178 | D42: 180.946 | E42: ZIQ-ZVI | F42: 178181 | G42: ITIRAPINA - ARARAQUARA | H42: ZRX-ZTI
A43: SP NORTE | B43: 71 | C43: 180.946 | D43: 182.626 | E43: ZIQ-ZVI | F43: 181ZVI | G43: ITIRAPINA - ARARAQUARA | H43: ZRX-ZTI
A44: SP NORTE | B44: 71 | C44: 182.626 | D44: 184 | E44: ZVI | F44: ZVI1 | G44: ITIRAPINA - ARARAQUARA | H44: ZRX-ZTI
A45: SP NORTE | B45: 71 | C45: 182.626 | D45: 184 | E45: ZVI | F45: ZVI2 | G45: ITIRAPINA - ARARAQUARA | H45: ZRX-ZTI
A46: SP NORTE | B46: 71 | C46: 184 | D46: 185.315 | E46: ZVI-ZFR | F46: ZVI1851 | G46: ITIRAPINA - ARARAQUARA | H46: ZRX-ZTI
A47: SP NORTE | B47: 71 | C47: 184 | D47: 185.315 | E47: ZVI-ZFR | F47: ZVI1852 | G47: ITIRAPINA - ARARAQUARA | H47: ZRX-ZTI
A48: SP NORTE | B48: 71 | C48: 185.315 | D48: 189 | E48: ZVI-ZFR | F48: 185189 | G48: ITIRAPINA - ARARAQUARA | H48: ZRX-ZTI
A49: SP NORTE | B49: 71 | C49: 189 | D49: 192.785 | E49: ZVI-ZFR | F49: 189ZFR | G49: ITIRAPINA - ARARAQUARA | H49: ZRX-ZTI
A50: SP NORTE | B50: 71 | C50: 192.785 | D50: 194 | E50: ZFR | F50: ZFR1 | G50: ITIRAPINA - ARARAQUARA | H50: ZRX-ZTI
A51: SP NORTE | B51: 71 | C51: 192.785 | D51: 194 | E51: ZFR | F51: ZFR2 | G51: ITIRAPINA - ARARAQUARA | H51: ZRX-ZTI
A52: SP NORTE | B52: 71 | C52: 194 | D52: 196.352 | E52: ZFR-ZSK | F52: ZFR1961 | G52: ITIRAPINA - ARARAQUARA | H52: ZRX-ZTI
A53: SP NORTE | B53: 71 | C53: 194 | D53: 196.352 | E53: ZFR-ZSK | F53: ZFR1962 | G53: ITIRAPINA - ARARAQUARA | H53: ZRX-ZTI
A54: SP NORTE | B54: 71 | C54: 196.352 | D54: 200 | E54: ZFR-ZSK | F54: 196200 | G54: ITIRAPINA - ARARAQUARA | H54: ZRX-ZTI
A55: SP NORTE | B55: 71 | C55: 200 | D55: 203.787 | E55: ZFR-ZSK | F55: 200ZSK | G55: ITIRAPINA - ARARAQUARA | H55: ZRX-ZTI
A56: SP NORTE | B56: 71 | C56: 203.787 | D56: 205 | E56: ZSK | F56: ZSK1 | G56: ITIRAPINA - ARARAQUARA | H56: ZRX-ZTI
A57: SP NORTE | B57: 71 | C57: 203.787 | D57: 205 | E57: ZSK | F57: ZSK2 | G57: ITIRAPINA - ARARAQUARA | H57: ZRX-ZTI
A58: SP NORTE | B58: 71 | C58: 205 | D58: 206.584 | E58: ZSK-ZXH | F58: ZSKPAT1 | G58: ITIRAPINA - ARARAQUARA | H58: ZRX-ZTI
A59: SP NORTE | B59: 71 | C59: 205 | D59: 206.584 | E59: ZSK-ZXH | F59: ZSKPAT2 | G59: ITIRAPINA - ARARAQUARA | H59: ZRX-ZTI
A60: SP NORTE | B60: 71 | C60: 206.584 | D60: 208.71 | E60: ZSK-ZXH | F60: ZSK208 | G60: ITIRAPINA - ARARAQUARA | H60: ZRX-ZTI
A61: SP NORTE | B61: 71 | C61: 208.71 | D61: 210 | E61: ZSK-ZXH | F61: 2082101 | G61: ITIRAPINA - ARARAQUARA | H61: ZRX-ZTI
A62: SP NORTE | B62: 71 | C62: 208.71 | D62: 210 | E62: ZSK-ZXH | F62: 2082102 | G62: ITIRAPINA - ARARAQUARA | H62: ZRX-ZTI
A63: SP NORTE | B63: 71 | C63: 210 | D63: 211 | E63: ZSK-ZXH | F63: 2102111 | G63: ITIRAPINA - ARARAQUARA | H63: ZRX-ZTI
A64: SP NORTE | B64: 71 | C64: 210 | D64: 211 | E64: ZSK-ZXH | F64: 2102112 | G64: ITIRAPINA - ARARAQUARA | H64: ZRX-ZTI
A65: SP NORTE | B65: 71 | C65: 211 | D65: 212 | E65: ZSK-ZXH | F65: 2112121 | G65: ITIRAPINA - ARARAQUARA | H65: ZRX-ZTI
A66: SP NORTE | B66: 71 | C66: 211 | D66: 212 | E66: ZSK-ZXH | F66: 2112122 | G66: ITIRAPINA - ARARAQUARA | H66: ZRX-ZTI
A67: SP NORTE | B67: 71 | C67: 212 | D67: 213 | E67: ZSK-ZXH | F67: 212ZXH1 | G67: ITIRAPINA - ARARAQUARA | H67: ZRX-ZTI
A68: SP NORTE | B68: 71 | C68: 212 | D68: 213 | E68: ZSK-ZXH | F68: 212ZXH2 | G68: ITIRAPINA - ARARAQUARA | H68: ZRX-ZTI
A69: SP NORTE | B69: 71 | C69: 213 | D69: 214.531 | E69: ZXH | F69: ZXH1 | G69: ITIRAPINA - ARARAQUARA | H69: ZRX-ZTI
A70: SP NORTE | B70: 71 | C70: 213 | D70: 214.531 | E70: ZXH | F70: ZXH2 | G70: ITIRAPINA - ARARAQUARA | H70: ZRX-ZTI
A71: SP NORTE | B71: 71 | C71: 214.531 | D71: 216 | E71: ZXH-ZTI | F71: ZXH2161 | G71: ITIRAPINA - ARARAQUARA | H71: ZRX-ZTI
A72: SP NORTE | B72: 71 | C72: 214.531 | D72: 216 | E72: ZXH-ZTI | F72: ZXH2162 | G72: ITIRAPINA - ARARAQUARA | H72: ZRX-ZTI
A73: SP NORTE | B73: 71 | C73: 216 | D73: 217 | E73: ZXH-ZTI | F73: 2162171 | G73: ITIRAPINA - ARARAQUARA | H73: ZRX-ZTI
A74: SP NORTE | B74: 71 | C74: 216 | D74: 217 | E74: ZXH-ZTI | F74: 2162172 | G74: ITIRAPINA - ARARAQUARA | H74: ZRX-ZTI
A75: SP NORTE | B75: 71 | C75: 217 | D75: 218 | E75: ZXH-ZTI | F75: 2172181 | G75: ITIRAPINA - ARARAQUARA | H75: ZRX-ZTI
A76: SP NORTE | B76: 71 | C76: 217 | D76: 218 | E76: ZXH-ZTI | F76: 2172182 | G76: ITIRAPINA - ARARAQUARA | H76: ZRX-ZTI
A77: SP NORTE | B77: 71 | C77: 218 | D77: 218.949 | E77: ZXH-ZTI | F77: 2182191 | G77: ITIRAPINA - ARARAQUARA | H77: ZRX-ZTI
A78: SP NORTE | B78: 71 | C78: 218 | D78: 218.949 | E78: ZXH-ZTI | F78: 2182192 | G78: ITIRAPINA - ARARAQUARA | H78: ZRX-ZTI
A79: SP NORTE | B79: 71 | C79: 218.949 | D79: 222.16 | E79: ZXH-ZTI | F79: 219222 | G79: ITIRAPINA - ARARAQUARA | H79: ZRX-ZTI
A80: SP NORTE | B80: 71 | C80: 222.16 | D80: 226.21 | E80: ZXH-ZTI | F80: 222ZTI1 | G80: ITIRAPINA - ARARAQUARA | H80: ZCZ-ZTI
A81: SP NORTE | B81: 71 | C81: 222.16 | D81: 226.21 | E81: ZXH-ZTI | F81: 222ZTI2 | G81: ITIRAPINA - ARARAQUARA | H81: ZCZ-ZTI
A82: SP NORTE | B82: 71 | C82: 226.21 | D82: 229 | E82: ZTI | F82: ZTI1 | G82: ITIRAPINA - ARARAQUARA | H82: ZCZ-ZTI
A83: SP NORTE | B83: 71 | C83: 226.21 | D83: 229 | E83: ZTI | F83: ZTI2 | G83: ITIRAPINA - ARARAQUARA | H83: ZCZ-ZTI
A84: SP NORTE | B84: 71 | C84: 229 | D84: 231.703 | E84: ZTI-ZOI | F84: ZTI2321 | G84: ITIRAPINA - ARARAQUARA | H84: ZCZ-ZTI
A85: SP NORTE | B85: 71 | C85: 229 | D85: 231.703 | E85: ZTI-ZOI | F85: ZTI2322 | G85: ITIRAPINA - ARARAQUARA | H85: ZCZ-ZTI
A86: SP NORTE | B86: 71 | C86: 231.703 | D86: 233.291 | E86: ZTI-ZOI | F86: 232233 | G86: ITIRAPINA - ARARAQUARA | H86: ZCZ-ZTI
A87: SP NORTE | B87: 71 | C87: 233.291 | D87: 235 | E87: ZTI-ZOI | F87: 2332351 | G87: ITIRAPINA - ARARAQUARA | H87: ZCZ-ZTI
A88: SP NORTE | B88: 71 | C88: 233.291 | D88: 235 | E88: ZTI-ZOI | F88: 2332352 | G88: ITIRAPINA - ARARAQUARA | H88: ZCZ-ZTI
A89: SP NORTE | B89: 71 | C89: 235 | D89: 237 | E89: ZTI-ZOI | F89: 2352371 | G89: ITIRAPINA - ARARAQUARA | H89: ZCZ-ZTI
A90: SP NORTE | B90: 71 | C90: 235 | D90: 237 | E90: ZTI-ZOI | F90: 2352372 | G90: ITIRAPINA - ARARAQUARA | H90: ZCZ-ZTI
A91: SP NORTE | B91: 71 | C91: 237 | D91: 238.591 | E91: ZTI-ZOI | F91: 237ZOI1 | G91: ITIRAPINA - ARARAQUARA | H91: ZCZ-ZTI
A92: SP NORTE | B92: 71 | C92: 237 | D92: 238.591 | E92: ZTI-ZOI | F92: 237ZOI2 | G92: ITIRAPINA - ARARAQUARA | H92: ZCZ-ZTI
A93: SP NORTE | B93: 71 | C93: 238.591 | D93: 240 | E93: ZOI | F93: ZOI1 | G93: ITIRAPINA - ARARAQUARA | H93: ZCZ-ZTI
A94: SP NORTE | B94: 71 | C94: 238.591 | D94: 240 | E94: ZOI | F94: ZOI2 | G94: ITIRAPINA - ARARAQUARA | H94: ZCZ-ZTI
A95: SP NORTE | B95: 71 | C95: 240 | D95: 241.913 | E95: ZOI-244 | F95: ZOI2401 | G95: ITIRAPINA - ARARAQUARA | H95: ZCZ-ZTI
A96: SP NORTE | B96: 71 | C96: 240 | D96: 241.913 | E96: ZOI-244 | F96: ZOI2402 | G96: ITIRAPINA - ARARAQUARA | H96: ZCZ-ZTI
A97: SP NORTE | B97: 71 | C97: 241.913 | D97: 243 | E97: ZOI-244 | F97: 2402431 | G97: ITIRAPINA - ARARAQUARA | H97: ZCZ-ZTI
A98: SP NORTE | B98: 71 | C98: 241.913 | D98: 243 | E98: ZOI-244 | F98: 2402432 | G98: ITIRAPINA - ARARAQUARA | H98: ZCZ-ZTI
A99: SP NORTE | B99: 71 | C99: 243 | D99: 244.776 | E99: ZOI-244 | F99: 2432441 | G99: ITIRAPINA - ARARAQUARA | H99: ZCZ-ZTI
A100: SP NORTE | B100: 71 | C100: 243 | D100: 244.776 | E100: ZOI-244 | F100: 2432442 | G100: ITIRAPINA - ARARAQUARA | H100: ZCZ-ZTI
A101: SP NORTE | B101: 73 | C101: 1.553 | D101: 2 | E101: ZAR | F101: ZAR3 | G101: ARARAQUARA - MARCO INICIAL | H101: ZCZ-ZTI
A102: SP NORTE | B102: 73 | C102: 2 | D102: 2.4 | E102: ZAR-ZZR | F102: ZARKM2 | G102: ARARAQUARA - MARCO INICIAL | H102: ZCZ-ZTI
A103: SP NORTE | B103: 73 | C103: 2.4 | D103: 6.233 | E103: ZAR-ZZR | F103: KM2KM6 | G103: ARARAQUARA - MARCO INICIAL | H103: ZCZ-ZTI
A104: SP NORTE | B104: 73 | C104: 6.233 | D104: 6.42 | E104: ZAR-ZZR | F104: KM6KM7 | G104: ARARAQUARA - MARCO INICIAL | H104: ZCZ-ZTI
A105: SP NORTE | B105: 73 | C105: 6.42 | D105: 6.985 | E105: ZAR-ZZR | F105: KM7ZZR | G105: ARARAQUARA - MARCO INICIAL | H105: ZCZ-ZTI
...

Sheet SELEÇÕES
A1: MAQUINISTAS | C1: ACIONAMENTO | E1: PRÉVIA | G1: DESVIO | I1: PROGRAMADO? | K1: ProgramaPCM | M1: Prioridade
A2: FIXO | C2: SBR | E2: 1 | G2: VIA | I2: SIM | K2: Contrato | M2: P0
A3: ESCALA | C3: AGD ACIONAMENTO PCM | E3: 2 | I3: NÃO | K3: Oportunidade | M3: P1
A4: FIXO + ESCALA | C4: ACIONAMENTO | I4: OPORTUNIDADE | K4: Extra | M4: P2
M5: P3
M6: P4
M7: P5
A13: TO | B13: Não Controláveis | C13: TI | D13: Pátio | E13: Tração | F13: PCM Mecânica | G13: Mecânica | H13: Mecanização | I13: PCM VIA | J13: CCO Escala | K13: CCO Circulação | L13: Super | M13: Expansão | N13: Modernização | O13: Infraestrutura | P13: OK | Q13: Anomalia | R13: Condições Climática | S13: Confiabilidade | T13: Engenharia | U13: Falta de Contrato | V13: Sem Oportunidade
A14: Embarcado | B14: Vandalismo | C14: Sistema | D14: Operação | E14: Operação | F14: Locomotiva | G14: Locomotiva | H14: Operação | I14: Recursos Internos | J14: Equipagem | K14: Intervalo Contrato | L14: Equipamento | M14: Equipamento | N14: Equipamento | O14: Equipamento | P14: OK | Q14: Via | R14: Temperatura | S14: Operação | T14: Operação | U14: Falta de Contrato | V14: Sem Oportunidade
A15: Não Embarcado | B15: Acidente | C15: ="" | G15: Vagão | H15: Ativos | I15: Programação | K15: Intervalo Oportunidade | L15: Execução | M15: Execução | N15: Execução | O15: Execução | Q15: Mecânica | R15: Chuva | S15: Ativo | T15: Ativo
A16: Operação | C16: ="" | K16: Intervalo Extra | R16: Ventos Fortes
K17: Programação
A28: TOEmbarcado | B28: TONãoEmbarcado | C28: TOOperação | D28: NãoControláveisVandalismo | E28: NãoControláveisAcidente | F28: TISistema | G28: PátioOperação | H28: TraçãoOperação | I28: PCMMecânicaLocomotiva | J28: MecânicaLocomotiva | K28: MecânicaVagão | L28: MecanizaçãoOperação | M28: MecanizaçãoAtivos | N28: PCMVIARecursosInternos | O28: PCMVIAProgramação | P28: CCOEscalaEquipagem | Q28: CCOCirculaçãoIntervaloContrato | R28: CCOCirculaçãoProgramação | S28: CCOCirculaçãoIntervaloOportunidade | T28: SuperEquipamento | U28: SuperExecução | V28: ExpansãoEquipamento | W28: ExpansãoExecução | X28: ModernizaçãoEquipamento | Y28: ModernizaçãoExecução | Z28: InfraestruturaEquipamento | AA28: InfraestruturaExecução | AB28: OKOK | AC28: AnomaliaVia | AD28: AnomaliaMecânica | AE28: CondiçõesClimáticaTemperatura | AF28: CondiçõesClimáticaChuva | AG28: CondiçõesClimáticaVentos Fortes | AH28: CCOCirculaçãoIntervaloExtra | AI28: ConfiabilidadeOperação | AJ28: ConfiabilidadeAtivo | AK28: EngenhariaOperação | AL28: EngenhariaAtivo | AM28: Falta de ContratoFalta de Contrato | AN28: SemOportunidadeSemOportunidade
A29: Avaria de CBL | B29: AMV sem indicação | C29: Alteração de programação da turma | D29: Locomotiva | E29: Acidente | F29: Sistema licenciamento indisponível | G29: Manobra indisponível | H29: Maquinista indisponível | I29: Alteração de programação | J29: Avaria | K29: Avaria | L29: Operador indisponível | M29: Avaria em veículo (Mecanização) | N29: Cancelado devido priorização | O29: Falta de OS | P29: Atraso chegada maquinista | Q29: Realizado entre trens | R29: Desvio alocação de locomotiva | S29: Sem oportunidade | T29: Avaria (Escavadeira / caminhão / munck) | U29: Erro de programação | V29: Avaria (Escavadeira / caminhão / munck) | W29: Erro de programação | X29: Avaria (Escavadeira / caminhão / munck / Socadora) | Y29: Erro de programação | Z29: Avaria (Escavadeira / caminhão / munck) | AA29: Erro de programação | AB29: OK | AC29: Defeito na via | AD29: Avaria em trem | AE29: Temperatura Alta | AF29: Chuva | AG29: Ventos Fortes | AH29: Serviço extra contrato | AI29: Falta de Equipe | AJ29: Avaria | AK29: Falta de Equipe | AL29: Avaria | AM29: Falta de Contrato | AN29: Sem Oportunidade
A30: Avaria de CBL | D30: Vagão | F30: Queda / Instabilidade de sistema | G30: Linha ocupada | H30: Atualização malha | I30: Locomotiva indisponível | L30: Operador não habilitado | M30: Avaria em veículo (Detecção) | N30: Alteração de programação | O30: Alteração de programação (Equipamento) | P30: Jornada maquinista excedida | Q30: Concedido intervalo parcial | S30: Realizado entre trens | T30: Avaria (Ferramental) | U30: Alteração de programação | V30: Avaria (Ferramental) | W30: Alteração de programação | X30: Avaria (Ferramental) | Y30: Alteração de programação | Z30: Avaria (Ferramental) | AA30: Alteração de programação | AE30: Temperatura Baixa | AI30: Alteração de Programação | AJ30: Manutenção | AK30: Alteração de Programação
D31: Via de circulação | L31: Desvio de escala | M31: Desvio programação (Manutenção) | N31: Erro de programação | O31: Falta de equipamento / material | P31: Falta Maquinista (Contrato) | Q31: Intervalo negado em D-1 | S31: Concedido intervalo parcial | U31: Quando reduzido da turma | W31: Quando reduzido da turma | Y31: Quando reduzido da turma | AA31: Quando reduzido da turma | AE31: Oscilação de Temperatura | AI31: Falha de programação
D32: Equipamento via | L32: Baixa produtividade | P32: Falta Maquinista (Extra) | Q32: Intervalo Concedido fora do horário programado | S32: Intervalo negado em D-1 | U32: Falta de turma (Não Justificado) | W32: Falta de turma (Não Justificado) | Y32: Falta de turma (Não Justificado) | AA32: Falta de turma (Não Justificado) | AI32: Desvio de escala
D33: Ativo mecanização | L33: Risco de exceder a jornada | Q33: Fluxo intenso de trens | S33: Intervalo Concedido fora do horário programado | U33: Equipe interditada | W33: Equipe interditada | Y33: Equipe interditada | AA33: Equipe interditada | AI33: Risco de exceder a jornada
L34: Abastecimento | Q34: Propagação de TI | S34: Fluxo intenso de trens | U34: Falta de insumo / material | W34: Falta de insumo / material | Y34: Falta de insumo / material | AA34: Falta de insumo / material
L35: Desvio de programação | Q35: Propagação de avaria de trens | S35: Propagação de TI | U35: Desvio escala da turma | W35: Desvio escala da turma | Y35: Desvio escala da turma | AA35: Desvio escala da turma
Q36: Propagação de vandalismo | S36: Propagação de avaria de trens | U36: Intervalo utilizado parcialmente | W36: Intervalo utilizado parcialmente | Y36: Intervalo utilizado parcialmente | AA36: Intervalo utilizado parcialmente
Q37: Propagação por motivo via | S37: Propagação de vandalismo | U37: Baixa produtividade | W37: Baixa produtividade | Y37: Baixa produtividade | AA37: Baixa produtividade
Q38: Erro CCO | S38: Propagação por motivo via | U38: Falha de execução | W38: Falha de execução | Y38: Falha de execução | AA38: Falha de execução
Q39: Intervalo Fracionado | S39: Erro CCO
A44: 42
A45: 43
A46: 70
A47: 71
A48: 73 | C48: /
A49: 170

Sheet BS_ATIVO
A1: BLOCO | D1: ATIVIDADE | E1: UNIDADE | F1: CONTROLE INDICADOR | G1: GRUPO | H1: Item PDM | I1: PESO | J1: Prioridade | K1: CORRELATO
A2: BLOCO | D2: BLOCO | E2: BINÁRIO | F2: OUTROS | G2: BLOCO | H2: - | I2: 0 | J2: 0 | K2: BLOCO
A3: EXPANSÃO TURMA 1 | D3: CAMINHÃO DE SOLDA | E3: Nº DE SOLDA | F3: CAMINHÂO - SOLDA | G3: CAMINHÃO SOLDA | H3: - | I3: 1 | J3: 1 | K3: CAMINHÃO SOLDA
A4: EXPANSÃO TURMA 2 | D4: CONSERVAÇÃO PN | E4: BINÁRIO | F4: CONSERVAÇÂO PN | G4: VIA - TURMA | H4: - | I4: 1 | J4: 1 | K4: VIA - TURMA
A5: INFRA 1 | D5: DESCARGA DE MATERIAL | E5: BINÁRIO | F5: OUTROS | G5: VIA - LASTRO | K5: VIA - LASTRO
A6: INFRA 2 | D6: DESLOCAMENTO | E6: BINÁRIO | F6: OUTROS | G6: TODOS | H6: - | I6: 0 | J6: 4 | K6: TODOS
A7: MOD SPN | D7: DETECÇÃO - CARRO CONTROLE | E7: KM | F7: DETECÇÃO | G7: DETECÇÃO | H7: - | I7: 1 | J7: 1 | K7: DETECÇÃO
A8: MOD ZDG PAT | D8: DETECÇÃO - RONDA 7 DIAS | E8: KM | F8: DETECÇÃO | G8: DETECÇÃO | H8: - | I8: 1 | J8: 1 | K8: DETECÇÃO
A9: MOD ZEM | D9: DETECÇÃO - ULTRASSOM - SPERRY | E9: KM | F9: DETECÇÃO | G9: DETECÇÃO | H9: - | I9: 1 | J9: 1 | K9: DETECÇÃO
A10: MOD ZRB | D10: EXPANSÃO - ALÍVIO DE TENSÃO | E10: M | F10: EXPANSÃO | G10: EXPANSÃO | H10: - | I10: 0 | J10: 0 | K10: EXPANSÃO - TURMA
A11: MOD ZWU ZDC | D11: EXPANSÃO - AMV - JACARÉ | E11: Nº DE PEÇAS | F11: EXPANSÃO | G11: EXPANSÃO | H11: - | I11: 0 | J11: 0 | K11: EXPANSÃO - TURMA
A12: MOD ZYQ ZWI | D12: EXPANSÃO - AMV - MEIA CHAVE | E12: Nº DE PEÇAS | F12: EXPANSÃO | G12: EXPANSÃO | H12: - | I12: 0 | J12: 0 | K12: EXPANSÃO - TURMA
A13: MODERNIZAÇÃO LASTRO 2 | D13: EXPANSÃO - DESCARGA - TRILHO | E13: Nº DE BARRAS | F13: EXPANSÃO | G13: EXPANSÃO | H13: - | I13: 0 | J13: 0 | K13: EXPANSÃO - TRILHEIRO
A14: MODERNIZAÇÃO TURMA 2 | D14: EXPANSÃO - DORMENTE - CARGA | E14: Nº DE DORMENTES | F14: EXPANSÃO | G14: EXPANSÃO | H14: - | I14: 0 | J14: 0 | K14: EXPANSÃO - LASTRO
A15: SOLDA T3 | D15: EXPANSÃO - DORMENTE - DESCARGA | E15: Nº DE DORMENTES | F15: EXPANSÃO | G15: EXPANSÃO | H15: - | I15: 0 | J15: 0 | K15: EXPANSÃO - LASTRO
A16: SUPER | D16: EXPANSÃO - OUTRA ATIVIDADE | E16: BINÁRIO | F16: EXPANSÃO | G16: EXPANSÃO | H16: - | I16: 0 | J16: 0 | K16: EXPANSÃO - TODOS
A17: SUPER SERRA | D17: EXPANSÃO - TRILHEIRO - DESCARGA | E17: M | F17: EXPANSÃO | G17: EXPANSÃO | H17: - | I17: 1 | J17: 1 | K17: EXPANSÃO - TRILHEIRO
... A75: V88 | D75: VANDALISMO - LIMPEZA | E75: M | F75: OUTROS | G75: VIA - TURMA | H75: - | I75: 1 | J75: 1 | K75: VIA - TURMA
A76: V89
A77: V90
A78: V92 | D78: VARRIÇÃO | E78: M | F78: OUTROS | G78: VIA - TURMA | I78: 1 | J78: 1 | K78: VIA - TURMA
A79: V93 | D79: NIVELAMENTO | E79: BINÁRIO | F79: OUTROS | G79: VIA - TURMA | H79: NIVELAMENTO | I79: 1 | J79: 1 | K79: VIA - TURMA
A80: V94 | D80: PREPARAÇÃO DE BARRA | E80: BINÁRIO | F80: OUTROS | G80: VIA - TURMA | H80: TRILHO | I80: 1 | J80: 1 | K80: VIA - TURMA
A81: V95 | D81: INSPEÇÃO | E81: BINÁRIO | F81: OUTROS | G81: VIA - TURMA | H81: VIA | I81: 0 | J81: 0 | K81: VIA - TURMA
A82: V96
A83: V97
A84: W48
A85: W50
A86: W53
A87: W54
A88: W55
A89: W58
A90: W59
A91: W60
A92: W61
A93: W62
... A206: JOSUEL (TP-697)

Sheet SP_NORTE
B1: INICIO | E1: Nenhum dado encontrado para a data de hoje. | AH1: ] | BG1: GESTÃO DE ACOMPANHAMENTO | BK1: 📋 *RELATÓRIO DIÁRIO - 16/2/2026* Aba: SP_NORTE ---------------------------- 🔹 *Ativo:* V87 └ Status 1: MC1 08:21, sem oportunidade └ Status 2: MC1 08:21, sem oportunidade 🔹 *Ativo:* JOSUEL (TP-697) └ Status 1: Equipe pronta 10:23, aguarda passagem L84 10:30, em intervalo 10:47 └ Status 2: - 🔹 *Ativo:* V48 └ Status 1: MC1 08:15, aguarda oportunidade, previsão de faixa 12h └ Status 2: - 🔹 *Ativo:* W54 └ Status 1: Aguarda mecanica loco 9401 não liga └ Status 2: Locomotiva 9401 avariada, previsão D+1 🔹 *Ativo:* PEDRO (TP-696) └ Status 1: Aguarda equipe informar pronto └ Status 2: - 🔹 *Ativo:* CARLOS (TP-722) └ Status 1: Equipe pronta as 10h, em intervalo 11h, em intervalo 10:54 └ Status 2: - 🔹 *Ativo:* V88 └ Status 1: Aguarda MC1, equipe em descanso └ Status 2: Equipe em interjornada 🔹 *Ativo:* MARCEL (TF-03) └ Status 1: Equipe pronta 9:44, aguarda oportunidade └ Status 2: - 🔹 *Ativo:* V40 └ Status 1: MC1 08:09, sem oportunidade └ Status 2: MC1 08:09, sem oportunidade 🔹 *Ativo:* MAURO TP-868) └ Status 1: Equipe no local, aguarda temperatura └ Status 2: - 🔹 *Ativo:* WAGNER (TP-58) └ Status 1: Equipe no local, aguarda temperatura └ Status 2: - 🔹 *Ativo:* ANTONIO (TF-681) └ Status 1: Aguarda equipe informar pronto └ Status 2: - 🔹 *Ativo:* V83 └ Status 1: MC1 08:27, autorizado 09:53, em deslocamento para intervalo └ Status 2: - ✅ *Total de itens encontrados:* 13 | BL1: FECHAMENTO
E2: ITENS GUIA | R2: RESPONSABILIDADE | Z2: RECURSO | AH2: ITENS GUIA | AR2: INTERVALO | AZ2: PRODUÇÃO | BB2: RESPONSABILIDADE
E3: O QUE? | G3: ONDE? | N3: INTERVALO | P3: PODUÇÃO | R3: QUEM VAI RESPONDER PELA EXECUÇÃO? | V3: GESTÃO | Z3: EQUIPAGEM | AD3: ATIVOS | AH3: O QUE? | AJ3: ONDE? | AR3: PARCIAL 1 | AT3: PARCIAL 2 | AV3: PARCIAL 3 | AX3: TOTAL | BB3: QUEM VAI RESPONDER PELA EXECUÇÃO? | BL3: ANALISE | BP3: %
A4: obr | B4: ESCREVE | C4: FORMULA | D4: SELECIONAR | E4: SELECIONAR | F4: FORMULA | G4: ESCREVE | H4: ESCREVE | I4: ESCREVE | J4: ESCREVE | K4: ESCREVE | L4: ESCREVE | M4: ESCREVE | N4: ESCREVE | O4: ESCREVE | P4: ESCREVE | Q4: FORMULA | R4: SELECIONAR | S4: SELECIONAR | T4: FORMULA | U4: ESCREVE | V4: ESCREVE | W4: SELECIONAR | X4: SELECIONAR | Y4: SELECIONAR | Z4: ESCREVE | AA4: SELECIONAR | AB4: SELECIONAR | AC4: ESCREVE | AD4: ESCREVE | AE4: ESCREVE | AF4: ESCREVE | AH4: SELECIONAR | AI4: FORMULA | AJ4: ESCREVE | AK4: ESCREVE | AL4: ESCREVE | AM4: ESCREVE | AN4: ESCREVE | AO4: ESCREVE | AP4: ESCREVE | AQ4: ESCREVE | AR4: ESCREVE | AS4: ESCREVE | AT4: ESCREVE | AU4: ESCREVE | AV4: ESCREVE | AW4: ESCREVE | AX4: FORMULA | AY4: SELECIONAR | AZ4: ESCREVE | BA4: FORMULA | BB4: SELECIONAR | BC4: SELECIONAR | BD4: FORMULA | BE4: ESCREVE | BF4: * | BG4: ESCREVE | BH4: ESCREVE | BI4: ESCREVE | BJ4: ESCREVE | BK4: * | BL4: SELECIONAR | BM4: SELECIONAR | BN4: SELECIONAR | BO4: ESCREVE | BP4: FORMULA | BQ4: FORMULA | BR4: FORMULA
A5: CHAVE | B5: DATA | C5: Semana | D5: ATIVO | E5: Atividade | F5: Atividade - Inidicador | G5: Local - Partida | H5: Local - Encerramento | I5: SUB | J5: KM - Inicio | K5: KM - Fim | L5: Entre - Estações | M5: SB | N5: Inicia | O5: Duração | P5: Quantidade | Q5: Unidade | R5: Gerência da Via | S5: Coordenação da Via | T5: Trecho | U5: Responsavel pelo boletim | V5: Detalhe Programação | W5: Programar para D+1 | X5: Confirmação programação | Y5: Prioridade | Z5: Qtd. Maquinista | AA5: Tipo de Maquinista (Fixo / Escala) | AB5: Tipo de Acionamento | AC5: Apresentação no lastro | AD5: Ativo - 1 | AE5: Ativo - 2 | AF5: Vagões - Qtd. | AG5: *2 | AH5: Atividade_1 | AI5: Atividade - PDM | AJ5: Local - Partida_2 | AK5: Local - Encerramento_3 | AL5: Entre-Locais | AM5: SB_4 | AN5: SUB_5 | AO5: KM - ínicio | AP5: KM - Fim_6 | AQ5: HR Turma Pronta | AR5: Inicio | AS5: Fim | AT5: Inicio_7 | AU5: Fim_8 | AV5: Inicio_9 | AW5: Fim_10 | AX5: TOTAL | AY5: LIBERADO PELO CCO | AZ5: Quantidade_11 | BA5: Unidade_12 | BB5: Gerência da Via_13 | BC5: Coordenação da Via_14 | BD5: Trecho_15 | BE5: Responsavel pelo boletim_16 | BF5: *3 | BG5: Status | BH5: Prévia CCO 22h | BI5: Prévia - 1 | BJ5: Prévia - 2 | BK5: *4 | BL5: Responsabilidade | BM5: Fechamento - Impacto | BN5: Detalhe - Fechamento | BO5: Justificativa | BP5: Analise Prévia | BQ5: Intervalo | BR5: QTD | BS5: Concat
A6: =D6&B6 | C6: =IF(BS_CONTROLE[[#This Row],[DATA]]="","",WEEKNUM(BS_CONTROLE[[#This Row],[DATA]])) | F6: =IF(D6="","*",VLOOKUP(E6,BS_ATIVIDADE[],3,FALSE)) -> * | L6: {=_xlfn.XLOOKUP( 1, ( TabelaMap[SUB] = BS_CONTROLE[[#This Row],[SUB]]) * ( TabelaMap[KM Inicio] <= BS_CONTROLE[[#This Row],[KM - Inicio]]) * ( TabelaMap[KM Fim] >= BS_CONTROLE[[#This Row],[KM - Inicio]]), TabelaMap[Trecho], "-", 0 )} -> - | M6: {=_xlfn.XLOOKUP( 1, ( TabelaMap[SUB] = BS_CONTROLE[[#This Row],[SUB]]) * ( TabelaMap[KM Inicio] <= BS_CONTROLE[[#This Row],[KM - Inicio]]) * ( TabelaMap[KM Fim] >= BS_CONTROLE[[#This Row],[KM - Inicio]]), TabelaMap[SB], "-", 0 )} -> - | Q6: =IF(E6=0, "*", IFERROR(_xlfn.XLOOKUP(E6, BS_ATIVIDADE[ATIVIDADE], BS_ATIVIDADE[UNIDADE]), "*")) -> * | R6: {=_xlfn.XLOOKUP( 1, ( TabelaMap[SUB] = BS_CONTROLE[[#This Row],[SUB]]) * ( TabelaMap[KM Inicio] <= BS_CONTROLE[[#This Row],[KM - Inicio]]) * ( TabelaMap[KM Fim] >= BS_CONTROLE[[#This Row],[KM - Inicio]]), TabelaMap[Gerência], "-", 0 )} -> - | S6: {=_xlfn.XLOOKUP( 1, ( TabelaMap[SUB] = BS_CONTROLE[[#This Row],[SUB]]) * ( TabelaMap[KM Inicio] <= BS_CONTROLE[[#This Row],[KM - Inicio]]) * ( TabelaMap[KM Fim] >= BS_CONTROLE[[#This Row],[KM - Inicio]]), TabelaMap[Trecho Coordenação], "-", 0 )} -> - | T6: {=_xlfn.XLOOKUP( 1, ( TabelaMap[SUB] = BS_CONTROLE[[#This Row],[SUB]]) * ( TabelaMap[KM Inicio] <= BS_CONTROLE[[#This Row],[KM - Inicio]]) * ( TabelaMap[KM Fim] >= BS_CONTROLE[[#This Row],[KM - Inicio]]), TabelaMap[NOME SUB], "-", 0 )} -> - | AH6: =IF(BS_CONTROLE[[#This Row],[Atividade]]=0, "-", BS_CONTROLE[[#This Row],[Atividade]]) -> - | AI6: =IF(BS_CONTROLE[[#This Row],[Atividade]]=0, "-", BS_CONTROLE[[#This Row],[Atividade]]) -> - | AJ6: =BS_CONTROLE[[#This Row],[Local - Partida]] -> 0 | AK6: =BS_CONTROLE[[#This Row],[Local - Encerramento]] -> 0 | AL6: =IF(BS_CONTROLE[[#This Row],[Entre - Estações]]=0, "-", BS_CONTROLE[[#This Row],[Entre - Estações]]) -> - | AM6: =IF(BS_CONTROLE[[#This Row],[SB]]=0, "-", BS_CONTROLE[[#This Row],[SB]]) -> - | AN6: =IF(BS_CONTROLE[[#This Row],[SUB]]=0, "-", BS_CONTROLE[[#This Row],[SUB]]) -> - | AO6: =BS_CONTROLE[[#This Row],[KM - Inicio]] -> 0 | AP6: =BS_CONTROLE[[#This Row],[KM - Inicio]] -> 0 | AX6: =IF(D6="","*",IFERROR(IF(ISODD(COUNT(AR6:AW6)),"ERRO",SUM((AS6-AR6),(AU6-AT6),(AW6-AV6))),"ERRO")) -> * | BA6: =IFERROR(_xlfn.XLOOKUP(AH6, BS_ATIVIDADE[ATIVIDADE],BS_ATIVIDADE[UNIDADE] ), "*") -> * | BB6: {=_xlfn.XLOOKUP( 1, ( TabelaMap[SUB] = BS_CONTROLE[[#This Row],[SUB_5]]) * ( TabelaMap[KM Inicio] <= BS_CONTROLE[[#This Row],[KM - ínicio]]) * ( TabelaMap[KM Fim] >= BS_CONTROLE[[#This Row],[KM - ínicio]]), TabelaMap[Gerência], "-", 0 )} -> - | BC6: {=_xlfn.XLOOKUP( 1, ( TabelaMap[SUB] = BS_CONTROLE[[#This Row],[SUB_5]]) * ( TabelaMap[KM Inicio] <= BS_CONTROLE[[#This Row],[KM - ínicio]]) * ( TabelaMap[KM Fim] >= BS_CONTROLE[[#This Row],[KM - ínicio]]), TabelaMap[Trecho Coordenação], "-", 0 )} -> - | BD6: {=_xlfn.XLOOKUP( 1, ( TabelaMap[SUB] = BS_CONTROLE[[#This Row],[SUB_5]]) * ( TabelaMap[KM Inicio] <= BS_CONTROLE[[#This Row],[KM - Inicio]]) * ( TabelaMap[KM Fim] >= BS_CONTROLE[[#This Row],[KM - Inicio]]), TabelaMap[NOME SUB], "-", 0 )} -> - | BP6: =IF(AND(BQ6<1,BR6<1),"Produção e Intervalo",IF(BQ6<1,"Intervalo",IF(BR6<1,"Produção","Aderente"))) -> Aderente | BQ6: =IF(OR(B6="",E6=""),"*",AX6/O6) -> * | BR6: =IF(OR(B6="",E6=""),"*",AZ6/P6) -> * | BS6: =IF(BM6="","",SUBSTITUTE(BL6," ","")&SUBSTITUTE(BM6," ",""))
A7: =D7&B7 | C7: =IF(BS_CONTROLE[[#This Row],[DATA]]="","",WEEKNUM(BS_CONTROLE[[#This Row],[DATA]])) | F7: =IF(D7="","*",VLOOKUP(E7,BS_ATIVIDADE[],3,FALSE)) -> * | L7: {=_xlfn.XLOOKUP( 1, ( TabelaMap[SUB] = BS_CONTROLE[[#This Row],[SUB]]) * ( TabelaMap[KM Inicio] <= BS_CONTROLE[[#This Row],[KM - Inicio]]) * ( TabelaMap[KM Fim] >= BS_CONTROLE[[#This Row],[KM - Inicio]]), TabelaMap[Trecho], "-", 0 )} -> - | M7: {=_xlfn.XLOOKUP( 1, ( TabelaMap[SUB] = BS_CONTROLE[[#This Row],[SUB]]) * ( TabelaMap[KM Inicio] <= BS_CONTROLE[[#This Row],[KM - Inicio]]) * ( TabelaMap[KM Fim] >= BS_CONTROLE[[#This Row],[KM - Inicio]]), TabelaMap[SB], "-", 0 )} -> - | Q7: =IF(E7=0, "*", IFERROR(_xlfn.XLOOKUP(E7, BS_ATIVIDADE[ATIVIDADE], BS_ATIVIDADE[UNIDADE]), "*")) -> * | R7: {=_xlfn.XLOOKUP( 1, ( TabelaMap[SUB] = BS_CONTROLE[[#This Row],[SUB]]) * ( TabelaMap[KM Inicio] <= BS_CONTROLE[[#This Row],[KM - Inicio]]) * ( TabelaMap[KM Fim] >= BS_CONTROLE[[#This Row],[KM - Inicio]]), TabelaMap[Gerência], "-", 0 )} -> - | S7: {=_xlfn.XLOOKUP( 1, ( TabelaMap[SUB] = BS_CONTROLE[[#This Row],[SUB]]) * ( TabelaMap[KM Inicio] <= BS_CONTROLE[[#This Row],[KM - Inicio]]) * ( TabelaMap[KM Fim] >= BS_CONTROLE[[#This Row],[KM - Inicio]]), TabelaMap[Trecho Coordenação], "-", 0 )} -> - | T7: {=_xlfn.XLOOKUP( 1, ( TabelaMap[SUB] = BS_CONTROLE[[#This Row],[SUB]]) * ( TabelaMap[KM Inicio] <= BS_CONTROLE[[#This Row],[KM - Inicio]]) * ( TabelaMap[KM Fim] >= BS_CONTROLE[[#This Row],[KM - Inicio]]), TabelaMap[NOME SUB], "-", 0 )} -> - | AH7: =IF(BS_CONTROLE[[#This Row],[Atividade]]=0, "-", BS_CONTROLE[[#This Row],[Atividade]]) -> - | AI7: =IF(BS_CONTROLE[[#This Row],[Atividade]]=0, "-", BS_CONTROLE[[#This Row],[Atividade]]) -> - | AJ7: =BS_CONTROLE[[#This Row],[Local - Partida]] -> 0 | AK7: =BS_CONTROLE[[#This Row],[Local - Encerramento]] -> 0 | AL7: =IF(BS_CONTROLE[[#This Row],[Entre - Estações]]=0, "-", BS_CONTROLE[[#This Row],[Entre - Estações]]) -> - | AM7: =IF(BS_CONTROLE[[#This Row],[SB]]=0, "-", BS_CONTROLE[[#This Row],[SB]]) -> - | AN7: =IF(BS_CONTROLE[[#This Row],[SUB]]=0, "-", BS_CONTROLE[[#This Row],[SUB]]) -> - | AO7: =BS_CONTROLE[[#This Row],[KM - Inicio]] -> 0 | AP7: =BS_CONTROLE[[#This Row],[KM - Inicio]] -> 0 | AX7: =IF(D7="","*",IFERROR(IF(ISODD(COUNT(AR7:AW7)),"ERRO",SUM((AS7-AR7),(AU7-AT7),(AW7-AV7))),"ERRO")) -> * | BA7: =IFERROR(_xlfn.XLOOKUP(AH7, BS_ATIVIDADE[ATIVIDADE],BS_ATIVIDADE[UNIDADE] ), "*") -> * | BB7: {=_xlfn.XLOOKUP( 1, ( TabelaMap[SUB] = BS_CONTROLE[[#This Row],[SUB_5]]) * ( TabelaMap[KM Inicio] <= BS_CONTROLE[[#This Row],[KM - ínicio]]) * ( TabelaMap[KM Fim] >= BS_CONTROLE[[#This Row],[KM - ínicio]]), TabelaMap[Gerência], "-", 0 )} -> - | BC7: {=_xlfn.XLOOKUP( 1, ( TabelaMap[SUB] = BS_CONTROLE[[#This Row],[SUB_5]]) * ( TabelaMap[KM Inicio] <= BS_CONTROLE[[#This Row],[KM - ínicio]]) * ( TabelaMap[KM Fim] >= BS_CONTROLE[[#This Row],[KM - ínicio]]), TabelaMap[Trecho Coordenação], "-", 0 )} -> - | BD7: {=_xlfn.XLOOKUP( 1, ( TabelaMap[SUB] = BS_CONTROLE[[#This Row],[SUB_5]]) * ( TabelaMap[KM Inicio] <= BS_CONTROLE[[#This Row],[KM - Inicio]]) * ( TabelaMap[KM Fim] >= BS_CONTROLE[[#This Row],[KM - Inicio]]), TabelaMap[NOME SUB], "-", 0 )} -> - | BP7: =IF(AND(BQ7<1,BR7<1),"Produção e Intervalo",IF(BQ7<1,"Intervalo",IF(BR7<1,"Produção","Aderente"))) -> Aderente | BQ7: =IF(OR(B7="",E7=""),"*",AX7/O7) -> * | BR7: =IF(OR(B7="",E7=""),"*",AZ7/P7) -> * | BS7: =IF(BM7="","",SUBSTITUTE(BL7," ","")&SUBSTITUTE(BM7," ",""))
A8: =D8&B8 -> V8746054 | B8: 46054 | C8: =IF(BS_CONTROLE[[#This Row],[DATA]]="","",WEEKNUM(BS_CONTROLE[[#This Row],[DATA]])) -> 6 | D8: V87 | E8: MECANIZAÇÃO - SOCADORA | F8: =IF(D8="","*",VLOOKUP(E8,BS_ATIVIDADE[],3,FALSE)) -> MECANIZAÇÃO - SOCADORA | G8: ZDP2 | H8: ZDP2 | I8: 73 | J8: 293.3 | K8: 291 | L8: {=_xlfn.XLOOKUP( 1, ( TabelaMap[SUB] = BS_CONTROLE[[#This Row],[SUB]]) * ( TabelaMap[KM Inicio] <= BS_CONTROLE[[#This Row],[KM - Inicio]]) * ( TabelaMap[KM Fim] >= BS_CONTROLE[[#This Row],[KM - Inicio]]), TabelaMap[Trecho], "-", 0 )} -> ZZM-ZCF | M8: {=_xlfn.XLOOKUP( 1, ( TabelaMap[SUB] = BS_CONTROLE[[#This Row],[SUB]]) * ( TabelaMap[KM Inicio] <= BS_CONTROLE[[#This Row],[KM - Inicio]]) * ( TabelaMap[KM Fim] >= BS_CONTROLE[[#This Row],[KM - Inicio]]), TabelaMap[Trecho], "-", 0 )} -> ZZM-ZCF | N8: 0.35416667 | O8: 0.083333333 | P8: 400 | Q8: =IF(E8=0, "*", IFERROR(_xlfn.XLOOKUP(E8, BS_ATIVIDADE[ATIVIDADE], BS_ATIVIDADE[UNIDADE]), "*")) -> M | R8: {=_xlfn.XLOOKUP( 1, ( TabelaMap[SUB] = BS_CONTROLE[[#This Row],[SUB]]) * ( TabelaMap[KM Inicio] <= BS_CONTROLE[[#This Row],[KM - Inicio]]) * ( TabelaMap[KM Fim] >= BS_CONTROLE[[#This Row],[KM - Inicio]]), TabelaMap[Gerência], "-", 0 )} -> SP NORTE | S8: {=_xlfn.XLOOKUP( 1, ( TabelaMap[SUB] = BS_CONTROLE[[#This Row],[SUB]]) * ( TabelaMap[KM Inicio] <= BS_CONTROLE[[#This Row],[KM - Inicio]]) * ( TabelaMap[KM Fim] >= BS_CONTROLE[[#This Row],[KM - Inicio]]), TabelaMap[Trecho Coordenação], "-", 0 )} -> TMI-ZEB | T8: {=_xlfn.XLOOKUP( 1, ( TabelaMap[SUB] = BS_CONTROLE[[#This Row],[SUB]]) * ( TabelaMap[KM Inicio] <= BS_CONTROLE[[#This Row],[KM - Inicio]]) * ( TabelaMap[KM Fim] >= BS_CONTROLE[[#This Row],[KM - Inicio]]), TabelaMap[NOME SUB], "-", 0 )} -> ARARAQUARA - MARCO INICIAL | U8: Antonioni | V8: Socadora Mecanizada | W8: Oportunidade | AH8: =IF(BS_CONTROLE[[#This Row],[Atividade]]=0, "-", BS_CONTROLE[[#This Row],[Atividade]]) -> MECANIZAÇÃO - SOCADORA | AI8: =IF(BS_CONTROLE[[#This Row],[Atividade]]=0, "-", BS_CONTROLE[[#This Row],[Atividade]]) -> MECANIZAÇÃO - SOCADORA | AJ8: =BS_CONTROLE[[#This Row],[Local - Partida]] -> ZDP2 | AK8: =BS_CONTROLE[[#This Row],[Local - Encerramento]] -> ZDP2 | AL8: =IF(BS_CONTROLE[[#This Row],[Entre - Estações]]=0, "-", BS_CONTROLE[[#This Row],[Entre - Estações]]) -> ZZM-ZCF | AM8: =IF(BS_CONTROLE[[#This Row],[SB]]=0, "-", BS_CONTROLE[[#This Row],[SB]]) -> ZZM-ZCF | AN8: =IF(BS_CONTROLE[[#This Row],[SUB]]=0, "-", BS_CONTROLE[[#This Row],[SUB]]) -> 73 | AO8: =BS_CONTROLE[[#This Row],[KM - Inicio]] -> 293.3 | AP8: =BS_CONTROLE[[#This Row],[KM - Inicio]] -> 293.3 | AQ8: 0.34236111 | AR8: 0.55138889 | AS8: 0.63472222 | AX8: =IF(D8="","*",IFERROR(IF(ISODD(COUNT(AR8:AW8)),"ERRO",SUM((AS8-AR8),(AU8-AT8),(AW8-AV8))),"ERRO")) -> 0.083333333 | AZ8: 400 | BA8: =IFERROR(_xlfn.XLOOKUP(AH8, BS_ATIVIDADE[ATIVIDADE],BS_ATIVIDADE[UNIDADE] ), "*") -> M | BB8: {=_xlfn.XLOOKUP( 1, ( TabelaMap[SUB] = BS_CONTROLE[[#This Row],[SUB_5]]) * ( TabelaMap[KM Inicio] <= BS_CONTROLE[[#This Row],[KM - ínicio]]) * ( TabelaMap[KM Fim] >= BS_CONTROLE[[#This Row],[KM - ínicio]]), TabelaMap[Gerência], "-", 0 )} -> SP NORTE | BC8: {=_xlfn.XLOOKUP( 1, ( TabelaMap[SUB] = BS_CONTROLE[[#This Row],[SUB_5]]) * ( TabelaMap[KM Inicio] <= BS_CONTROLE[[#This Row],[KM - ínicio]]) * ( TabelaMap[KM Fim] >= BS_CONTROLE[[#This Row],[KM - ínicio]]), TabelaMap[Trecho Coordenação], "-", 0 )} -> TMI-ZEB | BD8: {=_xlfn.XLOOKUP( 1, ( TabelaMap[SUB] = BS_CONTROLE[[#This Row],[SUB_5]]) * ( TabelaMap[KM Inicio] <= BS_CONTROLE[[#This Row],[KM - Inicio]]) * ( TabelaMap[KM Fim] >= BS_CONTROLE[[#This Row],[KM - Inicio]]), TabelaMap[NOME SUB], "-", 0 )} -> ARARAQUARA - MARCO INICIAL | BG8: 2 | BI8: MC1 07:57, licenciado 11:42, intervalo 13;14 até 15:02 | BJ8: MC1 07:57, licenciado 11:42, intervalo 13;14 até 15:02 | BL8: OK | BM8: OK | BN8: OK | BO8: - | BP8: =IF(AND(BQ8<1,BR8<1),"Produção e Intervalo",IF(BQ8<1,"Intervalo",IF(BR8<1,"Produção","Aderente"))) -> Intervalo | BQ8: =IF(OR(B8="",E8=""),"*",AX8/O8) -> 1 | BR8: =IF(OR(B8="",E8=""),"*",AZ8/P8) -> 1 | BS8: =IF(BM8="","",SUBSTITUTE(BL8," ","")&SUBSTITUTE(BM8," ","")) -> OKOK | BU8: TEXTO ABAIXO
A9: =D9&B9 -> V8846054 | B9: 46054 | C9: =IF(BS_CONTROLE[[#This Row],[DATA]]="","",WEEKNUM(BS_CONTROLE[[#This Row],[DATA]])) -> 6 | D9: V88 | E9: MECANIZAÇÃO - SOCADORA | F9: =IF(D9="","*",VLOOKUP(E9,BS_ATIVIDADE[],3,FALSE)) -> MECANIZAÇÃO - SOCADORA | G9: ZPN2 | H9: ZPN2 | I9: 73 | J9: 156.9 | K9: 152 | L9: {=_xlfn.XLOOKUP( 1, ( TabelaMap[SUB] = BS_CONTROLE[[#This Row],[SUB]]) * ( TabelaMap[KM Inicio] <= BS_CONTROLE[[#This Row],[KM - Inicio]]) * ( TabelaMap[KM Fim] >= BS_CONTROLE[[#This Row],[KM - Inicio]]), TabelaMap[Trecho], "-", 0 )} -> ZCV-ZCT | M9: {=_xlfn.XLOOKUP( 1, ( TabelaMap[SUB] = BS_CONTROLE[[#This Row],[SUB]]) * ( TabelaMap[KM Inicio] <= BS_CONTROLE[[#This Row],[KM - Inicio]]) * ( TabelaMap[KM Fim] >= BS_CONTROLE[[#This Row],[KM - Inicio]]), TabelaMap[Trecho], "-", 0 )} -> ZCV-ZCT | N9: 0.35416667 | O9: 0.083333333 | P9: 1000 | Q9: =IF(E9=0, "*", IFERROR(_xlfn.XLOOKUP(E9, BS_ATIVIDADE[ATIVIDADE], BS_ATIVIDADE[UNIDADE]), "*")) -> M | R9: {=_xlfn.XLOOKUP( 1, ( TabelaMap[SUB] = BS_CONTROLE[[#This Row],[SUB]]) * ( TabelaMap[KM Inicio] <= BS_CONTROLE[[#This Row],[KM - Inicio]]) * ( TabelaMap[KM Fim] >= BS_CONTROLE[[#This Row],[KM - Inicio]]), TabelaMap[Gerência], "-", 0 )} -> SP NORTE | S9: {=_xlfn.XLOOKUP( 1, ( TabelaMap[SUB] = BS_CONTROLE[[#This Row],[SUB]]) * ( TabelaMap[KM Inicio] <= BS_CONTROLE[[#This Row],[KM - Inicio]]) * ( TabelaMap[KM Fim] >= BS_CONTROLE[[#This Row],[KM - Inicio]]), TabelaMap[Trecho Coordenação], "-", 0 )} -> ZEB-ZCZ | T9: {=_xlfn.XLOOKUP( 1, ( TabelaMap[SUB] = BS_CONTROLE[[#This Row],[SUB]]) * ( TabelaMap[KM Inicio] <= BS_CONTROLE[[#This Row],[KM - Inicio]]) * ( TabelaMap[KM Fim] >= BS_CONTROLE[[#This Row],[KM - Inicio]]), TabelaMap[NOME SUB], "-", 0 )} -> ARARAQUARA - MARCO INICIAL | U9: Antonioni | V9: Socadora Mecanizada | W9: Oportunidade | Z9: 1 | AA9: FIXO | AB9: ACIONAMENTO | AC9: 0.3125 | AD9: 6234 | AE9: 6238 | AF9: - | AH9: =IF(BS_CONTROLE[[#This Row],[Atividade]]=0, "-", BS_CONTROLE[[#This Row],[Atividade]]) -> MECANIZAÇÃO - SOCADORA | AI9: =IF(BS_CONTROLE[[#This Row],[Atividade]]=0, "-", BS_CONTROLE[[#This Row],[Atividade]]) -> MECANIZAÇÃO - SOCADORA | AJ9: =BS_CONTROLE[[#This Row],[Local - Partida]] -> ZPN2 | AK9: =BS_CONTROLE[[#This Row],[Local - Encerramento]] -> ZPN2 | AL9: =IF(BS_CONTROLE[[#This Row],[Entre - Estações]]=0, "-", BS_CONTROLE[[#This Row],[Entre - Estações]]) -> ZCV-ZCT | AM9: =IF(BS_CONTROLE[[#This Row],[SB]]=0, "-", BS_CONTROLE[[#This Row],[SB]]) -> ZCV-ZCT | AN9: =IF(BS_CONTROLE[[#This Row],[SUB]]=0, "-", BS_CONTROLE[[#This Row],[SUB]]) -> 73 | AO9: =BS_CONTROLE[[#This Row],[KM - Inicio]] -> 156.9 | AP9: =BS_CONTROLE[[#This Row],[KM - Inicio]] -> 156.9 | AQ9: 0.33125 | AR9: 0 | AS9: 0 | AX9: =IF(D9="","*",IFERROR(IF(ISODD(COUNT(AR9:AW9)),"ERRO",SUM((AS9-AR9),(AU9-AT9),(AW9-AV9))),"ERRO")) -> 0 | AZ9: 0 | BA9: =IFERROR(_xlfn.XLOOKUP(AH9, BS_ATIVIDADE[ATIVIDADE],BS_ATIVIDADE[UNIDADE] ), "*") -> M | BB9: {=_xlfn.XLOOKUP( 1, ( TabelaMap[SUB] = BS_CONTROLE[[#This Row],[SUB_5]]) * ( TabelaMap[KM Inicio] <= BS_CONTROLE[[#This Row],[KM - ínicio]]) * ( TabelaMap[KM Fim] >= BS_CONTROLE[[#This Row],[KM - ínicio]]), TabelaMap[Gerência], "-", 0 )} -> SP NORTE | BC9: {=_xlfn.XLOOKUP( 1, ( TabelaMap[SUB] = BS_CONTROLE[[#This Row],[SUB_5]]) * ( TabelaMap[KM Inicio] <= BS_CONTROLE[[#This Row],[KM - ínicio]]) * ( TabelaMap[KM Fim] >= BS_CONTROLE[[#This Row],[KM - ínicio]]), TabelaMap[Trecho Coordenação], "-", 0 )} -> ZEB-ZCZ | BD9: {=_xlfn.XLOOKUP( 1, ( TabelaMap[SUB] = BS_CONTROLE[[#This Row],[SUB_5]]) * ( TabelaMap[KM Inicio] <= BS_CONTROLE[[#This Row],[KM - Inicio]]) * ( TabelaMap[KM Fim] >= BS_CONTROLE[[#This Row],[KM - Inicio]]), TabelaMap[NOME SUB], "-", 0 )} -> ARARAQUARA - MARCO INICIAL | BG9: 0 | BI9: MC1 07:57, sem oportunidade de faixa | BJ9: MC1 07:57, sem oportunidade de faixa | BL9: CCO Circulação | BM9: Intervalo Oportunidade | BN9: Sem oportunidade | BO9: MC1 07:57, sem oportunidade faixa | BP9: =IF(AND(BQ9<1,BR9<1),"Produção e Intervalo",IF(BQ9<1,"Intervalo",IF(BR9<1,"Produção","Aderente"))) -> Produção e Intervalo | BQ9: =IF(OR(B9="",E9=""),"*",AX9/O9) -> 0 | BR9: =IF(OR(B9="",E9=""),"*",AZ9/P9) -> 0 | BS9: =IF(BM9="","",SUBSTITUTE(BL9," ","")&SUBSTITUTE(BM9," ","")) -> CCOCirculaçãoIntervaloOportunidade | BU9: *RELATÓRIO DIÁRIO - SP_NORTE - 16/2/2026* ---------------------------- 🔴 *Ativo:* V87 ├ KM: 326.1 └ Status: MC1 08:21, autorizado 11:37 em deslocamento para intervalo, em intervalo 13:21, realizou somente viagem de medição 🟢 *Ativo:* JOSUEL (TP-697) ├ KM: 312.8 └ Status: Equipe pronta 10:23, aguarda passagem L84 10:30, em intervalo 10:47, sem produção devido temperatura 🟢 *Ativo:* V48 ├ KM: 300 └ Status: MC1 08:15, aguarda oportunidade, previsão de faixa 12h, autorizado 11:12 em deslocamento 🔴 *Ativo:* W54 ├ KM: 204 └ Status: Locomotiva 9401 avariada, previsão D+1 🔴 *Ativo:* PEDRO (TP-696) ├ KM: 187 └ Status: Não solicitou intervalo 🟢 *Ativo:* CARLOS (TP-722) ├ KM: 157.6 └ Status: Equipe pronta as 10h, em intervalo 11h, em intervalo 10:54, realizou 1 solda 🔴 *Ativo:* V88 ├ KM: 153.8 └ Status: Equipe em interjornada 🔴 *Ativo:* MARCEL (TF-03) ├ KM: 102.4 └ Status: Equipe pronta 9:44, sem oportunidade 🔴 *Ativo:* V40 ├ KM: 54.8 └ Status: MC1 08:09, sem oportunidade 🔴 *Ativo:* MAURO TP-868) ├ KM: 46.7 └ Status: Equipe no local, aguarda temperatura 🔴 *Ativo:* WAGNER (TP-58) ├ KM: 41.9 └ Status: Equipe no local, aguarda temperatura 🔴 *Ativo:* ANTONIO (TF-681) ├ KM: 11.2 └ Status: Equipe pronta 10:30, aguarda sem oportunidade 🟢 *Ativo:* V83 ├ KM: 139.2 └ Status: MC1 08:27, autorizado 09:53, em deslocamento para intervalo, em intervalo 11:56, 500m de socaria ✅ *Total de itens encontrados:* 13
A10: =D10&B10 -> V8346054 | B10: 46054 | C10: =IF(BS_CONTROLE[[#This Row],[DATA]]="","",WEEKNUM(BS_CONTROLE[[#This Row],[DATA]])) -> 6 | D10: V83 | E10: MECANIZAÇÃO - SOCADORA | F10: =IF(D10="","*",VLOOKUP(E10,BS_ATIVIDADE[],3,FALSE)) -> MECANIZAÇÃO - SOCADORA | G10: ZIQ2 | H10: ZIQ2 | I10: 70 | J10: 131.9 | K10: 131.2 | L10: {=_xlfn.XLOOKUP( 1, ( TabelaMap[SUB] = BS_CONTROLE[[#This Row],[SUB]]) * ( TabelaMap[KM Inicio] <= BS_CONTROLE[[#This Row],[KM - Inicio]]) * ( TabelaMap[KM Fim] >= BS_CONTROLE[[#This Row],[KM - Inicio]]), TabelaMap[Trecho], "-", 0 )} -> ZRX-ZRQ | M10: {=_xlfn.XLOOKUP( 1, ( TabelaMap[SUB] = BS_CONTROLE[[#This Row],[SUB]]) * ( TabelaMap[KM Inicio] <= BS_CONTROLE[[#This Row],[KM - Inicio]]) * ( TabelaMap[KM Fim] >= BS_CONTROLE[[#This Row],[KM - Inicio]]), TabelaMap[Trecho], "-", 0 )} -> ZRX-ZRQ | N10: 0.35416667 | O10: 0.041666667 | P10: 1 | Q10: =IF(E10=0, "*", IFERROR(_xlfn.XLOOKUP(E10, BS_ATIVIDADE[ATIVIDADE], BS_ATIVIDADE[UNIDADE]), "*")) -> M | R10: SP NORTE | S10: ZEB-ZCZ | T10: {=_xlfn.XLOOKUP( 1, ( TabelaMap[SUB] = BS_CONTROLE[[#This Row],[SUB]]) * ( TabelaMap[KM Inicio] <= BS_CONTROLE[[#This Row],[KM - Inicio]]) * ( TabelaMap[KM Fim] >= BS_CONTROLE[[#This Row],[KM - Inicio]]), TabelaMap[NOME SUB], "-", 0 )} -> RECANTO - ITIRAPINA (L1 PRINCIPAL) | U10: Antonioni | V10: Deslocamento | W10: Oportunidade | AH10: =IF(BS_CONTROLE[[#This Row],[Atividade]]=0, "-", BS_CONTROLE[[#This Row],[Atividade]]) -> MECANIZAÇÃO - SOCADORA | AI10: =IF(BS_CONTROLE[[#This Row],[Atividade]]=0, "-", BS_CONTROLE[[#This Row],[Atividade]]) -> MECANIZAÇÃO - SOCADORA | AJ10: =BS_CONTROLE[[#This Row],[Local - Partida]] -> ZIQ2 | AK10: =BS_CONTROLE[[#This Row],[Local - Encerramento]] -> ZIQ2 | AL10: =IF(BS_CONTROLE[[#This Row],[Entre - Estações]]=0, "-", BS_CONTROLE[[#This Row],[Entre - Estações]]) -> ZRX-ZRQ | AM10: =IF(BS_CONTROLE[[#This Row],[SB]]=0, "-", BS_CONTROLE[[#This Row],[SB]]) -> ZRX-ZRQ | AN10: =IF(BS_CONTROLE[[#This Row],[SUB]]=0, "-", BS_CONTROLE[[#This Row],[SUB]]) -> 70 | AO10: =BS_CONTROLE[[#This Row],[KM - Inicio]] -> 131.9 | AP10: =BS_CONTROLE[[#This Row],[KM - Inicio]] -> 131.9 | AQ10: 0.39375 | AR10: 0 | AS10: 0 | AX10: =IF(D10="","*",IFERROR(IF(ISODD(COUNT(AR10:AW10)),"ERRO",SUM((AS10-AR10),(AU10-AT10),(AW10-AV10))),"ERRO")) -> 0 | AZ10: 0 | BA10: =IFERROR(_xlfn.XLOOKUP(AH10, BS_ATIVIDADE[ATIVIDADE],BS_ATIVIDADE[UNIDADE] ), "*") -> M | BB10: {=_xlfn.XLOOKUP( 1, ( TabelaMap[SUB] = BS_CONTROLE[[#This Row],[SUB_5]]) * ( TabelaMap[KM Inicio] <= BS_CONTROLE[[#This Row],[KM - ínicio]]) * ( TabelaMap[KM Fim] >= BS_CONTROLE[[#This Row],[KM - ínicio]]), TabelaMap[Gerência], "-", 0 )} -> SP NORTE | BC10: {=_xlfn.XLOOKUP( 1, ( TabelaMap[SUB] = BS_CONTROLE[[#This Row],[SUB_5]]) * ( TabelaMap[KM Inicio] <= BS_CONTROLE[[#This Row],[KM - ínicio]]) * ( TabelaMap[KM Fim] >= BS_CONTROLE[[#This Row],[KM - ínicio]]), TabelaMap[Trecho Coordenação], "-", 0 )} -> ZRX-ZTI | BD10: {=_xlfn.XLOOKUP( 1, ( TabelaMap[SUB] = BS_CONTROLE[[#This Row],[SUB_5]]) * ( TabelaMap[KM Inicio] <= BS_CONTROLE[[#This Row],[KM - Inicio]]) * ( TabelaMap[KM Fim] >= BS_CONTROLE[[#This Row],[KM - Inicio]]), TabelaMap[NOME SUB], "-", 0 )} -> RECANTO - ITIRAPINA (L1 PRINCIPAL) | BG10: 0 | BI10: MC1 09:27, sem oportunidade de faixa | BJ10: MC1 07:57, sem oportunidade de faixa | BL10: CCO Circulação | BM10: Intervalo Oportunidade | BN10: Sem oportunidade | BO10: MC1 07:57, sem oportunidade de faixa | BP10: =IF(AND(BQ10<1,BR10<1),"Produção e Intervalo",IF(BQ10<1,"Intervalo",IF(BR10<1,"Produção","Aderente"))) -> Produção e Intervalo | BQ10: =IF(OR(B10="",E10=""),"*",AX10/O10) -> 0 | BR10: =IF(OR(B10="",E10=""),"*",AZ10/P10) -> 0 | BS10: =IF(BM10="","",SUBSTITUTE(BL10," ","")&SUBSTITUTE(BM10," ","")) -> CCOCirculaçãoIntervaloOportunidade
A11: =D11&B11 | C11: =IF(BS_CONTROLE[[#This Row],[DATA]]="","",WEEKNUM(BS_CONTROLE[[#This Row],[DATA]])) | F11: =IF(D11="","*",VLOOKUP(E11,BS_ATIVIDADE[],3,FALSE)) -> * | K11: {=_xlfn.XLOOKUP( 1, ( TabelaMap[SUB] = BS_CONTROLE[[#This Row],[SUB]]) * ( TabelaMap[KM Inicio] <= BS_CONTROLE[[#This Row],[KM - Inicio]]) * ( TabelaMap[KM Fim] >= BS_CONTROLE[[#This Row],[KM - Inicio]]), TabelaMap[Trecho], "-", 0 )} -> - | L11: {=_xlfn.XLOOKUP( 1, ( TabelaMap[SUB] = BS_CONTROLE[[#This Row],[SUB]]) * ( TabelaMap[KM Inicio] <= BS_CONTROLE[[#This Row],[KM - Inicio]]) * ( TabelaMap[KM Fim] >= BS_CONTROLE[[#This Row],[KM - Inicio]]), TabelaMap[Trecho], "-", 0 )} -> - | M11: {=_xlfn.XLOOKUP( 1, ( TabelaMap[SUB] = BS_CONTROLE[[#This Row],[SUB]]) * ( TabelaMap[KM Inicio] <= BS_CONTROLE[[#This Row],[KM - Inicio]]) * ( TabelaMap[KM Fim] >= BS_CONTROLE[[#This Row],[KM - Inicio]]), TabelaMap[SB], "-", 0 )} -> - | Q11: =IF(E11=0, "*", IFERROR(_xlfn.XLOOKUP(E11, BS_ATIVIDADE[ATIVIDADE], BS_ATIVIDADE[UNIDADE]), "*")) -> * | R11: {=_xlfn.XLOOKUP( 1, ( TabelaMap[SUB] = BS_CONTROLE[[#This Row],[SUB]]) * ( TabelaMap[KM Inicio] <= BS_CONTROLE[[#This Row],[KM - Inicio]]) * ( TabelaMap[KM Fim] >= BS_CONTROLE[[#This Row],[KM - Inicio]]), TabelaMap[Gerência], "-", 0 )} -> - | S11: {=_xlfn.XLOOKUP( 1, ( TabelaMap[SUB] = BS_CONTROLE[[#This Row],[SUB]]) * ( TabelaMap[KM Inicio] <= BS_CONTROLE[[#This Row],[KM - Inicio]]) * ( TabelaMap[KM Fim] >= BS_CONTROLE[[#This Row],[KM - Inicio]]), TabelaMap[Trecho Coordenação], "-", 0 )} -> - | T11: {=_xlfn.XLOOKUP( 1, ( TabelaMap[SUB] = BS_CONTROLE[[#This Row],[SUB]]) * ( TabelaMap[KM Inicio] <= BS_CONTROLE[[#This Row],[KM - Inicio]]) * ( TabelaMap[KM Fim] >= BS_CONTROLE[[#This Row],[KM - Inicio]]), TabelaMap[NOME SUB], "-", 0 )} -> - | AH11: =IF(BS_CONTROLE[[#This Row],[Atividade]]=0, "-", BS_CONTROLE[[#This Row],[Atividade]]) -> - | AI11: =IF(BS_CONTROLE[[#This Row],[Atividade]]=0, "-", BS_CONTROLE[[#This Row],[Atividade]]) -> - | AJ11: =BS_CONTROLE[[#This Row],[Local - Partida]] -> 0 | AK11: =BS_CONTROLE[[#This Row],[Local - Encerramento]] -> 0 | AL11: =IF(BS_CONTROLE[[#This Row],[Entre - Estações]]=0, "-", BS_CONTROLE[[#This Row],[Entre - Estações]]) -> - | AM11: =IF(BS_CONTROLE[[#This Row],[SB]]=0, "-", BS_CONTROLE[[#This Row],[SB]]) -> - | AN11: =IF(BS_CONTROLE[[#This Row],[SUB]]=0, "-", BS_CONTROLE[[#This Row],[SUB]]) -> - | AO11: =BS_CONTROLE[[#This Row],[KM - Inicio]] -> 0 | AP11: =BS_CONTROLE[[#This Row],[KM - Inicio]] -> 0 | AX11: =IF(D11="","*",IFERROR(IF(ISODD(COUNT(AR11:AW11)),"ERRO",SUM((AS11-AR11),(AU11-AT11),(AW11-AV11))),"ERRO")) -> * | BA11: =IFERROR(_xlfn.XLOOKUP(AH11, BS_ATIVIDADE[ATIVIDADE],BS_ATIVIDADE[UNIDADE] ), "*") -> * | BB11: {=_xlfn.XLOOKUP( 1, ( TabelaMap[SUB] = BS_CONTROLE[[#This Row],[SUB_5]]) * ( TabelaMap[KM Inicio] <= BS_CONTROLE[[#This Row],[KM - ínicio]]) * ( TabelaMap[KM Fim] >= BS_CONTROLE[[#This Row],[KM - ínicio]]), TabelaMap[Gerência], "-", 0 )} -> - | BC11: {=_xlfn.XLOOKUP( 1, ( TabelaMap[SUB] = BS_CONTROLE[[#This Row],[SUB_5]]) * ( TabelaMap[KM Inicio] <= BS_CONTROLE[[#This Row],[KM - ínicio]]) * ( TabelaMap[KM Fim] >= BS_CONTROLE[[#This Row],[KM - ínicio]]), TabelaMap[Trecho Coordenação], "-", 0 )} -> - | BD11: {=_xlfn.XLOOKUP( 1, ( TabelaMap[SUB] = BS_CONTROLE[[#This Row],[SUB_5]]) * ( TabelaMap[KM Inicio] <= BS_CONTROLE[[#This Row],[KM - Inicio]]) * ( TabelaMap[KM Fim] >= BS_CONTROLE[[#This Row],[KM - Inicio]]), TabelaMap[NOME SUB], "-", 0 )} -> - | BE11: =BS_CONTROLE[[#This Row],[Responsavel pelo boletim]] -> 0 | BP11: =IF(AND(BQ11<1,BR11<1),"Produção e Intervalo",IF(BQ11<1,"Intervalo",IF(BR11<1,"Produção","Aderente"))) -> Aderente | BQ11: =IF(OR(B11="",E11=""),"*",AX11/O11) -> * | BR11: =IF(OR(B11="",E11=""),"*",AZ11/P11) -> *
A12: =D12&B12 | C12: =IF(BS_CONTROLE[[#This Row],[DATA]]="","",WEEKNUM(BS_CONTROLE[[#This Row],[DATA]])) | F12: =IF(D12="","*",VLOOKUP(E12,BS_ATIVIDADE[],3,FALSE)) -> * | K12: {=_xlfn.XLOOKUP( 1, ( TabelaMap[SUB] = BS_CONTROLE[[#This Row],[SUB]]) * ( TabelaMap[KM Inicio] <= BS_CONTROLE[[#This Row],[KM - Inicio]]) * ( TabelaMap[KM Fim] >= BS_CONTROLE[[#This Row],[KM - Inicio]]), TabelaMap[Trecho], "-", 0 )} -> - | L12: {=_xlfn.XLOOKUP( 1, ( TabelaMap[SUB] = BS_CONTROLE[[#This Row],[SUB]]) * ( TabelaMap[KM Inicio] <= BS_CONTROLE[[#This Row],[KM - Inicio]]) * ( TabelaMap[KM Fim] >= BS_CONTROLE[[#This Row],[KM - Inicio]]), TabelaMap[Trecho], "-", 0 )} -> - | M12: {=_xlfn.XLOOKUP( 1, ( TabelaMap[SUB] = BS_CONTROLE[[#This Row],[SUB]]) * ( TabelaMap[KM Inicio] <= BS_CONTROLE[[#This Row],[KM - Inicio]]) * ( TabelaMap[KM Fim] >= BS_CONTROLE[[#This Row],[KM - Inicio]]), TabelaMap[SB], "-", 0 )} -> - | Q12: =IF(E12=0, "*", IFERROR(_xlfn.XLOOKUP(E12, BS_ATIVIDADE[ATIVIDADE], BS_ATIVIDADE[UNIDADE]), "*")) -> * | R12: {=_xlfn.XLOOKUP( 1, ( TabelaMap[SUB] = BS_CONTROLE[[#This Row],[SUB]]) * ( TabelaMap[KM Inicio] <= BS_CONTROLE[[#This Row],[KM - Inicio]]) * ( TabelaMap[KM Fim] >= BS_CONTROLE[[#This Row],[KM - Inicio]]), TabelaMap[Gerência], "-", 0 )} -> - | S12: {=_xlfn.XLOOKUP( 1, ( TabelaMap[SUB] = BS_CONTROLE[[#This Row],[SUB]]) * ( TabelaMap[KM Inicio] <= BS_CONTROLE[[#This Row],[KM - Inicio]]) * ( TabelaMap[KM Fim] >= BS_CONTROLE[[#This Row],[KM - Inicio]]), TabelaMap[Trecho Coordenação], "-", 0 )} -> - | T12: {=_xlfn.XLOOKUP( 1, ( TabelaMap[SUB] = BS_CONTROLE[[#This Row],[SUB]]) * ( TabelaMap[KM Inicio] <= BS_CONTROLE[[#This Row],[KM - Inicio]]) * ( TabelaMap[KM Fim] >= BS_CONTROLE[[#This Row],[KM - Inicio]]), TabelaMap[NOME SUB], "-", 0 )} -> - | AH12: =IF(BS_CONTROLE[[#This Row],[Atividade]]=0, "-", BS_CONTROLE[[#This Row],[Atividade]]) -> - | AI12: =IF(BS_CONTROLE[[#This Row],[Atividade]]=0, "-", BS_CONTROLE[[#This Row],[Atividade]]) -> - | AJ12: =BS_CONTROLE[[#This Row],[Local - Partida]] -> 0 | AK12: =BS_CONTROLE[[#This Row],[Local - Encerramento]] -> 0 | AL12: =IF(BS_CONTROLE[[#This Row],[Entre - Estações]]=0, "-", BS_CONTROLE[[#This Row],[Entre - Estações]]) -> - | AM12: =IF(BS_CONTROLE[[#This Row],[SB]]=0, "-", BS_CONTROLE[[#This Row],[SB]]) -> - | AN12: =IF(BS_CONTROLE[[#This Row],[SUB]]=0, "-", BS_CONTROLE[[#This Row],[SUB]]) -> - | AO12: =BS_CONTROLE[[#This Row],[KM - Inicio]] -> 0 | AP12: =BS_CONTROLE[[#This Row],[KM - Inicio]] -> 0 | AX12: =IF(D12="","*",IFERROR(IF(ISODD(COUNT(AR12:AW12)),"ERRO",SUM((AS12-AR12),(AU12-AT12),(AW12-AV12))),"ERRO")) -> * | BA12: =IFERROR(_xlfn.XLOOKUP(AH12, BS_ATIVIDADE[ATIVIDADE],BS_ATIVIDADE[UNIDADE] ), "*") -> * | BB12: {=_xlfn.XLOOKUP( 1, ( TabelaMap[SUB] = BS_CONTROLE[[#This Row],[SUB_5]]) * ( TabelaMap[KM Inicio] <= BS_CONTROLE[[#This Row],[KM - ínicio]]) * ( TabelaMap[KM Fim] >= BS_CONTROLE[[#This Row],[KM - ínicio]]), TabelaMap[Gerência], "-", 0 )} -> - | BC12: {=_xlfn.XLOOKUP( 1, ( TabelaMap[SUB] = BS_CONTROLE[[#This Row],[SUB_5]]) * ( TabelaMap[KM Inicio] <= BS_CONTROLE[[#This Row],[KM - ínicio]]) * ( TabelaMap[KM Fim] >= BS_CONTROLE[[#This Row],[KM - ínicio]]), TabelaMap[Trecho Coordenação], "-", 0 )} -> - | BD12: {=_xlfn.XLOOKUP( 1, ( TabelaMap[SUB] = BS_CONTROLE[[#This Row],[SUB_5]]) * ( TabelaMap[KM Inicio] <= BS_CONTROLE[[#This Row],[KM - Inicio]]) * ( TabelaMap[KM Fim] >= BS_CONTROLE[[#This Row],[KM - Inicio]]), TabelaMap[NOME SUB], "-", 0 )} -> - | BE12: =BS_CONTROLE[[#This Row],[Responsavel pelo boletim]] -> 0 | BP12: =IF(AND(BQ12<1,BR12<1),"Produção e Intervalo",IF(BQ12<1,"Intervalo",IF(BR12<1,"Produção","Aderente"))) -> Aderente | BQ12: =IF(OR(B12="",E12=""),"*",AX12/O12) -> * | BR12: =IF(OR(B12="",E12=""),"*",AZ12/P12) -> *
A13: =D13&B13 -> W5746055 | B13: 46055 | C13: =IF(BS_CONTROLE[[#This Row],[DATA]]="","",WEEKNUM(BS_CONTROLE[[#This Row],[DATA]])) -> 6 | D13: W57 | E13: RECOLHIMENTO DE DORMENTE | F13: =IF(D13="","*",VLOOKUP(E13,BS_ATIVIDADE[],3,FALSE)) -> OUTROS | G13: ZJA2 | H13: ZJA2 | I13: 73 | J13: 379 | K13: 375 | L13: {=_xlfn.XLOOKUP( 1, ( TabelaMap[SUB] = BS_CONTROLE[[#This Row],[SUB]]) * ( TabelaMap[KM Inicio] <= BS_CONTROLE[[#This Row],[KM - Inicio]]) * ( TabelaMap[KM Fim] >= BS_CONTROLE[[#This Row],[KM - Inicio]]), TabelaMap[Trecho], "-", 0 )} -> ZJA-ZUR | M13: {=_xlfn.XLOOKUP( 1, ( TabelaMap[SUB] = BS_CONTROLE[[#This Row],[SUB]]) * ( TabelaMap[KM Inicio] <= BS_CONTROLE[[#This Row],[KM - Inicio]]) * ( TabelaMap[KM Fim] >= BS_CONTROLE[[#This Row],[KM - Inicio]]), TabelaMap[Trecho], "-", 0 )} -> ZJA-ZUR | N13: 0.375 | O13: 0.083333333 | P13: 700 | Q13: =IF(E13=0, "*", IFERROR(_xlfn.XLOOKUP(E13, BS_ATIVIDADE[ATIVIDADE], BS_ATIVIDADE[UNIDADE]), "*")) -> Nº DE PEÇAS | R13: {=_xlfn.XLOOKUP( 1, ( TabelaMap[SUB] = BS_CONTROLE[[#This Row],[SUB]]) * ( TabelaMap[KM Inicio] <= BS_CONTROLE[[#This Row],[KM - Inicio]]) * ( TabelaMap[KM Fim] >= BS_CONTROLE[[#This Row],[KM - Inicio]]), TabelaMap[Gerência], "-", 0 )} -> SP NORTE | S13: {=_xlfn.XLOOKUP( 1, ( TabelaMap[SUB] = BS_CONTROLE[[#This Row],[SUB]]) * ( TabelaMap[KM Inicio] <= BS_CONTROLE[[#This Row],[KM - Inicio]]) * ( TabelaMap[KM Fim] >= BS_CONTROLE[[#This Row],[KM - Inicio]]), TabelaMap[Trecho Coordenação], "-", 0 )} -> TMI-ZEB | T13: {=_xlfn.XLOOKUP( 1, ( TabelaMap[SUB] = BS_CONTROLE[[#This Row],[SUB]]) * ( TabelaMap[KM Inicio] <= BS_CONTROLE[[#This Row],[KM - Inicio]]) * ( TabelaMap[KM Fim] >= BS_CONTROLE[[#This Row],[KM - Inicio]]), TabelaMap[NOME SUB], "-", 0 )} -> ARARAQUARA - MARCO INICIAL | U13: Ronaldo | V13: Recolhimento de dormentes inservÍveis | W13: Oportunidade | Z13: Clayton + Larocca | AA13: FIXO | AB13: ACIONAMENTO | AC13: 0.33333333 | AD13: 9374 | AE13: - | AF13: - | AH13: =IF(BS_CONTROLE[[#This Row],[Atividade]]=0, "-", BS_CONTROLE[[#This Row],[Atividade]]) -> RECOLHIMENTO DE DORMENTE | AI13: =IF(BS_CONTROLE[[#This Row],[Atividade]]=0, "-", BS_CONTROLE[[#This Row],[Atividade]]) -> RECOLHIMENTO DE DORMENTE | AJ13: =BS_CONTROLE[[#This Row],[Local - Partida]] -> ZJA2 | AK13: =BS_CONTROLE[[#This Row],[Local - Encerramento]] -> ZJA2 | AL13: =IF(BS_CONTROLE[[#This Row],[Entre - Estações]]=0, "-", BS_CONTROLE[[#This Row],[Entre - Estações]]) -> ZJA-ZUR | AM13: =IF(BS_CONTROLE[[#This Row],[SB]]=0, "-", BS_CONTROLE[[#This Row],[SB]]) -> ZJA-ZUR | AN13: =IF(BS_CONTROLE[[#This Row],[SUB]]=0, "-", BS_CONTROLE[[#This Row],[SUB]]) -> 73 | AO13: =BS_CONTROLE[[#This Row],[KM - Inicio]] -> 379 | AP13: =BS_CONTROLE[[#This Row],[KM - Inicio]] -> 379 | AQ13: 0 | AR13: 0 | AS13: 0 | AX13: =IF(D13="","*",IFERROR(IF(ISODD(COUNT(AR13:AW13)),"ERRO",SUM((AS13-AR13),(AU13-AT13),(AW13-AV13))),"ERRO")) -> 0 | AZ13: 0 | BA13: =IFERROR(_xlfn.XLOOKUP(AH13, BS_ATIVIDADE[ATIVIDADE],BS_ATIVIDADE[UNIDADE] ), "*") -> Nº DE PEÇAS | BB13: {=_xlfn.XLOOKUP( 1, ( TabelaMap[SUB] = BS_CONTROLE[[#This Row],[SUB_5]]) * ( TabelaMap[KM Inicio] <= BS_CONTROLE[[#This Row],[KM - ínicio]]) * ( TabelaMap[KM Fim] >= BS_CONTROLE[[#This Row],[KM - ínicio]]), TabelaMap[Gerência], "-", 0 )} -> SP NORTE | BC13: {=_xlfn.XLOOKUP( 1, ( TabelaMap[SUB] = BS_CONTROLE[[#This Row],[SUB_5]]) * ( TabelaMap[KM Inicio] <= BS_CONTROLE[[#This Row],[KM - ínicio]]) * ( TabelaMap[KM Fim] >= BS_CONTROLE[[#This Row],[KM - ínicio]]), TabelaMap[Trecho Coordenação], "-", 0 )} -> TMI-ZEB | BD13: {=_xlfn.XLOOKUP( 1, ( TabelaMap[SUB] = BS_CONTROLE[[#This Row],[SUB_5]]) * ( TabelaMap[KM Inicio] <= BS_CONTROLE[[#This Row],[KM - Inicio]]) * ( TabelaMap[KM Fim] >= BS_CONTROLE[[#This Row],[KM - Inicio]]), TabelaMap[NOME SUB], "-", 0 )} -> ARARAQUARA - MARCO INICIAL | BG13: 0 | BI13: Sem oportunidade de faixa | BJ13: Sem oportunidade de faixa | BL13: CCO Circulação | BM13: Intervalo Oportunidade | BN13: Sem oportunidade | BO13: Sem oportunidade de faixa | BP13: =IF(AND(BQ13<1,BR13<1),"Produção e Intervalo",IF(BQ13<1,"Intervalo",IF(BR13<1,"Produção","Aderente"))) -> Produção e Intervalo | BQ13: =IF(OR(B13="",E13=""),"*",AX13/O13) -> 0 | BR13: =IF(OR(B13="",E13=""),"*",AZ13/P13) -> 0 | BS13: =IF(BM13="","",SUBSTITUTE(BL13," ","")&SUBSTITUTE(BM13," ","")) -> CCOCirculaçãoIntervaloOportunidade
A14: =D14&B14 -> JOSUÉ (TP-697)46055 | B14: 46055 | C14: =IF(BS_CONTROLE[[#This Row],[DATA]]="","",WEEKNUM(BS_CONTROLE[[#This Row],[DATA]])) -> 6 | D14: JOSUÉ (TP-697) | E14: PDM - SOLDA | F14: =IF(D14="","*",VLOOKUP(E14,BS_ATIVIDADE[],3,FALSE)) -> SOLDA | G14: - | H14: - | I14: 73 | J14: 336.5 | K14: - | L14: {=_xlfn.XLOOKUP( 1, ( TabelaMap[SUB] = BS_CONTROLE[[#This Row],[SUB]]) * ( TabelaMap[KM Inicio] <= BS_CONTROLE[[#This Row],[KM - Inicio]]) * ( TabelaMap[KM Fim] >= BS_CONTROLE[[#This Row],[KM - Inicio]]), TabelaMap[Trecho], "-", 0 )} -> ZGI-ZFN | M14: {=_xlfn.XLOOKUP( 1, ( TabelaMap[SUB] = BS_CONTROLE[[#This Row],[SUB]]) * ( TabelaMap[KM Inicio] <= BS_CONTROLE[[#This Row],[KM - Inicio]]) * ( TabelaMap[KM Fim] >= BS_CONTROLE[[#This Row],[KM - Inicio]]), TabelaMap[Trecho], "-", 0 )} -> ZGI-ZFN | N14: 0.375 | O14: 0.0625 | P14: 1 | Q14: =IF(E14=0, "*", IFERROR(_xlfn.XLOOKUP(E14, BS_ATIVIDADE[ATIVIDADE], BS_ATIVIDADE[UNIDADE]), "*")) -> Nº DE SOLDA | R14: {=_xlfn.XLOOKUP( 1, ( TabelaMap[SUB] = BS_CONTROLE[[#This Row],[SUB]]) * ( TabelaMap[KM Inicio] <= BS_CONTROLE[[#This Row],[KM - Inicio]]) * ( TabelaMap[KM Fim] >= BS_CONTROLE[[#This Row],[KM - Inicio]]), TabelaMap[Gerência], "-", 0 )} -> SP NORTE | S14: {=_xlfn.XLOOKUP( 1, ( TabelaMap[SUB] = BS_CONTROLE[[#This Row],[SUB]]) * ( TabelaMap[KM Inicio] <= BS_CONTROLE[[#This Row],[KM - Inicio]]) * ( TabelaMap[KM Fim] >= BS_CONTROLE[[#This Row],[KM - Inicio]]), TabelaMap[Trecho Coordenação], "-", 0 )} -> TMI-ZEB | T14: {=_xlfn.XLOOKUP( 1, ( TabelaMap[SUB] = BS_CONTROLE[[#This Row],[SUB]]) * ( TabelaMap[KM Inicio] <= BS_CONTROLE[[#This Row],[KM - Inicio]]) * ( TabelaMap[KM Fim] >= BS_CONTROLE[[#This Row],[KM - Inicio]]), TabelaMap[NOME SUB], "-", 0 )} -> ARARAQUARA - MARCO INICIAL | U14: ronaldo | V14: execução de solda - Condicionado à temperatura | W14: Oportunidade | AH14: =IF(BS_CONTROLE[[#This Row],[Atividade]]=0, "-", BS_CONTROLE[[#This Row],[Atividade]]) -> PDM - SOLDA | AI14: =IF(BS_CONTROLE[[#This Row],[Atividade]]=0, "-", BS_CONTROLE[[#This Row],[Atividade]]) -> PDM - SOLDA | AJ14: =BS_CONTROLE[[#This Row],[Local - Partida]] -> - | AK14: =BS_CONTROLE[[#This Row],[Local - Encerramento]] -> - | AL14: =IF(BS_CONTROLE[[#This Row],[Entre - Estações]]=0, "-", BS_CONTROLE[[#This Row],[Entre - Estações]]) -> ZGI-ZFN | AM14: =IF(BS_CONTROLE[[#This Row],[SB]]=0, "-", BS_CONTROLE[[#This Row],[SB]]) -> ZGI-ZFN | AN14: =IF(BS_CONTROLE[[#This Row],[SUB]]=0, "-", BS_CONTROLE[[#This Row],[SUB]]) -> 73 | AO14: =BS_CONTROLE[[#This Row],[KM - Inicio]] -> 336.5 | AP14: =BS_CONTROLE[[#This Row],[KM - Inicio]] -> 336.5 | AQ14: 0.41666667 | AR14: 0 | AS14: 0 | AX14: =IF(D14="","*",IFERROR(IF(ISODD(COUNT(AR14:AW14)),"ERRO",SUM((AS14-AR14),(AU14-AT14),(AW14-AV14))),"ERRO")) -> 0 | AZ14: 0 | BA14: =IFERROR(_xlfn.XLOOKUP(AH14, BS_ATIVIDADE[ATIVIDADE],BS_ATIVIDADE[UNIDADE] ), "*") -> Nº DE SOLDA | BB14: {=_xlfn.XLOOKUP( 1, ( TabelaMap[SUB] = BS_CONTROLE[[#This Row],[SUB_5]]) * ( TabelaMap[KM Inicio] <= BS_CONTROLE[[#This Row],[KM - ínicio]]) * ( TabelaMap[KM Fim] >= BS_CONTROLE[[#This Row],[KM - ínicio]]), TabelaMap[Gerência], "-", 0 )} -> SP NORTE | BC14: {=_xlfn.XLOOKUP( 1, ( TabelaMap[SUB] = BS_CONTROLE[[#This Row],[SUB_5]]) * ( TabelaMap[KM Inicio] <= BS_CONTROLE[[#This Row],[KM - ínicio]]) * ( TabelaMap[KM Fim] >= BS_CONTROLE[[#This Row],[KM - ínicio]]), TabelaMap[Trecho Coordenação], "-", 0 )} -> TMI-ZEB | BD14: {=_xlfn.XLOOKUP( 1, ( TabelaMap[SUB] = BS_CONTROLE[[#This Row],[SUB_5]]) * ( TabelaMap[KM Inicio] <= BS_CONTROLE[[#This Row],[KM - Inicio]]) * ( TabelaMap[KM Fim] >= BS_CONTROLE[[#This Row],[KM - Inicio]]), TabelaMap[NOME SUB], "-", 0 )} -> ARARAQUARA - MARCO INICIAL | BG14: 0 | BI14: TP pronta 07:30, não solicitou devido chuva no local | BJ14: TP pronta 07:30, não solicitou devido chuva no local | BL14: CCO Circulação | BM14: Intervalo Oportunidade | BN14: Sem oportunidade | BO14: TP pronta 07:30, não solicitou devido chuva no local | BP14: =IF(AND(BQ14<1,BR14<1),"Produção e Intervalo",IF(BQ14<1,"Intervalo",IF(BR14<1,"Produção","Aderente"))) -> Produção e Intervalo | BQ14: =IF(OR(B14="",E14=""),"*",AX14/O14) -> 0 | BR14: =IF(OR(B14="",E14=""),"*",AZ14/P14) -> 0 | BS14: =IF(BM14="","",SUBSTITUTE(BL14," ","")&SUBSTITUTE(BM14," ","")) -> CCOCirculaçãoIntervaloOportunidade
A15: =D15&B15 -> JOVÂNIO (TP-850)46055 | B15: 46055 | C15: =IF(BS_CONTROLE[[#This Row],[DATA]]="","",WEEKNUM(BS_CONTROLE[[#This Row],[DATA]])) -> 6 | D15: JOVÂNIO (TP-850) | E15: PDM - SOLDA | F15: =IF(D15="","*",VLOOKUP(E15,BS_ATIVIDADE[],3,FALSE)) -> SOLDA | G15: - | H15: - | I15: 73 | J15: 304.6 | K15: - | L15: {=_xlfn.XLOOKUP( 1, ( TabelaMap[SUB] = BS_CONTROLE[[#This Row],[SUB]]) * ( TabelaMap[KM Inicio] <= BS_CONTROLE[[#This Row],[KM - Inicio]]) * ( TabelaMap[KM Fim] >= BS_CONTROLE[[#This Row],[KM - Inicio]]), TabelaMap[Trecho], "-", 0 )} -> ZVP | M15: {=_xlfn.XLOOKUP( 1, ( TabelaMap[SUB] = BS_CONTROLE[[#This Row],[SUB]]) * ( TabelaMap[KM Inicio] <= BS_CONTROLE[[#This Row],[KM - Inicio]]) * ( TabelaMap[KM Fim] >= BS_CONTROLE[[#This Row],[KM - Inicio]]), TabelaMap[Trecho], "-", 0 )} -> ZVP | N15: 0.375 | O15: 0.0625 | P15: 1 | Q15: =IF(E15=0, "*", IFERROR(_xlfn.XLOOKUP(E15, BS_ATIVIDADE[ATIVIDADE], BS_ATIVIDADE[UNIDADE]), "*")) -> Nº DE SOLDA | R15: {=_xlfn.XLOOKUP( 1, ( TabelaMap[SUB] = BS_CONTROLE[[#This Row],[SUB]]) * ( TabelaMap[KM Inicio] <= BS_CONTROLE[[#This Row],[KM - Inicio]]) * ( TabelaMap[KM Fim] >= BS_CONTROLE[[#This Row],[KM - Inicio]]), TabelaMap[Gerência], "-", 0 )} -> SP NORTE | S15: {=_xlfn.XLOOKUP( 1, ( TabelaMap[SUB] = BS_CONTROLE[[#This Row],[SUB]]) * ( TabelaMap[KM Inicio] <= BS_CONTROLE[[#This Row],[KM - Inicio]]) * ( TabelaMap[KM Fim] >= BS_CONTROLE[[#This Row],[KM - Inicio]]), TabelaMap[Trecho Coordenação], "-", 0 )} -> TMI-ZEB | T15: {=_xlfn.XLOOKUP( 1, ( TabelaMap[SUB] = BS_CONTROLE[[#This Row],[SUB]]) * ( TabelaMap[KM Inicio] <= BS_CONTROLE[[#This Row],[KM - Inicio]]) * ( TabelaMap[KM Fim] >= BS_CONTROLE[[#This Row],[KM - Inicio]]), TabelaMap[NOME SUB], "-", 0 )} -> ARARAQUARA - MARCO INICIAL | U15: Ronaldo | V15: Execução de solda - Condicionado à temperatura (ZVP1) | W15: Oportunidade | AH15: =IF(BS_CONTROLE[[#This Row],[Atividade]]=0, "-", BS_CONTROLE[[#This Row],[Atividade]]) -> PDM - SOLDA | AI15: =IF(BS_CONTROLE[[#This Row],[Atividade]]=0, "-", BS_CONTROLE[[#This Row],[Atividade]]) -> PDM - SOLDA | AJ15: =BS_CONTROLE[[#This Row],[Local - Partida]] -> - | AK15: =BS_CONTROLE[[#This Row],[Local - Encerramento]] -> - | AL15: =IF(BS_CONTROLE[[#This Row],[Entre - Estações]]=0, "-", BS_CONTROLE[[#This Row],[Entre - Estações]]) -> ZVP | AM15: =IF(BS_CONTROLE[[#This Row],[SB]]=0, "-", BS_CONTROLE[[#This Row],[SB]]) -> ZVP | AN15: =IF(BS_CONTROLE[[#This Row],[SUB]]=0, "-", BS_CONTROLE[[#This Row],[SUB]]) -> 73 | AO15: =BS_CONTROLE[[#This Row],[KM - Inicio]] -> 304.6 | AP15: =BS_CONTROLE[[#This Row],[KM - Inicio]] -> 304.6 | AQ15: 0.41666667 | AR15: 0 | AS15: 0 | AX15: =IF(D15="","*",IFERROR(IF(ISODD(COUNT(AR15:AW15)),"ERRO",SUM((AS15-AR15),(AU15-AT15),(AW15-AV15))),"ERRO")) -> 0 | AZ15: 0 | BA15: =IFERROR(_xlfn.XLOOKUP(AH15, BS_ATIVIDADE[ATIVIDADE],BS_ATIVIDADE[UNIDADE] ), "*") -> Nº DE SOLDA | BB15: {=_xlfn.XLOOKUP( 1, ( TabelaMap[SUB] = BS_CONTROLE[[#This Row],[SUB_5]]) * ( TabelaMap[KM Inicio] <= BS_CONTROLE[[#This Row],[KM - ínicio]]) * ( TabelaMap[KM Fim] >= BS_CONTROLE[[#This Row],[KM - ínicio]]), TabelaMap[Gerência], "-", 0 )} -> SP NORTE | BC15: {=_xlfn.XLOOKUP( 1, ( TabelaMap[SUB] = BS_CONTROLE[[#This Row],[SUB_5]]) * ( TabelaMap[KM Inicio] <= BS_CONTROLE[[#This Row],[KM - ínicio]]) * ( TabelaMap[KM Fim] >= BS_CONTROLE[[#This Row],[KM - ínicio]]), TabelaMap[Trecho Coordenação], "-", 0 )} -> TMI-ZEB | BD15: {=_xlfn.XLOOKUP( 1, ( TabelaMap[SUB] = BS_CONTROLE[[#This Row],[SUB_5]]) * ( TabelaMap[KM Inicio] <= BS_CONTROLE[[#This Row],[KM - Inicio]]) * ( TabelaMap[KM Fim] >= BS_CONTROLE[[#This Row],[KM - Inicio]]), TabelaMap[NOME SUB], "-", 0 )} -> ARARAQUARA - MARCO INICIAL | BG15: 0 | BI15: TP pronta 07:30, não solicitou devido chuva no local | BJ15: TP pronta 07:30, não solicitou devido chuva no local | BL15: CCO Circulação | BM15: Intervalo Oportunidade | BN15: Sem oportunidade | BO15: TP pronta 07:30, não solicitou devido chuva no local | BP15: =IF(AND(BQ15<1,BR15<1),"Produção e Intervalo",IF(BQ15<1,"Intervalo",IF(BR15<1,"Produção","Aderente"))) -> Produção e Intervalo | BQ15: =IF(OR(B15="",E15=""),"*",AX15/O15) -> 0 | BR15: =IF(OR(B15="",E15=""),"*",AZ15/P15) -> 0 | BS15: =IF(BM15="","",SUBSTITUTE(BL15," ","")&SUBSTITUTE(BM15," ","")) -> CCOCirculaçãoIntervaloOportunidade
A16: =D16&B16 -> V8746055 | B16: 46055 | C16: =IF(BS_CONTROLE[[#This Row],[DATA]]="","",WEEKNUM(BS_CONTROLE[[#This Row],[DATA]])) -> 6 | D16: V87 | E16: MECANIZAÇÃO - SOCADORA | F16: =IF(D16="","*",VLOOKUP(E16,BS_ATIVIDADE[],3,FALSE)) -> MECANIZAÇÃO - SOCADORA | G16: ZDP2 | H16: ZDP2 | I16: 73 | J16: 293.3 | K16: 291 | L16: {=_xlfn.XLOOKUP( 1, ( TabelaMap[SUB] = BS_CONTROLE[[#This Row],[SUB]]) * ( TabelaMap[KM Inicio] <= BS_CONTROLE[[#This Row],[KM - Inicio]]) * ( TabelaMap[KM Fim] >= BS_CONTROLE[[#This Row],[KM - Inicio]]), TabelaMap[Trecho], "-", 0 )} -> ZZM-ZCF | M16: {=_xlfn.XLOOKUP( 1, ( TabelaMap[SUB] = BS_CONTROLE[[#This Row],[SUB]]) * ( TabelaMap[KM Inicio] <= BS_CONTROLE[[#This Row],[KM - Inicio]]) * ( TabelaMap[KM Fim] >= BS_CONTROLE[[#This Row],[KM - Inicio]]), TabelaMap[Trecho], "-", 0 )} -> ZZM-ZCF | N16: 0.35416667 | O16: 0.083333333 | P16: 510 | Q16: =IF(E16=0, "*", IFERROR(_xlfn.XLOOKUP(E16, BS_ATIVIDADE[ATIVIDADE], BS_ATIVIDADE[UNIDADE]), "*")) -> M | R16: {=_xlfn.XLOOKUP( 1, ( TabelaMap[SUB] = BS_CONTROLE[[#This Row],[SUB]]) * ( TabelaMap[KM Inicio] <= BS_CONTROLE[[#This Row],[KM - Inicio]]) * ( TabelaMap[KM Fim] >= BS_CONTROLE[[#This Row],[KM - Inicio]]), TabelaMap[Gerência], "-", 0 )} -> SP NORTE | S16: {=_xlfn.XLOOKUP( 1, ( TabelaMap[SUB] = BS_CONTROLE[[#This Row],[SUB]]) * ( TabelaMap[KM Inicio] <= BS_CONTROLE[[#This Row],[KM - Inicio]]) * ( TabelaMap[KM Fim] >= BS_CONTROLE[[#This Row],[KM - Inicio]]), TabelaMap[Trecho Coordenação], "-", 0 )} -> TMI-ZEB | T16: {=_xlfn.XLOOKUP( 1, ( TabelaMap[SUB] = BS_CONTROLE[[#This Row],[SUB]]) * ( TabelaMap[KM Inicio] <= BS_CONTROLE[[#This Row],[KM - Inicio]]) * ( TabelaMap[KM Fim] >= BS_CONTROLE[[#This Row],[KM - Inicio]]), TabelaMap[NOME SUB], "-", 0 )} -> ARARAQUARA - MARCO INICIAL | U16: Antonioni | V16: Socadora Mecanizada | W16: Oportunidade | AH16: =IF(BS_CONTROLE[[#This Row],[Atividade]]=0, "-", BS_CONTROLE[[#This Row],[Atividade]]) -> MECANIZAÇÃO - SOCADORA | AI16: =IF(BS_CONTROLE[[#This Row],[Atividade]]=0, "-", BS_CONTROLE[[#This Row],[Atividade]]) -> MECANIZAÇÃO - SOCADORA | AJ16: =BS_CONTROLE[[#This Row],[Local - Partida]] -> ZDP2 | AK16: =BS_CONTROLE[[#This Row],[Local - Encerramento]] -> ZDP2 | AL16: =IF(BS_CONTROLE[[#This Row],[Entre - Estações]]=0, "-", BS_CONTROLE[[#This Row],[Entre - Estações]]) -> ZZM-ZCF | AM16: =IF(BS_CONTROLE[[#This Row],[SB]]=0, "-", BS_CONTROLE[[#This Row],[SB]]) -> ZZM-ZCF | AN16: =IF(BS_CONTROLE[[#This Row],[SUB]]=0, "-", BS_CONTROLE[[#This Row],[SUB]]) -> 73 | AO16: =BS_CONTROLE[[#This Row],[KM - Inicio]] -> 293.3 | AP16: =BS_CONTROLE[[#This Row],[KM - Inicio]] -> 293.3 | AQ16: 0.32430556 | AR16: 0 | AS16: 0 | AX16: =IF(D16="","*",IFERROR(IF(ISODD(COUNT(AR16:AW16)),"ERRO",SUM((AS16-AR16),(AU16-AT16),(AW16-AV16))),"ERRO")) -> 0 | AZ16: 0 | BA16: =IFERROR(_xlfn.XLOOKUP(AH16, BS_ATIVIDADE[ATIVIDADE],BS_ATIVIDADE[UNIDADE] ), "*") -> M | BB16: {=_xlfn.XLOOKUP( 1, ( TabelaMap[SUB] = BS_CONTROLE[[#This Row],[SUB_5]]) * ( TabelaMap[KM Inicio] <= BS_CONTROLE[[#This Row],[KM - ínicio]]) * ( TabelaMap[KM Fim] >= BS_CONTROLE[[#This Row],[KM - ínicio]]), TabelaMap[Gerência], "-", 0 )} -> SP NORTE | BC16: {=_xlfn.XLOOKUP( 1, ( TabelaMap[SUB] = BS_CONTROLE[[#This Row],[SUB_5]]) * ( TabelaMap[KM Inicio] <= BS_CONTROLE[[#This Row],[KM - ínicio]]) * ( TabelaMap[KM Fim] >= BS_CONTROLE[[#This Row],[KM - ínicio]]), TabelaMap[Trecho Coordenação], "-", 0 )} -> TMI-ZEB | BD16: {=_xlfn.XLOOKUP( 1, ( TabelaMap[SUB] = BS_CONTROLE[[#This Row],[SUB_5]]) * ( TabelaMap[KM Inicio] <= BS_CONTROLE[[#This Row],[KM - Inicio]]) * ( TabelaMap[KM Fim] >= BS_CONTROLE[[#This Row],[KM - Inicio]]), TabelaMap[NOME SUB], "-", 0 )} -> ARARAQUARA - MARCO INICIAL | BG16: 0 | BI16: 07:53, sem oportunidade de faixa | BJ16: 07:53, sem oportunidade de faixa | BL16: CCO Circulação | BM16: Intervalo Oportunidade | BN16: Sem oportunidade | BO16: 07:53, sem oportunidade de faixa | BP16: =IF(AND(BQ16<1,BR16<1),"Produção e Intervalo",IF(BQ16<1,"Intervalo",IF(BR16<1,"Produção","Aderente"))) -> Produção e Intervalo | BQ16: =IF(OR(B16="",E16=""),"*",AX16/O16) -> 0 | BR16: =IF(OR(B16="",E16=""),"*",AZ16/P16) -> 0 | BS16: =IF(BM16="","",SUBSTITUTE(BL16," ","")&SUBSTITUTE(BM16," ","")) -> CCOCirculaçãoIntervaloOportunidade
A17: =D17&B17 -> V8846055 | B17: 46055 | C17: =IF(BS_CONTROLE[[#This Row],[DATA]]="","",WEEKNUM(BS_CONTROLE[[#This Row],[DATA]])) -> 6 | D17: V88 | E17: MECANIZAÇÃO - SOCADORA | F17: =IF(D17="","*",VLOOKUP(E17,BS_ATIVIDADE[],3,FALSE)) -> MECANIZAÇÃO - SOCADORA | G17: ZPN2 | H17: ZPN2 | I17: 73 | J17: 156.9 | K17: 152 | L17: {=_xlfn.XLOOKUP( 1, ( TabelaMap[SUB] = BS_CONTROLE[[#This Row],[SUB]]) * ( TabelaMap[KM Inicio] <= BS_CONTROLE[[#This Row],[KM - Inicio]]) * ( TabelaMap[KM Fim] >= BS_CONTROLE[[#This Row],[KM - Inicio]]), TabelaMap[Trecho], "-", 0 )} -> ZCV-ZCT | M17: {=_xlfn.XLOOKUP( 1, ( TabelaMap[SUB] = BS_CONTROLE[[#This Row],[SUB]]) * ( TabelaMap[KM Inicio] <= BS_CONTROLE[[#This Row],[KM - Inicio]]) * ( TabelaMap[KM Fim] >= BS_CONTROLE[[#This Row],[KM - Inicio]]), TabelaMap[Trecho], "-", 0 )} -> ZCV-ZCT | N17: 0.35416667 | O17: 0.083333333 | P17: 1000 | Q17: =IF(E17=0, "*", IFERROR(_xlfn.XLOOKUP(E17, BS_ATIVIDADE[ATIVIDADE], BS_ATIVIDADE[UNIDADE]), "*")) -> M | R17: {=_xlfn.XLOOKUP( 1, ( TabelaMap[SUB] = BS_CONTROLE[[#This Row],[SUB]]) * ( TabelaMap[KM Inicio] <= BS_CONTROLE[[#This Row],[KM - Inicio]]) * ( TabelaMap[KM Fim] >= BS_CONTROLE[[#This Row],[KM - Inicio]]), TabelaMap[Gerência], "-", 0 )} -> SP NORTE | S17: {=_xlfn.XLOOKUP( 1, ( TabelaMap[SUB] = BS_CONTROLE[[#This Row],[SUB]]) * ( TabelaMap[KM Inicio] <= BS_CONTROLE[[#This Row],[KM - Inicio]]) * ( TabelaMap[KM Fim] >= BS_CONTROLE[[#This Row],[KM - Inicio]]), TabelaMap[Trecho Coordenação], "-", 0 )} -> ZEB-ZCZ | T17: {=_xlfn.XLOOKUP( 1, ( TabelaMap[SUB] = BS_CONTROLE[[#This Row],[SUB]]) * ( TabelaMap[KM Inicio] <= BS_CONTROLE[[#This Row],[KM - Inicio]]) * ( TabelaMap[KM Fim] >= BS_CONTROLE[[#This Row],[KM - Inicio]]), TabelaMap[NOME SUB], "-", 0 )} -> ARARAQUARA - MARCO INICIAL | U17: Antonioni | V17: Socadora Mecanizada | W17: Oportunidade | Z17: 1 | AA17: FIXO | AB17: ACIONAMENTO | AC17: 0.3125 | AD17: 6234 | AE17: 6238 | AF17: - | AH17: =IF(BS_CONTROLE[[#This Row],[Atividade]]=0, "-", BS_CONTROLE[[#This Row],[Atividade]]) -> MECANIZAÇÃO - SOCADORA | AI17: =IF(BS_CONTROLE[[#This Row],[Atividade]]=0, "-", BS_CONTROLE[[#This Row],[Atividade]]) -> MECANIZAÇÃO - SOCADORA | AJ17: =BS_CONTROLE[[#This Row],[Local - Partida]] -> ZPN2 | AK17: =BS_CONTROLE[[#This Row],[Local - Encerramento]] -> ZPN2 | AL17: =IF(BS_CONTROLE[[#This Row],[Entre - Estações]]=0, "-", BS_CONTROLE[[#This Row],[Entre - Estações]]) -> ZCV-ZCT | AM17: =IF(BS_CONTROLE[[#This Row],[SB]]=0, "-", BS_CONTROLE[[#This Row],[SB]]) -> ZCV-ZCT | AN17: =IF(BS_CONTROLE[[#This Row],[SUB]]=0, "-", BS_CONTROLE[[#This Row],[SUB]]) -> 73 | AO17: =BS_CONTROLE[[#This Row],[KM - Inicio]] -> 156.9 | AP17: =BS_CONTROLE[[#This Row],[KM - Inicio]] -> 156.9 | AQ17: 0.32847222 | AR17: 0 | AS17: 0 | AX17: =IF(D17="","*",IFERROR(IF(ISODD(COUNT(AR17:AW17)),"ERRO",SUM((AS17-AR17),(AU17-AT17),(AW17-AV17))),"ERRO")) -> 0 | AZ17: 0 | BA17: =IFERROR(_xlfn.XLOOKUP(AH17, BS_ATIVIDADE[ATIVIDADE],BS_ATIVIDADE[UNIDADE] ), "*") -> M | BB17: {=_xlfn.XLOOKUP( 1, ( TabelaMap[SUB] = BS_CONTROLE[[#This Row],[SUB_5]]) * ( TabelaMap[KM Inicio] <= BS_CONTROLE[[#This Row],[KM - ínicio]]) * ( TabelaMap[KM Fim] >= BS_CONTROLE[[#This Row],[KM - ínicio]]), TabelaMap[Gerência], "-", 0 )} -> SP NORTE | BC17: {=_xlfn.XLOOKUP( 1, ( TabelaMap[SUB] = BS_CONTROLE[[#This Row],[SUB_5]]) * ( TabelaMap[KM Inicio] <= BS_CONTROLE[[#This Row],[KM - ínicio]]) * ( TabelaMap[KM Fim] >= BS_CONTROLE[[#This Row],[KM - ínicio]]), TabelaMap[Trecho Coordenação], "-", 0 )} -> ZEB-ZCZ | BD17: {=_xlfn.XLOOKUP( 1, ( TabelaMap[SUB] = BS_CONTROLE[[#This Row],[SUB_5]]) * ( TabelaMap[KM Inicio] <= BS_CONTROLE[[#This Row],[KM - Inicio]]) * ( TabelaMap[KM Fim] >= BS_CONTROLE[[#This Row],[KM - Inicio]]), TabelaMap[NOME SUB], "-", 0 )} -> ARARAQUARA - MARCO INICIAL | BG17: 0 | BI17: MC1 07:53, sem oportunidade de faixa | BJ17: MC1 07:53, sem oportunidade de faixa | BL17: CCO Circulação | BM17: Intervalo Oportunidade | BN17: Sem oportunidade | BO17: MC1 07:53, sem oportunidade de faixa | BP17: =IF(AND(BQ17<1,BR17<1),"Produção e Intervalo",IF(BQ17<1,"Intervalo",IF(BR17<1,"Produção","Aderente"))) -> Produção e Intervalo | BQ17: =IF(OR(B17="",E17=""),"*",AX17/O17) -> 0 | BR17: =IF(OR(B17="",E17=""),"*",AZ17/P17) -> 0 | BS17: =IF(BM17="","",SUBSTITUTE(BL17," ","")&SUBSTITUTE(BM17," ","")) -> CCOCirculaçãoIntervaloOportunidade
A18: =D18&B18 -> W4846055 | B18: 46055 | C18: =IF(BS_CONTROLE[[#This Row],[DATA]]="","",WEEKNUM(BS_CONTROLE[[#This Row],[DATA]])) -> 6 | D18: W48 | E18: DESLOCAMENTO | F18: =IF(D18="","*",VLOOKUP(E18,BS_ATIVIDADE[],3,FALSE)) -> OUTROS | G18: ZCZ2 | H18: ZRU | I18: 73 | J18: 90 | K18: 204 | L18: {=_xlfn.XLOOKUP( 1, ( TabelaMap[SUB] = BS_CONTROLE[[#This Row],[SUB]]) * ( TabelaMap[KM Inicio] <= BS_CONTROLE[[#This Row],[KM - Inicio]]) * ( TabelaMap[KM Fim] >= BS_CONTROLE[[#This Row],[KM - Inicio]]), TabelaMap[Trecho], "-", 0 )} -> ZCZ | M18: ZCZ-ZRU | N18: 0.375 | O18: 0.041666667 | P18: 1 | Q18: =IF(E18=0, "*", IFERROR(_xlfn.XLOOKUP(E18, BS_ATIVIDADE[ATIVIDADE], BS_ATIVIDADE[UNIDADE]), "*")) -> BINÁRIO | R18: {=_xlfn.XLOOKUP( 1, ( TabelaMap[SUB] = BS_CONTROLE[[#This Row],[SUB]]) * ( TabelaMap[KM Inicio] <= BS_CONTROLE[[#This Row],[KM - Inicio]]) * ( TabelaMap[KM Fim] >= BS_CONTROLE[[#This Row],[KM - Inicio]]), TabelaMap[Gerência], "-", 0 )} -> SP NORTE | S18: {=_xlfn.XLOOKUP( 1, ( TabelaMap[SUB] = BS_CONTROLE[[#This Row],[SUB]]) * ( TabelaMap[KM Inicio] <= BS_CONTROLE[[#This Row],[KM - Inicio]]) * ( TabelaMap[KM Fim] >= BS_CONTROLE[[#This Row],[KM - Inicio]]), TabelaMap[Trecho Coordenação], "-", 0 )} -> ZCZ-ZTI | T18: {=_xlfn.XLOOKUP( 1, ( TabelaMap[SUB] = BS_CONTROLE[[#This Row],[SUB]]) * ( TabelaMap[KM Inicio] <= BS_CONTROLE[[#This Row],[KM - Inicio]]) * ( TabelaMap[KM Fim] >= BS_CONTROLE[[#This Row],[KM - Inicio]]), TabelaMap[NOME SUB], "-", 0 )} -> ARARAQUARA - MARCO INICIAL | U18: Douglas | V18: Deslocamento | W18: Oportunidade | AH18: =IF(BS_CONTROLE[[#This Row],[Atividade]]=0, "-", BS_CONTROLE[[#This Row],[Atividade]]) -> DESLOCAMENTO | AI18: =IF(BS_CONTROLE[[#This Row],[Atividade]]=0, "-", BS_CONTROLE[[#This Row],[Atividade]]) -> DESLOCAMENTO | AJ18: =BS_CONTROLE[[#This Row],[Local - Partida]] -> ZCZ2 | AK18: =BS_CONTROLE[[#This Row],[Local - Encerramento]] -> ZRU | AL18: =IF(BS_CONTROLE[[#This Row],[Entre - Estações]]=0, "-", BS_CONTROLE[[#This Row],[Entre - Estações]]) -> ZCZ | AM18: =IF(BS_CONTROLE[[#This Row],[SB]]=0, "-", BS_CONTROLE[[#This Row],[SB]]) -> ZCZ-ZRU | AN18: =IF(BS_CONTROLE[[#This Row],[SUB]]=0, "-", BS_CONTROLE[[#This Row],[SUB]]) -> 73 | AO18: =BS_CONTROLE[[#This Row],[KM - Inicio]] -> 90 | AP18: =BS_CONTROLE[[#This Row],[KM - Inicio]] -> 90 | AQ18: 0.40069444 | AR18: 0 | AS18: 0 | AX18: =IF(D18="","*",IFERROR(IF(ISODD(COUNT(AR18:AW18)),"ERRO",SUM((AS18-AR18),(AU18-AT18),(AW18-AV18))),"ERRO")) -> 0 | AZ18: 0 | BA18: =IFERROR(_xlfn.XLOOKUP(AH18, BS_ATIVIDADE[ATIVIDADE],BS_ATIVIDADE[UNIDADE] ), "*") -> BINÁRIO | BB18: {=_xlfn.XLOOKUP( 1, ( TabelaMap[SUB] = BS_CONTROLE[[#This Row],[SUB_5]]) * ( TabelaMap[KM Inicio] <= BS_CONTROLE[[#This Row],[KM - ínicio]]) * ( TabelaMap[KM Fim] >= BS_CONTROLE[[#This Row],[KM - ínicio]]), TabelaMap[Gerência], "-", 0 )} -> SP NORTE | BC18: {=_xlfn.XLOOKUP( 1, ( TabelaMap[SUB] = BS_CONTROLE[[#This Row],[SUB_5]]) * ( TabelaMap[KM Inicio] <= BS_CONTROLE[[#This Row],[KM - ínicio]]) * ( TabelaMap[KM Fim] >= BS_CONTROLE[[#This Row],[KM - ínicio]]), TabelaMap[Trecho Coordenação], "-", 0 )} -> ZCZ-ZTI | BD18: {=_xlfn.XLOOKUP( 1, ( TabelaMap[SUB] = BS_CONTROLE[[#This Row],[SUB_5]]) * ( TabelaMap[KM Inicio] <= BS_CONTROLE[[#This Row],[KM - Inicio]]) * ( TabelaMap[KM Fim] >= BS_CONTROLE[[#This Row],[KM - Inicio]]), TabelaMap[NOME SUB], "-", 0 )} -> ARARAQUARA - MARCO INICIAL | BG18: 0 | BI18: MC1 09:37, sem oportunidade de faixa | BJ18: MC1 09:37, sem oportunidade de faixa | BL18: CCO Circulação | BM18: Intervalo Oportunidade | BN18: Sem oportunidade | BO18: MC1 09:37, sem oportunidade de faixa | BP18: =IF(AND(BQ18<1,BR18<1),"Produção e Intervalo",IF(BQ18<1,"Intervalo",IF(BR18<1,"Produção","Aderente"))) -> Produção e Intervalo | BQ18: =IF(OR(B18="",E18=""),"*",AX18/O18) -> 0 | BR18: =IF(OR(B18="",E18=""),"*",AZ18/P18) -> 0 | BS18: =IF(BM18="","",SUBSTITUTE(BL18," ","")&SUBSTITUTE(BM18," ","")) -> CCOCirculaçãoIntervaloOportunidade
A19: =D19&B19 -> PEDRO (TP-696)46055 | B19: 46055 | C19: =IF(BS_CONTROLE[[#This Row],[DATA]]="","",WEEKNUM(BS_CONTROLE[[#This Row],[DATA]])) -> 6 | D19: PEDRO (TP-696) | E19: PDM - SOLDA | F19: =IF(D19="","*",VLOOKUP(E19,BS_ATIVIDADE[],3,FALSE)) -> SOLDA | G19: - | H19: - | I19: 73 | J19: 96 | K19: - | L19: {=_xlfn.XLOOKUP( 1, ( TabelaMap[SUB] = BS_CONTROLE[[#This Row],[SUB]]) * ( TabelaMap[KM Inicio] <= BS_CONTROLE[[#This Row],[KM - Inicio]]) * ( TabelaMap[KM Fim] >= BS_CONTROLE[[#This Row],[KM - Inicio]]), TabelaMap[Trecho], "-", 0 )} -> ZCZ-ZZF | M19: {=_xlfn.XLOOKUP( 1, ( TabelaMap[SUB] = BS_CONTROLE[[#This Row],[SUB]]) * ( TabelaMap[KM Inicio] <= BS_CONTROLE[[#This Row],[KM - Inicio]]) * ( TabelaMap[KM Fim] >= BS_CONTROLE[[#This Row],[KM - Inicio]]), TabelaMap[Trecho], "-", 0 )} -> ZCZ-ZZF | N19: 0.375 | O19: 0.0625 | P19: 1 | Q19: =IF(E19=0, "*", IFERROR(_xlfn.XLOOKUP(E19, BS_ATIVIDADE[ATIVIDADE], BS_ATIVIDADE[UNIDADE]), "*")) -> Nº DE SOLDA | R19: {=_xlfn.XLOOKUP( 1, ( TabelaMap[SUB] = BS_CONTROLE[[#This Row],[SUB]]) * ( TabelaMap[KM Inicio] <= BS_CONTROLE[[#This Row],[KM - Inicio]]) * ( TabelaMap[KM Fim] >= BS_CONTROLE[[#This Row],[KM - Inicio]]), TabelaMap[Gerência], "-", 0 )} -> SP NORTE | S19: {=_xlfn.XLOOKUP( 1, ( TabelaMap[SUB] = BS_CONTROLE[[#This Row],[SUB]]) * ( TabelaMap[KM Inicio] <= BS_CONTROLE[[#This Row],[KM - Inicio]]) * ( TabelaMap[KM Fim] >= BS_CONTROLE[[#This Row],[KM - Inicio]]), TabelaMap[Trecho Coordenação], "-", 0 )} -> ZEB-ZCZ | T19: {=_xlfn.XLOOKUP( 1, ( TabelaMap[SUB] = BS_CONTROLE[[#This Row],[SUB]]) * ( TabelaMap[KM Inicio] <= BS_CONTROLE[[#This Row],[KM - Inicio]]) * ( TabelaMap[KM Fim] >= BS_CONTROLE[[#This Row],[KM - Inicio]]), TabelaMap[NOME SUB], "-", 0 )} -> ARARAQUARA - MARCO INICIAL | U19: Ronaldo | V19: execução de solda - Condicionado à temperatura | W19: Oportunidade | AH19: =IF(BS_CONTROLE[[#This Row],[Atividade]]=0, "-", BS_CONTROLE[[#This Row],[Atividade]]) -> PDM - SOLDA | AI19: =IF(BS_CONTROLE[[#This Row],[Atividade]]=0, "-", BS_CONTROLE[[#This Row],[Atividade]]) -> PDM - SOLDA | AJ19: =BS_CONTROLE[[#This Row],[Local - Partida]] -> - | AK19: =BS_CONTROLE[[#This Row],[Local - Encerramento]] -> - | AL19: =IF(BS_CONTROLE[[#This Row],[Entre - Estações]]=0, "-", BS_CONTROLE[[#This Row],[Entre - Estações]]) -> ZCZ-ZZF | AM19: =IF(BS_CONTROLE[[#This Row],[SB]]=0, "-", BS_CONTROLE[[#This Row],[SB]]) -> ZCZ-ZZF | AN19: =IF(BS_CONTROLE[[#This Row],[SUB]]=0, "-", BS_CONTROLE[[#This Row],[SUB]]) -> 73 | AO19: =BS_CONTROLE[[#This Row],[KM - Inicio]] -> 96 | AP19: =BS_CONTROLE[[#This Row],[KM - Inicio]] -> 96 | AQ19: 0.41666667 | AR19: 0 | AS19: 0 | AX19: =IF(D19="","*",IFERROR(IF(ISODD(COUNT(AR19:AW19)),"ERRO",SUM((AS19-AR19),(AU19-AT19),(AW19-AV19))),"ERRO")) -> 0 | AZ19: 0 | BA19: =IFERROR(_xlfn.XLOOKUP(AH19, BS_ATIVIDADE[ATIVIDADE],BS_ATIVIDADE[UNIDADE] ), "*") -> Nº DE SOLDA | BB19: {=_xlfn.XLOOKUP( 1, ( TabelaMap[SUB] = BS_CONTROLE[[#This Row],[SUB_5]]) * ( TabelaMap[KM Inicio] <= BS_CONTROLE[[#This Row],[KM - ínicio]]) * ( TabelaMap[KM Fim] >= BS_CONTROLE[[#This Row],[KM - ínicio]]), TabelaMap[Gerência], "-", 0 )} -> SP NORTE | BC19: {=_xlfn.XLOOKUP( 1, ( TabelaMap[SUB] = BS_CONTROLE[[#This Row],[SUB_5]]) * ( TabelaMap[KM Inicio] <= BS_CONTROLE[[#This Row],[KM - ínicio]]) * ( TabelaMap[KM Fim] >= BS_CONTROLE[[#This Row],[KM - ínicio]]), TabelaMap[Trecho Coordenação], "-", 0 )} -> ZEB-ZCZ | BD19: {=_xlfn.XLOOKUP( 1, ( TabelaMap[SUB] = BS_CONTROLE[[#This Row],[SUB_5]]) * ( TabelaMap[KM Inicio] <= BS_CONTROLE[[#This Row],[KM - Inicio]]) * ( TabelaMap[KM Fim] >= BS_CONTROLE[[#This Row],[KM - Inicio]]), TabelaMap[NOME SUB], "-", 0 )} -> ARARAQUARA - MARCO INICIAL | BG19: 0 | BI19: TP pronta 10hrs , sem oportunidade de faixa | BJ19: TP pronta 10hrs , sem oportunidade de faixa | BL19: CCO Circulação | BM19: Intervalo Oportunidade | BN19: Sem oportunidade | BO19: TP pronta 10hrs , sem oportunidade de faixa | BP19: =IF(AND(BQ19<1,BR19<1),"Produção e Intervalo",IF(BQ19<1,"Intervalo",IF(BR19<1,"Produção","Aderente"))) -> Produção e Intervalo | BQ19: =IF(OR(B19="",E19=""),"*",AX19/O19) -> 0 | BR19: =IF(OR(B19="",E19=""),"*",AZ19/P19) -> 0 | BS19: =IF(BM19="","",SUBSTITUTE(BL19," ","")&SUBSTITUTE(BM19," ","")) -> CCOCirculaçãoIntervaloOportunidade
A20: =D20&B20 -> JULIO (TF-648)46055 | B20: 46055 | C20: =IF(BS_CONTROLE[[#This Row],[DATA]]="","",WEEKNUM(BS_CONTROLE[[#This Row],[DATA]])) -> 6 | D20: JULIO (TF-648) | E20: PDM - SOLDA | F20: =IF(D20="","*",VLOOKUP(E20,BS_ATIVIDADE[],3,FALSE)) -> SOLDA | G20: - | H20: - | I20: 73 | J20: 93.35 | K20: - | L20: {=_xlfn.XLOOKUP( 1, ( TabelaMap[SUB] = BS_CONTROLE[[#This Row],[SUB]]) * ( TabelaMap[KM Inicio] <= BS_CONTROLE[[#This Row],[KM - Inicio]]) * ( TabelaMap[KM Fim] >= BS_CONTROLE[[#This Row],[KM - Inicio]]), TabelaMap[Trecho], "-", 0 )} -> ZCZ-ZZF | M20: {=_xlfn.XLOOKUP( 1, ( TabelaMap[SUB] = BS_CONTROLE[[#This Row],[SUB]]) * ( TabelaMap[KM Inicio] <= BS_CONTROLE[[#This Row],[KM - Inicio]]) * ( TabelaMap[KM Fim] >= BS_CONTROLE[[#This Row],[KM - Inicio]]), TabelaMap[Trecho], "-", 0 )} -> ZCZ-ZZF | N20: 0.375 | O20: 0.0625 | P20: 1 | Q20: =IF(E20=0, "*", IFERROR(_xlfn.XLOOKUP(E20, BS_ATIVIDADE[ATIVIDADE], BS_ATIVIDADE[UNIDADE]), "*")) -> Nº DE SOLDA | R20: {=_xlfn.XLOOKUP( 1, ( TabelaMap[SUB] = BS_CONTROLE[[#This Row],[SUB]]) * ( TabelaMap[KM Inicio] <= BS_CONTROLE[[#This Row],[KM - Inicio]]) * ( TabelaMap[KM Fim] >= BS_CONTROLE[[#This Row],[KM - Inicio]]), TabelaMap[Gerência], "-", 0 )} -> SP NORTE | S20: {=_xlfn.XLOOKUP( 1, ( TabelaMap[SUB] = BS_CONTROLE[[#This Row],[SUB]]) * ( TabelaMap[KM Inicio] <= BS_CONTROLE[[#This Row],[KM - Inicio]]) * ( TabelaMap[KM Fim] >= BS_CONTROLE[[#This Row],[KM - Inicio]]), TabelaMap[Trecho Coordenação], "-", 0 )} -> ZEB-ZCZ | T20: {=_xlfn.XLOOKUP( 1, ( TabelaMap[SUB] = BS_CONTROLE[[#This Row],[SUB]]) * ( TabelaMap[KM Inicio] <= BS_CONTROLE[[#This Row],[KM - Inicio]]) * ( TabelaMap[KM Fim] >= BS_CONTROLE[[#This Row],[KM - Inicio]]), TabelaMap[NOME SUB], "-", 0 )} -> ARARAQUARA - MARCO INICIAL | U20: Ronaldo | V20: execução de solda - Condicionado à temperatura | W20: Oportunidade | AH20: =IF(BS_CONTROLE[[#This Row],[Atividade]]=0, "-", BS_CONTROLE[[#This Row],[Atividade]]) -> PDM - SOLDA | AI20: =IF(BS_CONTROLE[[#This Row],[Atividade]]=0, "-", BS_CONTROLE[[#This Row],[Atividade]]) -> PDM - SOLDA | AJ20: =BS_CONTROLE[[#This Row],[Local - Partida]] -> - | AK20: =BS_CONTROLE[[#This Row],[Local - Encerramento]] -> - | AL20: =IF(BS_CONTROLE[[#This Row],[Entre - Estações]]=0, "-", BS_CONTROLE[[#This Row],[Entre - Estações]]) -> ZCZ-ZZF | AM20: =IF(BS_CONTROLE[[#This Row],[SB]]=0, "-", BS_CONTROLE[[#This Row],[SB]]) -> ZCZ-ZZF | AN20: =IF(BS_CONTROLE[[#This Row],[SUB]]=0, "-", BS_CONTROLE[[#This Row],[SUB]]) -> 73 | AO20: =BS_CONTROLE[[#This Row],[KM - Inicio]] -> 93.35 | AP20: =BS_CONTROLE[[#This Row],[KM - Inicio]] -> 93.35 | AQ20: 0.41666667 | AR20: 0 | AS20: 0 | AX20: =IF(D20="","*",IFERROR(IF(ISODD(COUNT(AR20:AW20)),"ERRO",SUM((AS20-AR20),(AU20-AT20),(AW20-AV20))),"ERRO")) -> 0 | AZ20: 0 | BA20: =IFERROR(_xlfn.XLOOKUP(AH20, BS_ATIVIDADE[ATIVIDADE],BS_ATIVIDADE[UNIDADE] ), "*") -> Nº DE SOLDA | BB20: {=_xlfn.XLOOKUP( 1, ( TabelaMap[SUB] = BS_CONTROLE[[#This Row],[SUB_5]]) * ( TabelaMap[KM Inicio] <= BS_CONTROLE[[#This Row],[KM - ínicio]]) * ( TabelaMap[KM Fim] >= BS_CONTROLE[[#This Row],[KM - ínicio]]), TabelaMap[Gerência], "-", 0 )} -> SP NORTE | BC20: {=_xlfn.XLOOKUP( 1, ( TabelaMap[SUB] = BS_CONTROLE[[#This Row],[SUB_5]]) * ( TabelaMap[KM Inicio] <= BS_CONTROLE[[#This Row],[KM - ínicio]]) * ( TabelaMap[KM Fim] >= BS_CONTROLE[[#This Row],[KM - ínicio]]), TabelaMap[Trecho Coordenação], "-", 0 )} -> ZEB-ZCZ | BD20: {=_xlfn.XLOOKUP( 1, ( TabelaMap[SUB] = BS_CONTROLE[[#This Row],[SUB_5]]) * ( TabelaMap[KM Inicio] <= BS_CONTROLE[[#This Row],[KM - Inicio]]) * ( TabelaMap[KM Fim] >= BS_CONTROLE[[#This Row],[KM - Inicio]]), TabelaMap[NOME SUB], "-", 0 )} -> ARARAQUARA - MARCO INICIAL | BG20: 0 | BI20: TP pronta 10hrs , sem oportunidade de faixa | BJ20: TP pronta 10hrs , sem oportunidade de faixa | BL20: CCO Circulação | BM20: Intervalo Oportunidade | BN20: Sem oportunidade | BO20: TP pronta 10hrs , sem oportunidade de faixa | BP20: =IF(AND(BQ20<1,BR20<1),"Produção e Intervalo",IF(BQ20<1,"Intervalo",IF(BR20<1,"Produção","Aderente"))) -> Produção e Intervalo | BQ20: =IF(OR(B20="",E20=""),"*",AX20/O20) -> 0 | BR20: =IF(OR(B20="",E20=""),"*",AZ20/P20) -> 0 | BS20: =IF(BM20="","",SUBSTITUTE(BL20," ","")&SUBSTITUTE(BM20," ","")) -> CCOCirculaçãoIntervaloOportunidade
A21: =D21&B21 -> W9746055 | B21: 46055 | C21: =IF(BS_CONTROLE[[#This Row],[DATA]]="","",WEEKNUM(BS_CONTROLE[[#This Row],[DATA]])) -> 6 | D21: W97 | E21: PDM - PEDRA - DESCARGA | F21: =IF(D21="","*",VLOOKUP(E21,BS_ATIVIDADE[],3,FALSE)) -> PEDRA | G21: ZTO | H21: ZTO | I21: 73 | J21: 37 | K21: 35 | L21: {=_xlfn.XLOOKUP( 1, ( TabelaMap[SUB] = BS_CONTROLE[[#This Row],[SUB]]) * ( TabelaMap[KM Inicio] <= BS_CONTROLE[[#This Row],[KM - Inicio]]) * ( TabelaMap[KM Fim] >= BS_CONTROLE[[#This Row],[KM - Inicio]]), TabelaMap[Trecho], "-", 0 )} -> ZDZ-ZMA | M21: {=_xlfn.XLOOKUP( 1, ( TabelaMap[SUB] = BS_CONTROLE[[#This Row],[SUB]]) * ( TabelaMap[KM Inicio] <= BS_CONTROLE[[#This Row],[KM - Inicio]]) * ( TabelaMap[KM Fim] >= BS_CONTROLE[[#This Row],[KM - Inicio]]), TabelaMap[Trecho], "-", 0 )} -> ZDZ-ZMA | N21: 0.125 | O21: 0.125 | P21: 20 | Q21: =IF(E21=0, "*", IFERROR(_xlfn.XLOOKUP(E21, BS_ATIVIDADE[ATIVIDADE], BS_ATIVIDADE[UNIDADE]), "*")) -> VAGÕES | R21: {=_xlfn.XLOOKUP( 1, ( TabelaMap[SUB] = BS_CONTROLE[[#This Row],[SUB]]) * ( TabelaMap[KM Inicio] <= BS_CONTROLE[[#This Row],[KM - Inicio]]) * ( TabelaMap[KM Fim] >= BS_CONTROLE[[#This Row],[KM - Inicio]]), TabelaMap[Gerência], "-", 0 )} -> SP NORTE | S21: {=_xlfn.XLOOKUP( 1, ( TabelaMap[SUB] = BS_CONTROLE[[#This Row],[SUB]]) * ( TabelaMap[KM Inicio] <= BS_CONTROLE[[#This Row],[KM - Inicio]]) * ( TabelaMap[KM Fim] >= BS_CONTROLE[[#This Row],[KM - Inicio]]), TabelaMap[Trecho Coordenação], "-", 0 )} -> ZCZ-ZTI | T21: {=_xlfn.XLOOKUP( 1, ( TabelaMap[SUB] = BS_CONTROLE[[#This Row],[SUB]]) * ( TabelaMap[KM Inicio] <= BS_CONTROLE[[#This Row],[KM - Inicio]]) * ( TabelaMap[KM Fim] >= BS_CONTROLE[[#This Row],[KM - Inicio]]), TabelaMap[NOME SUB], "-", 0 )} -> ARARAQUARA - MARCO INICIAL | U21: Carlos Eduardo | V21: Descarga de pedra | W21: Oportunidade | Z21: 2 Maq. Escala 07HRS | AA21: ESCALA | AB21: AGD ACIONAMENTO PCM | AC21: 0.29166667 | AH21: =IF(BS_CONTROLE[[#This Row],[Atividade]]=0, "-", BS_CONTROLE[[#This Row],[Atividade]]) -> PDM - PEDRA - DESCARGA | AI21: =IF(BS_CONTROLE[[#This Row],[Atividade]]=0, "-", BS_CONTROLE[[#This Row],[Atividade]]) -> PDM - PEDRA - DESCARGA | AJ21: =BS_CONTROLE[[#This Row],[Local - Partida]] -> ZTO | AK21: =BS_CONTROLE[[#This Row],[Local - Encerramento]] -> ZTO | AL21: =IF(BS_CONTROLE[[#This Row],[Entre - Estações]]=0, "-", BS_CONTROLE[[#This Row],[Entre - Estações]]) -> ZDZ-ZMA | AM21: =IF(BS_CONTROLE[[#This Row],[SB]]=0, "-", BS_CONTROLE[[#This Row],[SB]]) -> ZDZ-ZMA | AN21: =IF(BS_CONTROLE[[#This Row],[SUB]]=0, "-", BS_CONTROLE[[#This Row],[SUB]]) -> 73 | AO21: =BS_CONTROLE[[#This Row],[KM - Inicio]] -> 37 | AP21: =BS_CONTROLE[[#This Row],[KM - Inicio]] -> 37 | AQ21: 0 | AR21: 0 | AS21: 0 | AX21: =IF(D21="","*",IFERROR(IF(ISODD(COUNT(AR21:AW21)),"ERRO",SUM((AS21-AR21),(AU21-AT21),(AW21-AV21))),"ERRO")) -> 0 | AZ21: 0 | BA21: =IFERROR(_xlfn.XLOOKUP(AH21, BS_ATIVIDADE[ATIVIDADE],BS_ATIVIDADE[UNIDADE] ), "*") -> VAGÕES | BB21: {=_xlfn.XLOOKUP( 1, ( TabelaMap[SUB] = BS_CONTROLE[[#This Row],[SUB_5]]) * ( TabelaMap[KM Inicio] <= BS_CONTROLE[[#This Row],[KM - ínicio]]) * ( TabelaMap[KM Fim] >= BS_CONTROLE[[#This Row],[KM - ínicio]]), TabelaMap[Gerência], "-", 0 )} -> SP NORTE | BC21: {=_xlfn.XLOOKUP( 1, ( TabelaMap[SUB] = BS_CONTROLE[[#This Row],[SUB_5]]) * ( TabelaMap[KM Inicio] <= BS_CONTROLE[[#This Row],[KM - ínicio]]) * ( TabelaMap[KM Fim] >= BS_CONTROLE[[#This Row],[KM - ínicio]]), TabelaMap[Trecho Coordenação], "-", 0 )} -> ZCZ-ZTI | BD21: {=_xlfn.XLOOKUP( 1, ( TabelaMap[SUB] = BS_CONTROLE[[#This Row],[SUB_5]]) * ( TabelaMap[KM Inicio] <= BS_CONTROLE[[#This Row],[KM - Inicio]]) * ( TabelaMap[KM Fim] >= BS_CONTROLE[[#This Row],[KM - Inicio]]), TabelaMap[NOME SUB], "-", 0 )} -> ARARAQUARA - MARCO INICIAL | BG21: 0 | BI21: Sem oportunidade de faixa | BJ21: Sem oportunidade de faixa | BL21: CCO Circulação | BM21: Intervalo Oportunidade | BN21: Sem oportunidade | BO21: Sem oportunidade de faixa | BP21: =IF(AND(BQ21<1,BR21<1),"Produção e Intervalo",IF(BQ21<1,"Intervalo",IF(BR21<1,"Produção","Aderente"))) -> Produção e Intervalo | BQ21: =IF(OR(B21="",E21=""),"*",AX21/O21) -> 0 | BR21: =IF(OR(B21="",E21=""),"*",AZ21/P21) -> 0 | BS21: =IF(BM21="","",SUBSTITUTE(BL21," ","")&SUBSTITUTE(BM21," ","")) -> CCOCirculaçãoIntervaloOportunidade
A22: =D22&B22 -> ANTÔNIO (TP-713)46055 | B22: 46055 | C22: =IF(BS_CONTROLE[[#This Row],[DATA]]="","",WEEKNUM(BS_CONTROLE[[#This Row],[DATA]])) -> 6 | D22: ANTÔNIO (TP-713) | E22: PDM - SOLDA | F22: =IF(D22="","*",VLOOKUP(E22,BS_ATIVIDADE[],3,FALSE)) -> SOLDA | G22: - | H22: - | I22: 73 | J22: 22.7 | K22: - | L22: {=_xlfn.XLOOKUP( 1, ( TabelaMap[SUB] = BS_CONTROLE[[#This Row],[SUB]]) * ( TabelaMap[KM Inicio] <= BS_CONTROLE[[#This Row],[KM - Inicio]]) * ( TabelaMap[KM Fim] >= BS_CONTROLE[[#This Row],[KM - Inicio]]), TabelaMap[Trecho], "-", 0 )} -> ZZR-ZDZ | M22: K18ZDZ | N22: 0.0625 | O22: 0.0625 | P22: 1 | Q22: =IF(E22=0, "*", IFERROR(_xlfn.XLOOKUP(E22, BS_ATIVIDADE[ATIVIDADE], BS_ATIVIDADE[UNIDADE]), "*")) -> Nº DE SOLDA | R22: {=_xlfn.XLOOKUP( 1, ( TabelaMap[SUB] = BS_CONTROLE[[#This Row],[SUB]]) * ( TabelaMap[KM Inicio] <= BS_CONTROLE[[#This Row],[KM - Inicio]]) * ( TabelaMap[KM Fim] >= BS_CONTROLE[[#This Row],[KM - Inicio]]), TabelaMap[Gerência], "-", 0 )} -> SP NORTE | S22: {=_xlfn.XLOOKUP( 1, ( TabelaMap[SUB] = BS_CONTROLE[[#This Row],[SUB]]) * ( TabelaMap[KM Inicio] <= BS_CONTROLE[[#This Row],[KM - Inicio]]) * ( TabelaMap[KM Fim] >= BS_CONTROLE[[#This Row],[KM - Inicio]]), TabelaMap[Trecho Coordenação], "-", 0 )} -> ZCZ-ZTI | T22: {=_xlfn.XLOOKUP( 1, ( TabelaMap[SUB] = BS_CONTROLE[[#This Row],[SUB]]) * ( TabelaMap[KM Inicio] <= BS_CONTROLE[[#This Row],[KM - Inicio]]) * ( TabelaMap[KM Fim] >= BS_CONTROLE[[#This Row],[KM - Inicio]]), TabelaMap[NOME SUB], "-", 0 )} -> ARARAQUARA - MARCO INICIAL | U22: CArlos Eduardo | V22: execução de solda - Condicionado à temperatura | W22: Oportunidade | AH22: =IF(BS_CONTROLE[[#This Row],[Atividade]]=0, "-", BS_CONTROLE[[#This Row],[Atividade]]) -> PDM - SOLDA | AI22: =IF(BS_CONTROLE[[#This Row],[Atividade]]=0, "-", BS_CONTROLE[[#This Row],[Atividade]]) -> PDM - SOLDA | AJ22: =BS_CONTROLE[[#This Row],[Local - Partida]] -> - | AK22: =BS_CONTROLE[[#This Row],[Local - Encerramento]] -> - | AL22: =IF(BS_CONTROLE[[#This Row],[Entre - Estações]]=0, "-", BS_CONTROLE[[#This Row],[Entre - Estações]]) -> ZZR-ZDZ | AM22: =IF(BS_CONTROLE[[#This Row],[SB]]=0, "-", BS_CONTROLE[[#This Row],[SB]]) -> K18ZDZ | AN22: =IF(BS_CONTROLE[[#This Row],[SUB]]=0, "-", BS_CONTROLE[[#This Row],[SUB]]) -> 73 | AO22: =BS_CONTROLE[[#This Row],[KM - Inicio]] -> 22.7 | AP22: =BS_CONTROLE[[#This Row],[KM - Inicio]] -> 22.7 | AQ22: 0.38541667 | AR22: 0 | AS22: 0 | AX22: =IF(D22="","*",IFERROR(IF(ISODD(COUNT(AR22:AW22)),"ERRO",SUM((AS22-AR22),(AU22-AT22),(AW22-AV22))),"ERRO")) -> 0 | AZ22: 0 | BA22: =IFERROR(_xlfn.XLOOKUP(AH22, BS_ATIVIDADE[ATIVIDADE],BS_ATIVIDADE[UNIDADE] ), "*") -> Nº DE SOLDA | BB22: {=_xlfn.XLOOKUP( 1, ( TabelaMap[SUB] = BS_CONTROLE[[#This Row],[SUB_5]]) * ( TabelaMap[KM Inicio] <= BS_CONTROLE[[#This Row],[KM - ínicio]]) * ( TabelaMap[KM Fim] >= BS_CONTROLE[[#This Row],[KM - ínicio]]), TabelaMap[Gerência], "-", 0 )} -> SP NORTE | BC22: {=_xlfn.XLOOKUP( 1, ( TabelaMap[SUB] = BS_CONTROLE[[#This Row],[SUB_5]]) * ( TabelaMap[KM Inicio] <= BS_CONTROLE[[#This Row],[KM - ínicio]]) * ( TabelaMap[KM Fim] >= BS_CONTROLE[[#This Row],[KM - ínicio]]), TabelaMap[Trecho Coordenação], "-", 0 )} -> ZCZ-ZTI | BD22: {=_xlfn.XLOOKUP( 1, ( TabelaMap[SUB] = BS_CONTROLE[[#This Row],[SUB_5]]) * ( TabelaMap[KM Inicio] <= BS_CONTROLE[[#This Row],[KM - Inicio]]) * ( TabelaMap[KM Fim] >= BS_CONTROLE[[#This Row],[KM - Inicio]]), TabelaMap[NOME SUB], "-", 0 )} -> ARARAQUARA - MARCO INICIAL | BG22: 0 | BI22: TP pronta 09:15, sem oportunidade de faixa | BJ22: TP pronta 09:15, sem oportunidade de faixa | BL22: CCO Circulação | BM22: Intervalo Oportunidade | BN22: Sem oportunidade | BO22: TP pronta 09:15, sem oportunidade de faixa | BP22: =IF(AND(BQ22<1,BR22<1),"Produção e Intervalo",IF(BQ22<1,"Intervalo",IF(BR22<1,"Produção","Aderente"))) -> Produção e Intervalo | BQ22: =IF(OR(B22="",E22=""),"*",AX22/O22) -> 0 | BR22: =IF(OR(B22="",E22=""),"*",AZ22/P22) -> 0 | BS22: =IF(BM22="","",SUBSTITUTE(BL22," ","")&SUBSTITUTE(BM22," ","")) -> CCOCirculaçãoIntervaloOportunidade
A23: =D23&B23 -> W9246055 | B23: 46055 | C23: =IF(BS_CONTROLE[[#This Row],[DATA]]="","",WEEKNUM(BS_CONTROLE[[#This Row],[DATA]])) -> 6 | D23: W92 | E23: PDM - DESCARGA - DORMENTE | F23: =IF(D23="","*",VLOOKUP(E23,BS_ATIVIDADE[],3,FALSE)) -> DORMENTE - DESCARGA | G23: ZAR2 | H23: ZAR2 | I23: 73 | J23: 18 | K23: 13 | L23: {=_xlfn.XLOOKUP( 1, ( TabelaMap[SUB] = BS_CONTROLE[[#This Row],[SUB]]) * ( TabelaMap[KM Inicio] <= BS_CONTROLE[[#This Row],[KM - Inicio]]) * ( TabelaMap[KM Fim] >= BS_CONTROLE[[#This Row],[KM - Inicio]]), TabelaMap[Trecho], "-", 0 )} -> ZZR-ZDZ | M23: {=_xlfn.XLOOKUP( 1, ( TabelaMap[SUB] = BS_CONTROLE[[#This Row],[SUB]]) * ( TabelaMap[KM Inicio] <= BS_CONTROLE[[#This Row],[KM - Inicio]]) * ( TabelaMap[KM Fim] >= BS_CONTROLE[[#This Row],[KM - Inicio]]), TabelaMap[Trecho], "-", 0 )} -> ZZR-ZDZ | N23: 0.125 | O23: 0.125 | P23: 1300 | Q23: =IF(E23=0, "*", IFERROR(_xlfn.XLOOKUP(E23, BS_ATIVIDADE[ATIVIDADE], BS_ATIVIDADE[UNIDADE]), "*")) -> Nº DE DORMENTES | R23: {=_xlfn.XLOOKUP( 1, ( TabelaMap[SUB] = BS_CONTROLE[[#This Row],[SUB]]) * ( TabelaMap[KM Inicio] <= BS_CONTROLE[[#This Row],[KM - Inicio]]) * ( TabelaMap[KM Fim] >= BS_CONTROLE[[#This Row],[KM - Inicio]]), TabelaMap[Gerência], "-", 0 )} -> SP NORTE | S23: {=_xlfn.XLOOKUP( 1, ( TabelaMap[SUB] = BS_CONTROLE[[#This Row],[SUB]]) * ( TabelaMap[KM Inicio] <= BS_CONTROLE[[#This Row],[KM - Inicio]]) * ( TabelaMap[KM Fim] >= BS_CONTROLE[[#This Row],[KM - Inicio]]), TabelaMap[Trecho Coordenação], "-", 0 )} -> ZCZ-ZTI | T23: {=_xlfn.XLOOKUP( 1, ( TabelaMap[SUB] = BS_CONTROLE[[#This Row],[SUB]]) * ( TabelaMap[KM Inicio] <= BS_CONTROLE[[#This Row],[KM - Inicio]]) * ( TabelaMap[KM Fim] >= BS_CONTROLE[[#This Row],[KM - Inicio]]), TabelaMap[NOME SUB], "-", 0 )} -> ARARAQUARA - MARCO INICIAL | U23: Gabriel | V23: Descarga de dormentes km 13+000 ao km 14+000 em KM9K10 01h30 + descarga no km 17+000 ao km 18+000 SB K14K18 01h30 | W23: Oportunidade | Z23: Jose Carlo + 1 Escala | AA23: FIXO + ESCALA | AB23: AGD ACIONAMENTO PCM | AC23: 0.29166667 | AD23: 769 | AE23: 9320 / 7679 | AF23: 17 | AH23: =IF(BS_CONTROLE[[#This Row],[Atividade]]=0, "-", BS_CONTROLE[[#This Row],[Atividade]]) -> PDM - DESCARGA - DORMENTE | AI23: =IF(BS_CONTROLE[[#This Row],[Atividade]]=0, "-", BS_CONTROLE[[#This Row],[Atividade]]) -> PDM - DESCARGA - DORMENTE | AJ23: =BS_CONTROLE[[#This Row],[Local - Partida]] -> ZAR2 | AK23: =BS_CONTROLE[[#This Row],[Local - Encerramento]] -> ZAR2 | AL23: =IF(BS_CONTROLE[[#This Row],[Entre - Estações]]=0, "-", BS_CONTROLE[[#This Row],[Entre - Estações]]) -> ZZR-ZDZ | AM23: =IF(BS_CONTROLE[[#This Row],[SB]]=0, "-", BS_CONTROLE[[#This Row],[SB]]) -> ZZR-ZDZ | AN23: =IF(BS_CONTROLE[[#This Row],[SUB]]=0, "-", BS_CONTROLE[[#This Row],[SUB]]) -> 73 | AO23: =BS_CONTROLE[[#This Row],[KM - Inicio]] -> 18 | AP23: =BS_CONTROLE[[#This Row],[KM - Inicio]] -> 18 | AQ23: 0 | AR23: 0 | AS23: 0 | AX23: =IF(D23="","*",IFERROR(IF(ISODD(COUNT(AR23:AW23)),"ERRO",SUM((AS23-AR23),(AU23-AT23),(AW23-AV23))),"ERRO")) -> 0 | AZ23: 0 | BA23: =IFERROR(_xlfn.XLOOKUP(AH23, BS_ATIVIDADE[ATIVIDADE],BS_ATIVIDADE[UNIDADE] ), "*") -> Nº DE DORMENTES | BB23: {=_xlfn.XLOOKUP( 1, ( TabelaMap[SUB] = BS_CONTROLE[[#This Row],[SUB_5]]) * ( TabelaMap[KM Inicio] <= BS_CONTROLE[[#This Row],[KM - ínicio]]) * ( TabelaMap[KM Fim] >= BS_CONTROLE[[#This Row],[KM - ínicio]]), TabelaMap[Gerência], "-", 0 )} -> SP NORTE | BC23: {=_xlfn.XLOOKUP( 1, ( TabelaMap[SUB] = BS_CONTROLE[[#This Row],[SUB_5]]) * ( TabelaMap[KM Inicio] <= BS_CONTROLE[[#This Row],[KM - ínicio]]) * ( TabelaMap[KM Fim] >= BS_CONTROLE[[#This Row],[KM - ínicio]]), TabelaMap[Trecho Coordenação], "-", 0 )} -> ZCZ-ZTI | BD23: {=_xlfn.XLOOKUP( 1, ( TabelaMap[SUB] = BS_CONTROLE[[#This Row],[SUB_5]]) * ( TabelaMap[KM Inicio] <= BS_CONTROLE[[#This Row],[KM - Inicio]]) * ( TabelaMap[KM Fim] >= BS_CONTROLE[[#This Row],[KM - Inicio]]), TabelaMap[NOME SUB], "-", 0 )} -> ARARAQUARA - MARCO INICIAL | BG23: 0 | BI23: Sem oportunidade de faixa | BJ23: Sem oportunidade de faixa | BL23: CCO Circulação | BM23: Intervalo Oportunidade | BN23: Sem oportunidade | BO23: Sem oportunidade de faixa | BP23: =IF(AND(BQ23<1,BR23<1),"Produção e Intervalo",IF(BQ23<1,"Intervalo",IF(BR23<1,"Produção","Aderente"))) -> Produção e Intervalo | BQ23: =IF(OR(B23="",E23=""),"*",AX23/O23) -> 0 | BR23: =IF(OR(B23="",E23=""),"*",AZ23/P23) -> 0 | BS23: =IF(BM23="","",SUBSTITUTE(BL23," ","")&SUBSTITUTE(BM23," ","")) -> CCOCirculaçãoIntervaloOportunidade
A24: =D24&B24 -> V8346055 | B24: 46055 | C24: =IF(BS_CONTROLE[[#This Row],[DATA]]="","",WEEKNUM(BS_CONTROLE[[#This Row],[DATA]])) -> 6 | D24: V83 | E24: MECANIZAÇÃO - SOCADORA | F24: =IF(D24="","*",VLOOKUP(E24,BS_ATIVIDADE[],3,FALSE)) -> MECANIZAÇÃO - SOCADORA | G24: ZIQ2 | H24: ZIQ2 | I24: 70 | J24: 131.9 | K24: 131.2 | L24: {=_xlfn.XLOOKUP( 1, ( TabelaMap[SUB] = BS_CONTROLE[[#This Row],[SUB]]) * ( TabelaMap[KM Inicio] <= BS_CONTROLE[[#This Row],[KM - Inicio]]) * ( TabelaMap[KM Fim] >= BS_CONTROLE[[#This Row],[KM - Inicio]]), TabelaMap[Trecho], "-", 0 )} -> ZRX-ZRQ | M24: ZQX-ZRQ | N24: 0.375 | O24: 0.083333333 | P24: 700 | Q24: =IF(E24=0, "*", IFERROR(_xlfn.XLOOKUP(E24, BS_ATIVIDADE[ATIVIDADE], BS_ATIVIDADE[UNIDADE]), "*")) -> M | R24: {=_xlfn.XLOOKUP( 1, ( TabelaMap[SUB] = BS_CONTROLE[[#This Row],[SUB]]) * ( TabelaMap[KM Inicio] <= BS_CONTROLE[[#This Row],[KM - Inicio]]) * ( TabelaMap[KM Fim] >= BS_CONTROLE[[#This Row],[KM - Inicio]]), TabelaMap[Gerência], "-", 0 )} -> SP NORTE | S24: {=_xlfn.XLOOKUP( 1, ( TabelaMap[SUB] = BS_CONTROLE[[#This Row],[SUB]]) * ( TabelaMap[KM Inicio] <= BS_CONTROLE[[#This Row],[KM - Inicio]]) * ( TabelaMap[KM Fim] >= BS_CONTROLE[[#This Row],[KM - Inicio]]), TabelaMap[Trecho Coordenação], "-", 0 )} -> ZRX-ZTI | T24: {=_xlfn.XLOOKUP( 1, ( TabelaMap[SUB] = BS_CONTROLE[[#This Row],[SUB]]) * ( TabelaMap[KM Inicio] <= BS_CONTROLE[[#This Row],[KM - Inicio]]) * ( TabelaMap[KM Fim] >= BS_CONTROLE[[#This Row],[KM - Inicio]]), TabelaMap[NOME SUB], "-", 0 )} -> RECANTO - ITIRAPINA (L1 PRINCIPAL) | U24: antonioni | V24: Socadora Mecanizada | W24: Oportunidade | Z24: 1 | AA24: FIXO | AB24: ACIONAMENTO | AD24: 6233 | AH24: =IF(BS_CONTROLE[[#This Row],[Atividade]]=0, "-", BS_CONTROLE[[#This Row],[Atividade]]) -> MECANIZAÇÃO - SOCADORA | AI24: =IF(BS_CONTROLE[[#This Row],[Atividade]]=0, "-", BS_CONTROLE[[#This Row],[Atividade]]) -> MECANIZAÇÃO - SOCADORA | AJ24: =BS_CONTROLE[[#This Row],[Local - Partida]] -> ZIQ2 | AK24: =BS_CONTROLE[[#This Row],[Local - Encerramento]] -> ZIQ2 | AL24: =IF(BS_CONTROLE[[#This Row],[Entre - Estações]]=0, "-", BS_CONTROLE[[#This Row],[Entre - Estações]]) -> ZRX-ZRQ | AM24: =IF(BS_CONTROLE[[#This Row],[SB]]=0, "-", BS_CONTROLE[[#This Row],[SB]]) -> ZQX-ZRQ | AN24: =IF(BS_CONTROLE[[#This Row],[SUB]]=0, "-", BS_CONTROLE[[#This Row],[SUB]]) -> 70 | AO24: =BS_CONTROLE[[#This Row],[KM - Inicio]] -> 131.9 | AP24: =BS_CONTROLE[[#This Row],[KM - Inicio]] -> 131.9 | AQ24: 0.33402778 | AR24: 0 | AS24: 0 | AX24: =IF(D24="","*",IFERROR(IF(ISODD(COUNT(AR24:AW24)),"ERRO",SUM((AS24-AR24),(AU24-AT24),(AW24-AV24))),"ERRO")) -> 0 | AZ24: 0 | BA24: =IFERROR(_xlfn.XLOOKUP(AH24, BS_ATIVIDADE[ATIVIDADE],BS_ATIVIDADE[UNIDADE] ), "*") -> M | BB24: {=_xlfn.XLOOKUP( 1, ( TabelaMap[SUB] = BS_CONTROLE[[#This Row],[SUB_5]]) * ( TabelaMap[KM Inicio] <= BS_CONTROLE[[#This Row],[KM - ínicio]]) * ( TabelaMap[KM Fim] >= BS_CONTROLE[[#This Row],[KM - ínicio]]), TabelaMap[Gerência], "-", 0 )} -> SP NORTE | BC24: {=_xlfn.XLOOKUP( 1, ( TabelaMap[SUB] = BS_CONTROLE[[#This Row],[SUB_5]]) * ( TabelaMap[KM Inicio] <= BS_CONTROLE[[#This Row],[KM - ínicio]]) * ( TabelaMap[KM Fim] >= BS_CONTROLE[[#This Row],[KM - ínicio]]), TabelaMap[Trecho Coordenação], "-", 0 )} -> ZRX-ZTI | BD24: {=_xlfn.XLOOKUP( 1, ( TabelaMap[SUB] = BS_CONTROLE[[#This Row],[SUB_5]]) * ( TabelaMap[KM Inicio] <= BS_CONTROLE[[#This Row],[KM - Inicio]]) * ( TabelaMap[KM Fim] >= BS_CONTROLE[[#This Row],[KM - Inicio]]), TabelaMap[NOME SUB], "-", 0 )} -> RECANTO - ITIRAPINA (L1 PRINCIPAL) | BG24: 0 | BI24: MC1 08:01, sem oportunidade de faixa | BJ24: MC1 08:01, sem oportunidade de faixa | BL24: CCO Circulação | BM24: Intervalo Oportunidade | BN24: Sem oportunidade | BO24: MC1 08:01, sem oportunidade de faixa | BP24: =IF(AND(BQ24<1,BR24<1),"Produção e Intervalo",IF(BQ24<1,"Intervalo",IF(BR24<1,"Produção","Aderente"))) -> Produção e Intervalo | BQ24: =IF(OR(B24="",E24=""),"*",AX24/O24) -> 0 | BR24: =IF(OR(B24="",E24=""),"*",AZ24/P24) -> 0 | BS24: =IF(BM24="","",SUBSTITUTE(BL24," ","")&SUBSTITUTE(BM24," ","")) -> CCOCirculaçãoIntervaloOportunidade
A25: =D25&B25 | C25: =IF(BS_CONTROLE[[#This Row],[DATA]]="","",WEEKNUM(BS_CONTROLE[[#This Row],[DATA]])) | F25: =IF(D25="","*",VLOOKUP(E25,BS_ATIVIDADE[],3,FALSE)) -> * | L25: {=_xlfn.XLOOKUP( 1, ( TabelaMap[SUB] = BS_CONTROLE[[#This Row],[SUB]]) * ( TabelaMap[KM Inicio] <= BS_CONTROLE[[#This Row],[KM - Inicio]]) * ( TabelaMap[KM Fim] >= BS_CONTROLE[[#This Row],[KM - Inicio]]), TabelaMap[Trecho], "-", 0 )} -> - | M25: {=_xlfn.XLOOKUP( 1, ( TabelaMap[SUB] = BS_CONTROLE[[#This Row],[SUB]]) * ( TabelaMap[KM Inicio] <= BS_CONTROLE[[#This Row],[KM - Inicio]]) * ( TabelaMap[KM Fim] >= BS_CONTROLE[[#This Row],[KM - Inicio]]), TabelaMap[SB], "-", 0 )} -> - | Q25: =IF(E25=0, "*", IFERROR(_xlfn.XLOOKUP(E25, BS_ATIVIDADE[ATIVIDADE], BS_ATIVIDADE[UNIDADE]), "*")) -> * | R25: {=_xlfn.XLOOKUP( 1, ( TabelaMap[SUB] = BS_CONTROLE[[#This Row],[SUB]]) * ( TabelaMap[KM Inicio] <= BS_CONTROLE[[#This Row],[KM - Inicio]]) * ( TabelaMap[KM Fim] >= BS_CONTROLE[[#This Row],[KM - Inicio]]), TabelaMap[Gerência], "-", 0 )} -> - | S25: {=_xlfn.XLOOKUP( 1, ( TabelaMap[SUB] = BS_CONTROLE[[#This Row],[SUB]]) * ( TabelaMap[KM Inicio] <= BS_CONTROLE[[#This Row],[KM - Inicio]]) * ( TabelaMap[KM Fim] >= BS_CONTROLE[[#This Row],[KM - Inicio]]), TabelaMap[Trecho Coordenação], "-", 0 )} -> - | T25: {=_xlfn.XLOOKUP( 1, ( TabelaMap[SUB] = BS_CONTROLE[[#This Row],[SUB]]) * ( TabelaMap[KM Inicio] <= BS_CONTROLE[[#This Row],[KM - Inicio]]) * ( TabelaMap[KM Fim] >= BS_CONTROLE[[#This Row],[KM - Inicio]]), TabelaMap[NOME SUB], "-", 0 )} -> - | AH25: =IF(BS_CONTROLE[[#This Row],[Atividade]]=0, "-", BS_CONTROLE[[#This Row],[Atividade]]) -> - | AI25: =IF(BS_CONTROLE[[#This Row],[Atividade]]=0, "-", BS_CONTROLE[[#This Row],[Atividade]]) -> - | AJ25: =BS_CONTROLE[[#This Row],[Local - Partida]] -> 0 | AK25: =BS_CONTROLE[[#This Row],[Local - Encerramento]] -> 0 | AL25: =IF(BS_CONTROLE[[#This Row],[Entre - Estações]]=0, "-", BS_CONTROLE[[#This Row],[Entre - Estações]]) -> - | AM25: =IF(BS_CONTROLE[[#This Row],[SB]]=0, "-", BS_CONTROLE[[#This Row],[SB]]) -> - | AN25: =IF(BS_CONTROLE[[#This Row],[SUB]]=0, "-", BS_CONTROLE[[#This Row],[SUB]]) -> - | AO25: =BS_CONTROLE[[#This Row],[KM - Inicio]] -> 0 | AP25: =BS_CONTROLE[[#This Row],[KM - Inicio]] -> 0 | AX25: =IF(D25="","*",IFERROR(IF(ISODD(COUNT(AR25:AW25)),"ERRO",SUM((AS25-AR25),(AU25-AT25),(AW25-AV25))),"ERRO")) -> * | BA25: =IFERROR(_xlfn.XLOOKUP(AH25, BS_ATIVIDADE[ATIVIDADE],BS_ATIVIDADE[UNIDADE] ), "*") -> * | BB25: {=_xlfn.XLOOKUP( 1, ( TabelaMap[SUB] = BS_CONTROLE[[#This Row],[SUB_5]]) * ( TabelaMap[KM Inicio] <= BS_CONTROLE[[#This Row],[KM - ínicio]]) * ( TabelaMap[KM Fim] >= BS_CONTROLE[[#This Row],[KM - ínicio]]), TabelaMap[Gerência], "-", 0 )} -> - | BC25: {=_xlfn.XLOOKUP( 1, ( TabelaMap[SUB] = BS_CONTROLE[[#This Row],[SUB_5]]) * ( TabelaMap[KM Inicio] <= BS_CONTROLE[[#This Row],[KM - ínicio]]) * ( TabelaMap[KM Fim] >= BS_CONTROLE[[#This Row],[KM - ínicio]]), TabelaMap[Trecho Coordenação], "-", 0 )} -> - | BD25: {=_xlfn.XLOOKUP( 1, ( TabelaMap[SUB] = BS_CONTROLE[[#This Row],[SUB_5]]) * ( TabelaMap[KM Inicio] <= BS_CONTROLE[[#This Row],[KM - Inicio]]) * ( TabelaMap[KM Fim] >= BS_CONTROLE[[#This Row],[KM - Inicio]]), TabelaMap[NOME SUB], "-", 0 )} -> - | BP25: =IF(AND(BQ25<1,BR25<1),"Produção e Intervalo",IF(BQ25<1,"Intervalo",IF(BR25<1,"Produção","Aderente"))) -> Aderente | BQ25: =IF(OR(B25="",E25=""),"*",AX25/O25) -> * | BR25: =IF(OR(B25="",E25=""),"*",AZ25/P25) -> * | BS25: =IF(BM25="","",SUBSTITUTE(BL25," ","")&SUBSTITUTE(BM25," ",""))
A26: =D26&B26 | C26: =IF(BS_CONTROLE[[#This Row],[DATA]]="","",WEEKNUM(BS_CONTROLE[[#This Row],[DATA]])) | F26: =IF(D26="","*",VLOOKUP(E26,BS_ATIVIDADE[],3,FALSE)) -> * | L26: {=_xlfn.XLOOKUP( 1, ( TabelaMap[SUB] = BS_CONTROLE[[#This Row],[SUB]]) * ( TabelaMap[KM Inicio] <= BS_CONTROLE[[#This Row],[KM - Inicio]]) * ( TabelaMap[KM Fim] >= BS_CONTROLE[[#This Row],[KM - Inicio]]), TabelaMap[Trecho], "-", 0 )} -> - | M26: {=_xlfn.XLOOKUP( 1, ( TabelaMap[SUB] = BS_CONTROLE[[#This Row],[SUB]]) * ( TabelaMap[KM Inicio] <= BS_CONTROLE[[#This Row],[KM - Inicio]]) * ( TabelaMap[KM Fim] >= BS_CONTROLE[[#This Row],[KM - Inicio]]), TabelaMap[SB], "-", 0 )} -> - | Q26: =IF(E26=0, "*", IFERROR(_xlfn.XLOOKUP(E26, BS_ATIVIDADE[ATIVIDADE], BS_ATIVIDADE[UNIDADE]), "*")) -> * | R26: {=_xlfn.XLOOKUP( 1, ( TabelaMap[SUB] = BS_CONTROLE[[#This Row],[SUB]]) * ( TabelaMap[KM Inicio] <= BS_CONTROLE[[#This Row],[KM - Inicio]]) * ( TabelaMap[KM Fim] >= BS_CONTROLE[[#This Row],[KM - Inicio]]), TabelaMap[Gerência], "-", 0 )} -> - | S26: {=_xlfn.XLOOKUP( 1, ( TabelaMap[SUB] = BS_CONTROLE[[#This Row],[SUB]]) * ( TabelaMap[KM Inicio] <= BS_CONTROLE[[#This Row],[KM - Inicio]]) * ( TabelaMap[KM Fim] >= BS_CONTROLE[[#This Row],[KM - Inicio]]), TabelaMap[Trecho Coordenação], "-", 0 )} -> - | T26: {=_xlfn.XLOOKUP( 1, ( TabelaMap[SUB] = BS_CONTROLE[[#This Row],[SUB]]) * ( TabelaMap[KM Inicio] <= BS_CONTROLE[[#This Row],[KM - Inicio]]) * ( TabelaMap[KM Fim] >= BS_CONTROLE[[#This Row],[KM - Inicio]]), TabelaMap[NOME SUB], "-", 0 )} -> - | AH26: =IF(BS_CONTROLE[[#This Row],[Atividade]]=0, "-", BS_CONTROLE[[#This Row],[Atividade]]) -> - | AI26: =IF(BS_CONTROLE[[#This Row],[Atividade]]=0, "-", BS_CONTROLE[[#This Row],[Atividade]]) -> - | AJ26: =BS_CONTROLE[[#This Row],[Local - Partida]] -> 0 | AK26: =BS_CONTROLE[[#This Row],[Local - Encerramento]] -> 0 | AL26: =IF(BS_CONTROLE[[#This Row],[Entre - Estações]]=0, "-", BS_CONTROLE[[#This Row],[Entre - Estações]]) -> - | AM26: =IF(BS_CONTROLE[[#This Row],[SB]]=0, "-", BS_CONTROLE[[#This Row],[SB]]) -> - | AN26: =IF(BS_CONTROLE[[#This Row],[SUB]]=0, "-", BS_CONTROLE[[#This Row],[SUB]]) -> - | AO26: =BS_CONTROLE[[#This Row],[KM - Inicio]] -> 0 | AP26: =BS_CONTROLE[[#This Row],[KM - Inicio]] -> 0 | AX26: =IF(D26="","*",IFERROR(IF(ISODD(COUNT(AR26:AW26)),"ERRO",SUM((AS26-AR26),(AU26-AT26),(AW26-AV26))),"ERRO")) -> * | BA26: =IFERROR(_xlfn.XLOOKUP(AH26, BS_ATIVIDADE[ATIVIDADE],BS_ATIVIDADE[UNIDADE] ), "*") -> * | BB26: {=_xlfn.XLOOKUP( 1, ( TabelaMap[SUB] = BS_CONTROLE[[#This Row],[SUB_5]]) * ( TabelaMap[KM Inicio] <= BS_CONTROLE[[#This Row],[KM - ínicio]]) * ( TabelaMap[KM Fim] >= BS_CONTROLE[[#This Row],[KM - ínicio]]), TabelaMap[Gerência], "-", 0 )} -> - | BC26: {=_xlfn.XLOOKUP( 1, ( TabelaMap[SUB] = BS_CONTROLE[[#This Row],[SUB_5]]) * ( TabelaMap[KM Inicio] <= BS_CONTROLE[[#This Row],[KM - ínicio]]) * ( TabelaMap[KM Fim] >= BS_CONTROLE[[#This Row],[KM - ínicio]]), TabelaMap[Trecho Coordenação], "-", 0 )} -> - | BD26: {=_xlfn.XLOOKUP( 1, ( TabelaMap[SUB] = BS_CONTROLE[[#This Row],[SUB_5]]) * ( TabelaMap[KM Inicio] <= BS_CONTROLE[[#This Row],[KM - Inicio]]) * ( TabelaMap[KM Fim] >= BS_CONTROLE[[#This Row],[KM - Inicio]]), TabelaMap[NOME SUB], "-", 0 )} -> - | BP26: =IF(AND(BQ26<1,BR26<1),"Produção e Intervalo",IF(BQ26<1,"Intervalo",IF(BR26<1,"Produção","Aderente"))) -> Aderente | BQ26: =IF(OR(B26="",E26=""),"*",AX26/O26) -> * | BR26: =IF(OR(B26="",E26=""),"*",AZ26/P26) -> * | BS26: =IF(BM26="","",SUBSTITUTE(BL26," ","")&SUBSTITUTE(BM26," ",""))
A27: =D27&B27 | C27: =IF(BS_CONTROLE[[#This Row],[DATA]]="","",WEEKNUM(BS_CONTROLE[[#This Row],[DATA]])) | F27: =IF(D27="","*",VLOOKUP(E27,BS_ATIVIDADE[],3,FALSE)) -> * | L27: {=_xlfn.XLOOKUP( 1, ( TabelaMap[SUB] = BS_CONTROLE[[#This Row],[SUB]]) * ( TabelaMap[KM Inicio] <= BS_CONTROLE[[#This Row],[KM - Inicio]]) * ( TabelaMap[KM Fim] >= BS_CONTROLE[[#This Row],[KM - Inicio]]), TabelaMap[Trecho], "-", 0 )} -> - | M27: {=_xlfn.XLOOKUP( 1, ( TabelaMap[SUB] = BS_CONTROLE[[#This Row],[SUB]]) * ( TabelaMap[KM Inicio] <= BS_CONTROLE[[#This Row],[KM - Inicio]]) * ( TabelaMap[KM Fim] >= BS_CONTROLE[[#This Row],[KM - Inicio]]), TabelaMap[SB], "-", 0 )} -> - | Q27: =IF(E27=0, "*", IFERROR(_xlfn.XLOOKUP(E27, BS_ATIVIDADE[ATIVIDADE], BS_ATIVIDADE[UNIDADE]), "*")) -> * | R27: {=_xlfn.XLOOKUP( 1, ( TabelaMap[SUB] = BS_CONTROLE[[#This Row],[SUB]]) * ( TabelaMap[KM Inicio] <= BS_CONTROLE[[#This Row],[KM - Inicio]]) * ( TabelaMap[KM Fim] >= BS_CONTROLE[[#This Row],[KM - Inicio]]), TabelaMap[Gerência], "-", 0 )} -> - | S27: {=_xlfn.XLOOKUP( 1, ( TabelaMap[SUB] = BS_CONTROLE[[#This Row],[SUB]]) * ( TabelaMap[KM Inicio] <= BS_CONTROLE[[#This Row],[KM - Inicio]]) * ( TabelaMap[KM Fim] >= BS_CONTROLE[[#This Row],[KM - Inicio]]), TabelaMap[Trecho Coordenação], "-", 0 )} -> - | T27: {=_xlfn.XLOOKUP( 1, ( TabelaMap[SUB] = BS_CONTROLE[[#This Row],[SUB]]) * ( TabelaMap[KM Inicio] <= BS_CONTROLE[[#This Row],[KM - Inicio]]) * ( TabelaMap[KM Fim] >= BS_CONTROLE[[#This Row],[KM - Inicio]]), TabelaMap[NOME SUB], "-", 0 )} -> - | AH27: =IF(BS_CONTROLE[[#This Row],[Atividade]]=0, "-", BS_CONTROLE[[#This Row],[Atividade]]) -> - | AI27: =IF(BS_CONTROLE[[#This Row],[Atividade]]=0, "-", BS_CONTROLE[[#This Row],[Atividade]]) -> - | AJ27: =BS_CONTROLE[[#This Row],[Local - Partida]] -> 0 | AK27: =BS_CONTROLE[[#This Row],[Local - Encerramento]] -> 0 | AL27: =IF(BS_CONTROLE[[#This Row],[Entre - Estações]]=0, "-", BS_CONTROLE[[#This Row],[Entre - Estações]]) -> - | AM27: =IF(BS_CONTROLE[[#This Row],[SB]]=0, "-", BS_CONTROLE[[#This Row],[SB]]) -> - | AN27: =IF(BS_CONTROLE[[#This Row],[SUB]]=0, "-", BS_CONTROLE[[#This Row],[SUB]]) -> - | AO27: =BS_CONTROLE[[#This Row],[KM - Inicio]] -> 0 | AP27: =BS_CONTROLE[[#This Row],[KM - Inicio]] -> 0 | AX27: =IF(D27="","*",IFERROR(IF(ISODD(COUNT(AR27:AW27)),"ERRO",SUM((AS27-AR27),(AU27-AT27),(AW27-AV27))),"ERRO")) -> * | BA27: =IFERROR(_xlfn.XLOOKUP(AH27, BS_ATIVIDADE[ATIVIDADE],BS_ATIVIDADE[UNIDADE] ), "*") -> * | BB27: {=_xlfn.XLOOKUP( 1, ( TabelaMap[SUB] = BS_CONTROLE[[#This Row],[SUB_5]]) * ( TabelaMap[KM Inicio] <= BS_CONTROLE[[#This Row],[KM - ínicio]]) * ( TabelaMap[KM Fim] >= BS_CONTROLE[[#This Row],[KM - ínicio]]), TabelaMap[Gerência], "-", 0 )} -> - | BC27: {=_xlfn.XLOOKUP( 1, ( TabelaMap[SUB] = BS_CONTROLE[[#This Row],[SUB_5]]) * ( TabelaMap[KM Inicio] <= BS_CONTROLE[[#This Row],[KM - ínicio]]) * ( TabelaMap[KM Fim] >= BS_CONTROLE[[#This Row],[KM - ínicio]]), TabelaMap[Trecho Coordenação], "-", 0 )} -> - | BD27: {=_xlfn.XLOOKUP( 1, ( TabelaMap[SUB] = BS_CONTROLE[[#This Row],[SUB_5]]) * ( TabelaMap[KM Inicio] <= BS_CONTROLE[[#This Row],[KM - Inicio]]) * ( TabelaMap[KM Fim] >= BS_CONTROLE[[#This Row],[KM - Inicio]]), TabelaMap[NOME SUB], "-", 0 )} -> - | BP27: =IF(AND(BQ27<1,BR27<1),"Produção e Intervalo",IF(BQ27<1,"Intervalo",IF(BR27<1,"Produção","Aderente"))) -> Aderente | BQ27: =IF(OR(B27="",E27=""),"*",AX27/O27) -> * | BR27: =IF(OR(B27="",E27=""),"*",AZ27/P27) -> * | BS27: =IF(BM27="","",SUBSTITUTE(BL27," ","")&SUBSTITUTE(BM27," ",""))
A28: =D28&B28 -> W57 | C28: =IF(BS_CONTROLE[[#This Row],[DATA]]="","",WEEKNUM(BS_CONTROLE[[#This Row],[DATA]])) | D28: W57 | E28: RECOLHIMENTO DE DORMENTE | F28: =IF(D28="","*",VLOOKUP(E28,BS_ATIVIDADE[],3,FALSE)) -> OUTROS | G28: ZJA2 | H28: ZJA2 | I28: 73 | J28: 379 | K28: 375 | L28: {=_xlfn.XLOOKUP( 1, ( TabelaMap[SUB] = BS_CONTROLE[[#This Row],[SUB]]) * ( TabelaMap[KM Inicio] <= BS_CONTROLE[[#This Row],[KM - Inicio]]) * ( TabelaMap[KM Fim] >= BS_CONTROLE[[#This Row],[KM - Inicio]]), TabelaMap[Trecho], "-", 0 )} -> ZJA-ZUR | M28: {=_xlfn.XLOOKUP( 1, ( TabelaMap[SUB] = BS_CONTROLE[[#This Row],[SUB]]) * ( TabelaMap[KM Inicio] <= BS_CONTROLE[[#This Row],[KM - Inicio]]) * ( TabelaMap[KM Fim] >= BS_CONTROLE[[#This Row],[KM - Inicio]]), TabelaMap[Trecho], "-", 0 )} -> ZJA-ZUR | N28: 0.375 | O28: 0.083333333 | P28: 700 | Q28: =IF(E28=0, "*", IFERROR(_xlfn.XLOOKUP(E28, BS_ATIVIDADE[ATIVIDADE], BS_ATIVIDADE[UNIDADE]), "*")) -> Nº DE PEÇAS | R28: {=_xlfn.XLOOKUP( 1, ( TabelaMap[SUB] = BS_CONTROLE[[#This Row],[SUB]]) * ( TabelaMap[KM Inicio] <= BS_CONTROLE[[#This Row],[KM - Inicio]]) * ( TabelaMap[KM Fim] >= BS_CONTROLE[[#This Row],[KM - Inicio]]), TabelaMap[Gerência], "-", 0 )} -> SP NORTE | S28: {=_xlfn.XLOOKUP( 1, ( TabelaMap[SUB] = BS_CONTROLE[[#This Row],[SUB]]) * ( TabelaMap[KM Inicio] <= BS_CONTROLE[[#This Row],[KM - Inicio]]) * ( TabelaMap[KM Fim] >= BS_CONTROLE[[#This Row],[KM - Inicio]]), TabelaMap[Trecho Coordenação], "-", 0 )} -> TMI-ZEB | T28: {=_xlfn.XLOOKUP( 1, ( TabelaMap[SUB] = BS_CONTROLE[[#This Row],[SUB]]) * ( TabelaMap[KM Inicio] <= BS_CONTROLE[[#This Row],[KM - Inicio]]) * ( TabelaMap[KM Fim] >= BS_CONTROLE[[#This Row],[KM - Inicio]]), TabelaMap[NOME SUB], "-", 0 )} -> ARARAQUARA - MARCO INICIAL | U28: Ronaldo | V28: Recolhimento de dormentes inservÍveis | W28: Oportunidade | Z28: Clayton + Larocca | AA28: FIXO | AB28: ACIONAMENTO | AC28: 0.33333333 | AD28: 9374 | AE28: - | AF28: - | AH28: =IF(BS_CONTROLE[[#This Row],[Atividade]]=0, "-", BS_CONTROLE[[#This Row],[Atividade]]) -> RECOLHIMENTO DE DORMENTE | AI28: =IF(BS_CONTROLE[[#This Row],[Atividade]]=0, "-", BS_CONTROLE[[#This Row],[Atividade]]) -> RECOLHIMENTO DE DORMENTE | AJ28: =BS_CONTROLE[[#This Row],[Local - Partida]] -> ZJA2 | AK28: =BS_CONTROLE[[#This Row],[Local - Encerramento]] -> ZJA2 | AL28: =IF(BS_CONTROLE[[#This Row],[Entre - Estações]]=0, "-", BS_CONTROLE[[#This Row],[Entre - Estações]]) -> ZJA-ZUR | AM28: =IF(BS_CONTROLE[[#This Row],[SB]]=0, "-", BS_CONTROLE[[#This Row],[SB]]) -> ZJA-ZUR | AN28: =IF(BS_CONTROLE[[#This Row],[SUB]]=0, "-", BS_CONTROLE[[#This Row],[SUB]]) -> 73 | AO28: =BS_CONTROLE[[#This Row],[KM - Inicio]] -> 379 | AP28: =BS_CONTROLE[[#This Row],[KM - Inicio]] -> 379 | AX28: =IF(D28="","*",IFERROR(IF(ISODD(COUNT(AR28:AW28)),"ERRO",SUM((AS28-AR28),(AU28-AT28),(AW28-AV28))),"ERRO")) -> 0 | BA28: =IFERROR(_xlfn.XLOOKUP(AH28, BS_ATIVIDADE[ATIVIDADE],BS_ATIVIDADE[UNIDADE] ), "*") -> Nº DE PEÇAS | BB28: {=_xlfn.XLOOKUP( 1, ( TabelaMap[SUB] = BS_CONTROLE[[#This Row],[SUB_5]]) * ( TabelaMap[KM Inicio] <= BS_CONTROLE[[#This Row],[KM - ínicio]]) * ( TabelaMap[KM Fim] >= BS_CONTROLE[[#This Row],[KM - ínicio]]), TabelaMap[Gerência], "-", 0 )} -> SP NORTE | BC28: {=_xlfn.XLOOKUP( 1, ( TabelaMap[SUB] = BS_CONTROLE[[#This Row],[SUB_5]]) * ( TabelaMap[KM Inicio] <= BS_CONTROLE[[#This Row],[KM - ínicio]]) * ( TabelaMap[KM Fim] >= BS_CONTROLE[[#This Row],[KM - ínicio]]), TabelaMap[Trecho Coordenação], "-", 0 )} -> TMI-ZEB | BD28: {=_xlfn.XLOOKUP( 1, ( TabelaMap[SUB] = BS_CONTROLE[[#This Row],[SUB_5]]) * ( TabelaMap[KM Inicio] <= BS_CONTROLE[[#This Row],[KM - Inicio]]) * ( TabelaMap[KM Fim] >= BS_CONTROLE[[#This Row],[KM - Inicio]]), TabelaMap[NOME SUB], "-", 0 )} -> ARARAQUARA - MARCO INICIAL | BP28: =IF(AND(BQ28<1,BR28<1),"Produção e Intervalo",IF(BQ28<1,"Intervalo",IF(BR28<1,"Produção","Aderente"))) -> Aderente | BQ28: =IF(OR(B28="",E28=""),"*",AX28/O28) -> * | BR28: =IF(OR(B28="",E28=""),"*",AZ28/P28) -> * | BS28: =IF(BM28="","",SUBSTITUTE(BL28," ","")&SUBSTITUTE(BM28," ",""))
A29: =D29&B29 -> A6346056 | B29: 46056 | C29: =IF(BS_CONTROLE[[#This Row],[DATA]]="","",WEEKNUM(BS_CONTROLE[[#This Row],[DATA]])) -> 6 | D29: A63 | E29: INSPEÇÃO AUTO DE LINHA | F29: =IF(D29="","*",VLOOKUP(E29,BS_ATIVIDADE[],3,FALSE)) -> OUTROS | G29: ZVP2 | H29: ZRW | I29: 73 | J29: 306 | K29: 433 | L29: ZVP-ZRW | M29: ZVPZRW | N29: 0.35416667 | O29: 0.041666667 | P29: 1 | Q29: =IF(E29=0, "*", IFERROR(_xlfn.XLOOKUP(E29, BS_ATIVIDADE[ATIVIDADE], BS_ATIVIDADE[UNIDADE]), "*")) -> BINÁRIO | R29: {=_xlfn.XLOOKUP( 1, ( TabelaMap[SUB] = BS_CONTROLE[[#This Row],[SUB]]) * ( TabelaMap[KM Inicio] <= BS_CONTROLE[[#This Row],[KM - Inicio]]) * ( TabelaMap[KM Fim] >= BS_CONTROLE[[#This Row],[KM - Inicio]]), TabelaMap[Gerência], "-", 0 )} -> SP NORTE | S29: {=_xlfn.XLOOKUP( 1, ( TabelaMap[SUB] = BS_CONTROLE[[#This Row],[SUB]]) * ( TabelaMap[KM Inicio] <= BS_CONTROLE[[#This Row],[KM - Inicio]]) * ( TabelaMap[KM Fim] >= BS_CONTROLE[[#This Row],[KM - Inicio]]), TabelaMap[Trecho Coordenação], "-", 0 )} -> TMI-ZEB | T29: {=_xlfn.XLOOKUP( 1, ( TabelaMap[SUB] = BS_CONTROLE[[#This Row],[SUB]]) * ( TabelaMap[KM Inicio] <= BS_CONTROLE[[#This Row],[KM - Inicio]]) * ( TabelaMap[KM Fim] >= BS_CONTROLE[[#This Row],[KM - Inicio]]), TabelaMap[NOME SUB], "-", 0 )} -> ARARAQUARA - MARCO INICIAL | U29: Ronaldo | V29: Auto de linha inspeção ANTT | W29: Oportunidade | X29: OPORTUNIDADE | Z29: 1 | AA29: FIXO | AC29: 0.29166667 | AD29: 1604 | AE29: - | AF29: - | AH29: =IF(BS_CONTROLE[[#This Row],[Atividade]]=0, "-", BS_CONTROLE[[#This Row],[Atividade]]) -> INSPEÇÃO AUTO DE LINHA | AI29: =IF(BS_CONTROLE[[#This Row],[Atividade]]=0, "-", BS_CONTROLE[[#This Row],[Atividade]]) -> INSPEÇÃO AUTO DE LINHA | AJ29: =BS_CONTROLE[[#This Row],[Local - Partida]] -> ZVP2 | AK29: =BS_CONTROLE[[#This Row],[Local - Encerramento]] -> ZRW | AL29: =IF(BS_CONTROLE[[#This Row],[Entre - Estações]]=0, "-", BS_CONTROLE[[#This Row],[Entre - Estações]]) -> ZVP-ZRW | AM29: =IF(BS_CONTROLE[[#This Row],[SB]]=0, "-", BS_CONTROLE[[#This Row],[SB]]) -> ZVPZRW | AN29: =IF(BS_CONTROLE[[#This Row],[SUB]]=0, "-", BS_CONTROLE[[#This Row],[SUB]]) -> 73 | AO29: =BS_CONTROLE[[#This Row],[KM - Inicio]] -> 306 | AP29: =BS_CONTROLE[[#This Row],[KM - Inicio]] -> 306 | AQ29: 0.32847222 | AR29: 0.32916667 | AS29: 0.37083333 | AX29: =IF(D29="","*",IFERROR(IF(ISODD(COUNT(AR29:AW29)),"ERRO",SUM((AS29-AR29),(AU29-AT29),(AW29-AV29))),"ERRO")) -> 0.041666667 | AZ29: 1 | BA29: =IFERROR(_xlfn.XLOOKUP(AH29, BS_ATIVIDADE[ATIVIDADE],BS_ATIVIDADE[UNIDADE] ), "*") -> BINÁRIO | BB29: {=_xlfn.XLOOKUP( 1, ( TabelaMap[SUB] = BS_CONTROLE[[#This Row],[SUB_5]]) * ( TabelaMap[KM Inicio] <= BS_CONTROLE[[#This Row],[KM - ínicio]]) * ( TabelaMap[KM Fim] >= BS_CONTROLE[[#This Row],[KM - ínicio]]), TabelaMap[Gerência], "-", 0 )} -> SP NORTE | BC29: {=_xlfn.XLOOKUP( 1, ( TabelaMap[SUB] = BS_CONTROLE[[#This Row],[SUB_5]]) * ( TabelaMap[KM Inicio] <= BS_CONTROLE[[#This Row],[KM - ínicio]]) * ( TabelaMap[KM Fim] >= BS_CONTROLE[[#This Row],[KM - ínicio]]), TabelaMap[Trecho Coordenação], "-", 0 )} -> TMI-ZEB | BD29: {=_xlfn.XLOOKUP( 1, ( TabelaMap[SUB] = BS_CONTROLE[[#This Row],[SUB_5]]) * ( TabelaMap[KM Inicio] <= BS_CONTROLE[[#This Row],[KM - Inicio]]) * ( TabelaMap[KM Fim] >= BS_CONTROLE[[#This Row],[KM - Inicio]]), TabelaMap[NOME SUB], "-", 0 )} -> ARARAQUARA - MARCO INICIAL | BE29: =BS_CONTROLE[[#This Row],[Responsavel pelo boletim]] -> Ronaldo | BG29: 2 | BI29: MC1 07:53, segue inspeção | BJ29: MC1 07:53, segue inspeção | BL29: OK | BM29: OK | BN29: OK | BP29: =IF(AND(BQ29<1,BR29<1),"Produção e Intervalo",IF(BQ29<1,"Intervalo",IF(BR29<1,"Produção","Aderente"))) -> Aderente | BQ29: =IF(OR(B29="",E29=""),"*",AX29/O29) -> 1 | BR29: =IF(OR(B29="",E29=""),"*",AZ29/P29) -> 1 | BS29: =IF(BM29="","",SUBSTITUTE(BL29," ","")&SUBSTITUTE(BM29," ","")) -> OKOK
A30: =D30&B30 -> JOVÂNIO (TP-850)46056 | B30: 46056 | C30: =IF(BS_CONTROLE[[#This Row],[DATA]]="","",WEEKNUM(BS_CONTROLE[[#This Row],[DATA]])) -> 6 | D30: JOVÂNIO (TP-850) | E30: PDM - SOLDA | F30: =IF(D30="","*",VLOOKUP(E30,BS_ATIVIDADE[],3,FALSE)) -> SOLDA | G30: - | H30: - | I30: 73 | J30: 265.7 | K30: - | L30: {=_xlfn.XLOOKUP( 1, ( TabelaMap[SUB] = BS_CONTROLE[[#This Row],[SUB]]) * ( TabelaMap[KM Inicio] <= BS_CONTROLE[[#This Row],[KM - Inicio]]) * ( TabelaMap[KM Fim] >= BS_CONTROLE[[#This Row],[KM - Inicio]]), TabelaMap[Trecho], "-", 0 )} -> ZEC-ZKY | M30: {=_xlfn.XLOOKUP( 1, ( TabelaMap[SUB] = BS_CONTROLE[[#This Row],[SUB]]) * ( TabelaMap[KM Inicio] <= BS_CONTROLE[[#This Row],[KM - Inicio]]) * ( TabelaMap[KM Fim] >= BS_CONTROLE[[#This Row],[KM - Inicio]]), TabelaMap[SB], "-", 0 )} -> ZEC267 | N30: 0.375 | O30: 0.0625 | P30: 1 | Q30: =IF(E30=0, "*", IFERROR(_xlfn.XLOOKUP(E30, BS_ATIVIDADE[ATIVIDADE], BS_ATIVIDADE[UNIDADE]), "*")) -> Nº DE SOLDA | R30: {=_xlfn.XLOOKUP( 1, ( TabelaMap[SUB] = BS_CONTROLE[[#This Row],[SUB]]) * ( TabelaMap[KM Inicio] <= BS_CONTROLE[[#This Row],[KM - Inicio]]) * ( TabelaMap[KM Fim] >= BS_CONTROLE[[#This Row],[KM - Inicio]]), TabelaMap[Gerência], "-", 0 )} -> SP NORTE | S30: {=_xlfn.XLOOKUP( 1, ( TabelaMap[SUB] = BS_CONTROLE[[#This Row],[SUB]]) * ( TabelaMap[KM Inicio] <= BS_CONTROLE[[#This Row],[KM - Inicio]]) * ( TabelaMap[KM Fim] >= BS_CONTROLE[[#This Row],[KM - Inicio]]), TabelaMap[Trecho Coordenação], "-", 0 )} -> TMI-ZEB | T30: pa | U30: Ronaldo | V30: Execução de solda - Condicionado à temperatura (ZVP1) | W30: Oportunidade | X30: OPORTUNIDADE | AH30: =IF(BS_CONTROLE[[#This Row],[Atividade]]=0, "-", BS_CONTROLE[[#This Row],[Atividade]]) -> PDM - SOLDA | AI30: =IF(BS_CONTROLE[[#This Row],[Atividade]]=0, "-", BS_CONTROLE[[#This Row],[Atividade]]) -> PDM - SOLDA | AJ30: =BS_CONTROLE[[#This Row],[Local - Partida]] -> - | AK30: =BS_CONTROLE[[#This Row],[Local - Encerramento]] -> - | AL30: =IF(BS_CONTROLE[[#This Row],[Entre - Estações]]=0, "-", BS_CONTROLE[[#This Row],[Entre - Estações]]) -> ZEC-ZKY | AM30: =IF(BS_CONTROLE[[#This Row],[SB]]=0, "-", BS_CONTROLE[[#This Row],[SB]]) -> ZEC267 | AN30: =IF(BS_CONTROLE[[#This Row],[SUB]]=0, "-", BS_CONTROLE[[#This Row],[SUB]]) -> 73 | AO30: 265.7 | AP30: 265.7 | AQ30: 0.3125 | AR30: 0 | AS30: 0 | AX30: =IF(D30="","*",IFERROR(IF(ISODD(COUNT(AR30:AW30)),"ERRO",SUM((AS30-AR30),(AU30-AT30),(AW30-AV30))),"ERRO")) -> 0 | AZ30: 0 | BA30: =IFERROR(_xlfn.XLOOKUP(AH30, BS_ATIVIDADE[ATIVIDADE],BS_ATIVIDADE[UNIDADE] ), "*") -> Nº DE SOLDA | BB30: {=_xlfn.XLOOKUP( 1, ( TabelaMap[SUB] = BS_CONTROLE[[#This Row],[SUB_5]]) * ( TabelaMap[KM Inicio] <= BS_CONTROLE[[#This Row],[KM - ínicio]]) * ( TabelaMap[KM Fim] >= BS_CONTROLE[[#This Row],[KM - ínicio]]), TabelaMap[Gerência], "-", 0 )} -> SP NORTE | BC30: {=_xlfn.XLOOKUP( 1, ( TabelaMap[SUB] = BS_CONTROLE[[#This Row],[SUB_5]]) * ( TabelaMap[KM Inicio] <= BS_CONTROLE[[#This Row],[KM - ínicio]]) * ( TabelaMap[KM Fim] >= BS_CONTROLE[[#This Row],[KM - ínicio]]), TabelaMap[Trecho Coordenação], "-", 0 )} -> TMI-ZEB | BD30: {=_xlfn.XLOOKUP( 1, ( TabelaMap[SUB] = BS_CONTROLE[[#This Row],[SUB_5]]) * ( TabelaMap[KM Inicio] <= BS_CONTROLE[[#This Row],[KM - Inicio]]) * ( TabelaMap[KM Fim] >= BS_CONTROLE[[#This Row],[KM - Inicio]]), TabelaMap[NOME SUB], "-", 0 )} -> ARARAQUARA - MARCO INICIAL | BG30: 0 | BI30: TP pronta 07:30, não solicitou devido chuva no local | BJ30: TP pronta 07:30, não solicitou devido chuva no local | BL30: Condições Climática | BM30: Chuva | BN30: Chuva | BO30: TP pronta 07:30, não solicitou devido chuva no local | BP30: =IF(AND(BQ30<1,BR30<1),"Produção e Intervalo",IF(BQ30<1,"Intervalo",IF(BR30<1,"Produção","Aderente"))) -> Produção e Intervalo | BQ30: =IF(OR(B30="",E30=""),"*",AX30/O30) -> 0 | BR30: =IF(OR(B30="",E30=""),"*",AZ30/P30) -> 0 | BS30: =IF(BM30="","",SUBSTITUTE(BL30," ","")&SUBSTITUTE(BM30," ","")) -> CondiçõesClimáticaChuva
A31: =D31&B31 -> V8746056 | B31: 46056 | C31: =IF(BS_CONTROLE[[#This Row],[DATA]]="","",WEEKNUM(BS_CONTROLE[[#This Row],[DATA]])) -> 6 | D31: V87 | E31: MECANIZAÇÃO - SOCADORA | F31: =IF(D31="","*",VLOOKUP(E31,BS_ATIVIDADE[],3,FALSE)) -> MECANIZAÇÃO - SOCADORA | G31: ZDP2 | H31: ZDP | I31: 73 | J31: 272.2 | K31: 271.7 | L31: {=_xlfn.XLOOKUP( 1, ( TabelaMap[SUB] = BS_CONTROLE[[#This Row],[SUB]]) * ( TabelaMap[KM Inicio] <= BS_CONTROLE[[#This Row],[KM - Inicio]]) * ( TabelaMap[KM Fim] >= BS_CONTROLE[[#This Row],[KM - Inicio]]), TabelaMap[Trecho], "-", 0 )} -> ZEC-ZKY | M31: {=_xlfn.XLOOKUP( 1, ( TabelaMap[SUB] = BS_CONTROLE[[#This Row],[SUB]]) * ( TabelaMap[KM Inicio] <= BS_CONTROLE[[#This Row],[KM - Inicio]]) * ( TabelaMap[KM Fim] >= BS_CONTROLE[[#This Row],[KM - Inicio]]), TabelaMap[SB], "-", 0 )} -> 271ZKY | N31: 0.35416667 | O31: 0.25 | P31: 1530 | Q31: =IF(E31=0, "*", IFERROR(_xlfn.XLOOKUP(E31, BS_ATIVIDADE[ATIVIDADE], BS_ATIVIDADE[UNIDADE]), "*")) -> M | R31: {=_xlfn.XLOOKUP( 1, ( TabelaMap[SUB] = BS_CONTROLE[[#This Row],[SUB]]) * ( TabelaMap[KM Inicio] <= BS_CONTROLE[[#This Row],[KM - Inicio]]) * ( TabelaMap[KM Fim] >= BS_CONTROLE[[#This Row],[KM - Inicio]]), TabelaMap[Gerência], "-", 0 )} -> SP NORTE | S31: {=_xlfn.XLOOKUP( 1, ( TabelaMap[SUB] = BS_CONTROLE[[#This Row],[SUB]]) * ( TabelaMap[KM Inicio] <= BS_CONTROLE[[#This Row],[KM - Inicio]]) * ( TabelaMap[KM Fim] >= BS_CONTROLE[[#This Row],[KM - Inicio]]), TabelaMap[Trecho Coordenação], "-", 0 )} -> TMI-ZEB | T31: {=_xlfn.XLOOKUP( 1, ( TabelaMap[SUB] = BS_CONTROLE[[#This Row],[SUB]]) * ( TabelaMap[KM Inicio] <= BS_CONTROLE[[#This Row],[KM - Inicio]]) * ( TabelaMap[KM Fim] >= BS_CONTROLE[[#This Row],[KM - Inicio]]), TabelaMap[NOME SUB], "-", 0 )} -> ARARAQUARA - MARCO INICIAL | U31: Antonioni | V31: Socadora Mecanizada | W31: Contrato | X31: OPORTUNIDADE | AH31: =IF(BS_CONTROLE[[#This Row],[Atividade]]=0, "-", BS_CONTROLE[[#This Row],[Atividade]]) -> MECANIZAÇÃO - SOCADORA | AI31: =IF(BS_CONTROLE[[#This Row],[Atividade]]=0, "-", BS_CONTROLE[[#This Row],[Atividade]]) -> MECANIZAÇÃO - SOCADORA | AJ31: =BS_CONTROLE[[#This Row],[Local - Partida]] -> ZDP2 | AK31: =BS_CONTROLE[[#This Row],[Local - Encerramento]] -> ZDP | AL31: =IF(BS_CONTROLE[[#This Row],[Entre - Estações]]=0, "-", BS_CONTROLE[[#This Row],[Entre - Estações]]) -> ZEC-ZKY | AM31: =IF(BS_CONTROLE[[#This Row],[SB]]=0, "-", BS_CONTROLE[[#This Row],[SB]]) -> 271ZKY | AN31: =IF(BS_CONTROLE[[#This Row],[SUB]]=0, "-", BS_CONTROLE[[#This Row],[SUB]]) -> 73 | AO31: =BS_CONTROLE[[#This Row],[KM - Inicio]] -> 272.2 | AP31: =BS_CONTROLE[[#This Row],[KM - Inicio]] -> 272.2 | AQ31: 0 | AR31: 0 | AS31: 0 | AX31: =IF(D31="","*",IFERROR(IF(ISODD(COUNT(AR31:AW31)),"ERRO",SUM((AS31-AR31),(AU31-AT31),(AW31-AV31))),"ERRO")) -> 0 | AZ31: 0 | BA31: =IFERROR(_xlfn.XLOOKUP(AH31, BS_ATIVIDADE[ATIVIDADE],BS_ATIVIDADE[UNIDADE] ), "*") -> M | BB31: {=_xlfn.XLOOKUP( 1, ( TabelaMap[SUB] = BS_CONTROLE[[#This Row],[SUB_5]]) * ( TabelaMap[KM Inicio] <= BS_CONTROLE[[#This Row],[KM - ínicio]]) * ( TabelaMap[KM Fim] >= BS_CONTROLE[[#This Row],[KM - ínicio]]), TabelaMap[Gerência], "-", 0 )} -> SP NORTE | BC31: {=_xlfn.XLOOKUP( 1, ( TabelaMap[SUB] = BS_CONTROLE[[#This Row],[SUB_5]]) * ( TabelaMap[KM Inicio] <= BS_CONTROLE[[#This Row],[KM - ínicio]]) * ( TabelaMap[KM Fim] >= BS_CONTROLE[[#This Row],[KM - ínicio]]), TabelaMap[Trecho Coordenação], "-", 0 )} -> TMI-ZEB | BD31: {=_xlfn.XLOOKUP( 1, ( TabelaMap[SUB] = BS_CONTROLE[[#This Row],[SUB_5]]) * ( TabelaMap[KM Inicio] <= BS_CONTROLE[[#This Row],[KM - Inicio]]) * ( TabelaMap[KM Fim] >= BS_CONTROLE[[#This Row],[KM - Inicio]]), TabelaMap[NOME SUB], "-", 0 )} -> ARARAQUARA - MARCO INICIAL | BG31: 0 | BI31: Não solicitou devido sem O.S de trabalho | BJ31: Não solicitou devido sem O.S de trabalho | BL31: Mecanização | BM31: Operação | BN31: Desvio de programação | BO31: Não solicitou devido sem O.S de trabalho | BP31: =IF(AND(BQ31<1,BR31<1),"Produção e Intervalo",IF(BQ31<1,"Intervalo",IF(BR31<1,"Produção","Aderente"))) -> Produção e Intervalo | BQ31: =IF(OR(B31="",E31=""),"*",AX31/O31) -> 0 | BR31: =IF(OR(B31="",E31=""),"*",AZ31/P31) -> 0 | BS31: =IF(BM31="","",SUBSTITUTE(BL31," ","")&SUBSTITUTE(BM31," ","")) -> MecanizaçãoOperação
A32: =D32&B32 -> W5446056 | B32: 46056 | C32: =IF(BS_CONTROLE[[#This Row],[DATA]]="","",WEEKNUM(BS_CONTROLE[[#This Row],[DATA]])) -> 6 | D32: W54 | E32: DESLOCAMENTO | F32: =IF(D32="","*",VLOOKUP(E32,BS_ATIVIDADE[],3,FALSE)) -> OUTROS | G32: ZRU2 | H32: ZPN | I32: 73 | J32: 202 | K32: 128 | L32: ZRU-ZPN | M32: ZRUZPN | N32: 0.54166667 | O32: 0.041666667 | P32: 1 | Q32: =IF(E32=0, "*", IFERROR(_xlfn.XLOOKUP(E32, BS_ATIVIDADE[ATIVIDADE], BS_ATIVIDADE[UNIDADE]), "*")) -> BINÁRIO | R32: {=_xlfn.XLOOKUP( 1, ( TabelaMap[SUB] = BS_CONTROLE[[#This Row],[SUB]]) * ( TabelaMap[KM Inicio] <= BS_CONTROLE[[#This Row],[KM - Inicio]]) * ( TabelaMap[KM Fim] >= BS_CONTROLE[[#This Row],[KM - Inicio]]), TabelaMap[Gerência], "-", 0 )} -> SP NORTE | S32: {=_xlfn.XLOOKUP( 1, ( TabelaMap[SUB] = BS_CONTROLE[[#This Row],[SUB]]) * ( TabelaMap[KM Inicio] <= BS_CONTROLE[[#This Row],[KM - Inicio]]) * ( TabelaMap[KM Fim] >= BS_CONTROLE[[#This Row],[KM - Inicio]]), TabelaMap[Trecho Coordenação], "-", 0 )} -> ZEB-ZCZ | T32: {=_xlfn.XLOOKUP( 1, ( TabelaMap[SUB] = BS_CONTROLE[[#This Row],[SUB]]) * ( TabelaMap[KM Inicio] <= BS_CONTROLE[[#This Row],[KM - Inicio]]) * ( TabelaMap[KM Fim] >= BS_CONTROLE[[#This Row],[KM - Inicio]]), TabelaMap[NOME SUB], "-", 0 )} -> ARARAQUARA - MARCO INICIAL | U32: stadler | V32: Deslocamento ZRU-ZPN | W32: Oportunidade | X32: OPORTUNIDADE | Z32: 2 Maq. Escala 11HRS | AA32: ESCALA | AB32: AGD ACIONAMENTO PCM | AC32: 0.45833333 | AH32: =IF(BS_CONTROLE[[#This Row],[Atividade]]=0, "-", BS_CONTROLE[[#This Row],[Atividade]]) -> DESLOCAMENTO | AI32: =IF(BS_CONTROLE[[#This Row],[Atividade]]=0, "-", BS_CONTROLE[[#This Row],[Atividade]]) -> DESLOCAMENTO | AJ32: =BS_CONTROLE[[#This Row],[Local - Partida]] -> ZRU2 | AK32: =BS_CONTROLE[[#This Row],[Local - Encerramento]] -> ZPN | AL32: =IF(BS_CONTROLE[[#This Row],[Entre - Estações]]=0, "-", BS_CONTROLE[[#This Row],[Entre - Estações]]) -> ZRU-ZPN | AM32: =IF(BS_CONTROLE[[#This Row],[SB]]=0, "-", BS_CONTROLE[[#This Row],[SB]]) -> ZRUZPN | AN32: =IF(BS_CONTROLE[[#This Row],[SUB]]=0, "-", BS_CONTROLE[[#This Row],[SUB]]) -> 73 | AO32: =BS_CONTROLE[[#This Row],[KM - Inicio]] -> 202 | AP32: =BS_CONTROLE[[#This Row],[KM - Inicio]] -> 202 | AQ32: 0 | AR32: 0 | AS32: 0 | AX32: =IF(D32="","*",IFERROR(IF(ISODD(COUNT(AR32:AW32)),"ERRO",SUM((AS32-AR32),(AU32-AT32),(AW32-AV32))),"ERRO")) -> 0 | AZ32: 0 | BA32: =IFERROR(_xlfn.XLOOKUP(AH32, BS_ATIVIDADE[ATIVIDADE],BS_ATIVIDADE[UNIDADE] ), "*") -> BINÁRIO | BB32: {=_xlfn.XLOOKUP( 1, ( TabelaMap[SUB] = BS_CONTROLE[[#This Row],[SUB_5]]) * ( TabelaMap[KM Inicio] <= BS_CONTROLE[[#This Row],[KM - ínicio]]) * ( TabelaMap[KM Fim] >= BS_CONTROLE[[#This Row],[KM - ínicio]]), TabelaMap[Gerência], "-", 0 )} -> SP NORTE | BC32: {=_xlfn.XLOOKUP( 1, ( TabelaMap[SUB] = BS_CONTROLE[[#This Row],[SUB_5]]) * ( TabelaMap[KM Inicio] <= BS_CONTROLE[[#This Row],[KM - ínicio]]) * ( TabelaMap[KM Fim] >= BS_CONTROLE[[#This Row],[KM - ínicio]]), TabelaMap[Trecho Coordenação], "-", 0 )} -> ZEB-ZCZ | BD32: {=_xlfn.XLOOKUP( 1, ( TabelaMap[SUB] = BS_CONTROLE[[#This Row],[SUB_5]]) * ( TabelaMap[KM Inicio] <= BS_CONTROLE[[#This Row],[KM - Inicio]]) * ( TabelaMap[KM Fim] >= BS_CONTROLE[[#This Row],[KM - Inicio]]), TabelaMap[NOME SUB], "-", 0 )} -> ARARAQUARA - MARCO INICIAL | BE32: =BS_CONTROLE[[#This Row],[Responsavel pelo boletim]] -> stadler | BG32: 0 | BI32: Sem oportunidade de faixa | BJ32: Sem oportunidade de faixa | BL32: CCO Circulação | BM32: Intervalo Oportunidade | BN32: Sem oportunidade | BO32: Sem oportunidade de faixa | BP32: =IF(AND(BQ32<1,BR32<1),"Produção e Intervalo",IF(BQ32<1,"Intervalo",IF(BR32<1,"Produção","Aderente"))) -> Produção e Intervalo | BQ32: =IF(OR(B32="",E32=""),"*",AX32/O32) -> 0 | BR32: =IF(OR(B32="",E32=""),"*",AZ32/P32) -> 0 | BS32: =IF(BM32="","",SUBSTITUTE(BL32," ","")&SUBSTITUTE(BM32," ","")) -> CCOCirculaçãoIntervaloOportunidade
A33: =D33&B33 -> V8846056 | B33: 46056 | C33: =IF(BS_CONTROLE[[#This Row],[DATA]]="","",WEEKNUM(BS_CONTROLE[[#This Row],[DATA]])) -> 6 | D33: V88 | E33: MECANIZAÇÃO - SOCADORA | F33: =IF(D33="","*",VLOOKUP(E33,BS_ATIVIDADE[],3,FALSE)) -> MECANIZAÇÃO - SOCADORA | G33: ZPN2 | H33: ZPN | I33: 73 | J33: 153.8 | K33: 152 | L33: {=_xlfn.XLOOKUP( 1, ( TabelaMap[SUB] = BS_CONTROLE[[#This Row],[SUB]]) * ( TabelaMap[KM Inicio] <= BS_CONTROLE[[#This Row],[KM - Inicio]]) * ( TabelaMap[KM Fim] >= BS_CONTROLE[[#This Row],[KM - Inicio]]), TabelaMap[Trecho], "-", 0 )} -> ZCV-ZCT | M33: {=_xlfn.XLOOKUP( 1, ( TabelaMap[SUB] = BS_CONTROLE[[#This Row],[SUB]]) * ( TabelaMap[KM Inicio] <= BS_CONTROLE[[#This Row],[KM - Inicio]]) * ( TabelaMap[KM Fim] >= BS_CONTROLE[[#This Row],[KM - Inicio]]), TabelaMap[SB], "-", 0 )} -> 152ZCT | N33: 0.35416667 | O33: 0.25 | P33: 3000 | Q33: =IF(E33=0, "*", IFERROR(_xlfn.XLOOKUP(E33, BS_ATIVIDADE[ATIVIDADE], BS_ATIVIDADE[UNIDADE]), "*")) -> M | R33: {=_xlfn.XLOOKUP( 1, ( TabelaMap[SUB] = BS_CONTROLE[[#This Row],[SUB]]) * ( TabelaMap[KM Inicio] <= BS_CONTROLE[[#This Row],[KM - Inicio]]) * ( TabelaMap[KM Fim] >= BS_CONTROLE[[#This Row],[KM - Inicio]]), TabelaMap[Gerência], "-", 0 )} -> SP NORTE | S33: {=_xlfn.XLOOKUP( 1, ( TabelaMap[SUB] = BS_CONTROLE[[#This Row],[SUB]]) * ( TabelaMap[KM Inicio] <= BS_CONTROLE[[#This Row],[KM - Inicio]]) * ( TabelaMap[KM Fim] >= BS_CONTROLE[[#This Row],[KM - Inicio]]), TabelaMap[Trecho Coordenação], "-", 0 )} -> ZEB-ZCZ | T33: {=_xlfn.XLOOKUP( 1, ( TabelaMap[SUB] = BS_CONTROLE[[#This Row],[SUB]]) * ( TabelaMap[KM Inicio] <= BS_CONTROLE[[#This Row],[KM - Inicio]]) * ( TabelaMap[KM Fim] >= BS_CONTROLE[[#This Row],[KM - Inicio]]), TabelaMap[NOME SUB], "-", 0 )} -> ARARAQUARA - MARCO INICIAL | U33: Antonioni | V33: Socadora Mecanizada | W33: Contrato | X33: OPORTUNIDADE | AH33: =IF(BS_CONTROLE[[#This Row],[Atividade]]=0, "-", BS_CONTROLE[[#This Row],[Atividade]]) -> MECANIZAÇÃO - SOCADORA | AI33: =IF(BS_CONTROLE[[#This Row],[Atividade]]=0, "-", BS_CONTROLE[[#This Row],[Atividade]]) -> MECANIZAÇÃO - SOCADORA | AJ33: =BS_CONTROLE[[#This Row],[Local - Partida]] -> ZPN2 | AK33: =BS_CONTROLE[[#This Row],[Local - Encerramento]] -> ZPN | AL33: =IF(BS_CONTROLE[[#This Row],[Entre - Estações]]=0, "-", BS_CONTROLE[[#This Row],[Entre - Estações]]) -> ZCV-ZCT | AM33: =IF(BS_CONTROLE[[#This Row],[SB]]=0, "-", BS_CONTROLE[[#This Row],[SB]]) -> 152ZCT | AN33: =IF(BS_CONTROLE[[#This Row],[SUB]]=0, "-", BS_CONTROLE[[#This Row],[SUB]]) -> 73 | AO33: =BS_CONTROLE[[#This Row],[KM - Inicio]] -> 153.8 | AP33: =BS_CONTROLE[[#This Row],[KM - Inicio]] -> 153.8 | AQ33: 0.33611111 | AR33: 0 | AS33: 0 | AX33: =IF(D33="","*",IFERROR(IF(ISODD(COUNT(AR33:AW33)),"ERRO",SUM((AS33-AR33),(AU33-AT33),(AW33-AV33))),"ERRO")) -> 0 | AZ33: 0 | BA33: =IFERROR(_xlfn.XLOOKUP(AH33, BS_ATIVIDADE[ATIVIDADE],BS_ATIVIDADE[UNIDADE] ), "*") -> M | BB33: {=_xlfn.XLOOKUP( 1, ( TabelaMap[SUB] = BS_CONTROLE[[#This Row],[SUB_5]]) * ( TabelaMap[KM Inicio] <= BS_CONTROLE[[#This Row],[KM - ínicio]]) * ( TabelaMap[KM Fim] >= BS_CONTROLE[[#This Row],[KM - ínicio]]), TabelaMap[Gerência], "-", 0 )} -> SP NORTE | BC33: {=_xlfn.XLOOKUP( 1, ( TabelaMap[SUB] = BS_CONTROLE[[#This Row],[SUB_5]]) * ( TabelaMap[KM Inicio] <= BS_CONTROLE[[#This Row],[KM - ínicio]]) * ( TabelaMap[KM Fim] >= BS_CONTROLE[[#This Row],[KM - ínicio]]), TabelaMap[Trecho Coordenação], "-", 0 )} -> ZEB-ZCZ | BD33: {=_xlfn.XLOOKUP( 1, ( TabelaMap[SUB] = BS_CONTROLE[[#This Row],[SUB_5]]) * ( TabelaMap[KM Inicio] <= BS_CONTROLE[[#This Row],[KM - Inicio]]) * ( TabelaMap[KM Fim] >= BS_CONTROLE[[#This Row],[KM - Inicio]]), TabelaMap[NOME SUB], "-", 0 )} -> ARARAQUARA - MARCO INICIAL | BG33: 0 | BI33: MC1 08:04, sem oportunidade de faixa | BJ33: MC1 08:04, sem oportunidade de faixa | BL33: CCO Circulação | BM33: Intervalo Contrato | BN33: Fluxo intenso de trens | BO33: MC1 08:04, sem oportunidade de faixa | BP33: =IF(AND(BQ33<1,BR33<1),"Produção e Intervalo",IF(BQ33<1,"Intervalo",IF(BR33<1,"Produção","Aderente"))) -> Produção e Intervalo | BQ33: =IF(OR(B33="",E33=""),"*",AX33/O33) -> 0 | BR33: =IF(OR(B33="",E33=""),"*",AZ33/P33) -> 0 | BS33: =IF(BM33="","",SUBSTITUTE(BL33," ","")&SUBSTITUTE(BM33," ","")) -> CCOCirculaçãoIntervaloContrato
A34: =D34&B34 -> PEDRO (TP-696)46056 | B34: 46056 | C34: =IF(BS_CONTROLE[[#This Row],[DATA]]="","",WEEKNUM(BS_CONTROLE[[#This Row],[DATA]])) -> 6 | D34: PEDRO (TP-696) | E34: PDM - SOLDA | F34: =IF(D34="","*",VLOOKUP(E34,BS_ATIVIDADE[],3,FALSE)) -> SOLDA | G34: - | H34: - | I34: 73 | J34: 102 | K34: - | L34: {=_xlfn.XLOOKUP( 1, ( TabelaMap[SUB] = BS_CONTROLE[[#This Row],[SUB]]) * ( TabelaMap[KM Inicio] <= BS_CONTROLE[[#This Row],[KM - Inicio]]) * ( TabelaMap[KM Fim] >= BS_CONTROLE[[#This Row],[KM - Inicio]]), TabelaMap[Trecho], "-", 0 )} -> ZCZ-ZZF | M34: {=_xlfn.XLOOKUP( 1, ( TabelaMap[SUB] = BS_CONTROLE[[#This Row],[SUB]]) * ( TabelaMap[KM Inicio] <= BS_CONTROLE[[#This Row],[KM - Inicio]]) * ( TabelaMap[KM Fim] >= BS_CONTROLE[[#This Row],[KM - Inicio]]), TabelaMap[SB], "-", 0 )} -> 101ZZF | N34: 0.375 | O34: 0.0625 | P34: 1 | Q34: =IF(E34=0, "*", IFERROR(_xlfn.XLOOKUP(E34, BS_ATIVIDADE[ATIVIDADE], BS_ATIVIDADE[UNIDADE]), "*")) -> Nº DE SOLDA | R34: {=_xlfn.XLOOKUP( 1, ( TabelaMap[SUB] = BS_CONTROLE[[#This Row],[SUB]]) * ( TabelaMap[KM Inicio] <= BS_CONTROLE[[#This Row],[KM - Inicio]]) * ( TabelaMap[KM Fim] >= BS_CONTROLE[[#This Row],[KM - Inicio]]), TabelaMap[Gerência], "-", 0 )} -> SP NORTE | S34: {=_xlfn.XLOOKUP( 1, ( TabelaMap[SUB] = BS_CONTROLE[[#This Row],[SUB]]) * ( TabelaMap[KM Inicio] <= BS_CONTROLE[[#This Row],[KM - Inicio]]) * ( TabelaMap[KM Fim] >= BS_CONTROLE[[#This Row],[KM - Inicio]]), TabelaMap[Trecho Coordenação], "-", 0 )} -> ZEB-ZCZ | T34: {=_xlfn.XLOOKUP( 1, ( TabelaMap[SUB] = BS_CONTROLE[[#This Row],[SUB]]) * ( TabelaMap[KM Inicio] <= BS_CONTROLE[[#This Row],[KM - Inicio]]) * ( TabelaMap[KM Fim] >= BS_CONTROLE[[#This Row],[KM - Inicio]]), TabelaMap[NOME SUB], "-", 0 )} -> ARARAQUARA - MARCO INICIAL | U34: Ronaldo | V34: execução de solda - Condicionado à temperatura | W34: Oportunidade | X34: OPORTUNIDADE | AH34: =IF(BS_CONTROLE[[#This Row],[Atividade]]=0, "-", BS_CONTROLE[[#This Row],[Atividade]]) -> PDM - SOLDA | AI34: =IF(BS_CONTROLE[[#This Row],[Atividade]]=0, "-", BS_CONTROLE[[#This Row],[Atividade]]) -> PDM - SOLDA | AJ34: =BS_CONTROLE[[#This Row],[Local - Partida]] -> - | AK34: =BS_CONTROLE[[#This Row],[Local - Encerramento]] -> - | AL34: =IF(BS_CONTROLE[[#This Row],[Entre - Estações]]=0, "-", BS_CONTROLE[[#This Row],[Entre - Estações]]) -> ZCZ-ZZF | AM34: =IF(BS_CONTROLE[[#This Row],[SB]]=0, "-", BS_CONTROLE[[#This Row],[SB]]) -> 101ZZF | AN34: =IF(BS_CONTROLE[[#This Row],[SUB]]=0, "-", BS_CONTROLE[[#This Row],[SUB]]) -> 73 | AO34: =BS_CONTROLE[[#This Row],[KM - Inicio]] -> 102 | AP34: =BS_CONTROLE[[#This Row],[KM - Inicio]] -> 102 | AQ34: 0.375 | AR34: 0 | AS34: 0 | AX34: =IF(D34="","*",IFERROR(IF(ISODD(COUNT(AR34:AW34)),"ERRO",SUM((AS34-AR34),(AU34-AT34),(AW34-AV34))),"ERRO")) -> 0 | AZ34: 0 | BA34: =IFERROR(_xlfn.XLOOKUP(AH34, BS_ATIVIDADE[ATIVIDADE],BS_ATIVIDADE[UNIDADE] ), "*") -> Nº DE SOLDA | BB34: {=_xlfn.XLOOKUP( 1, ( TabelaMap[SUB] = BS_CONTROLE[[#This Row],[SUB_5]]) * ( TabelaMap[KM Inicio] <= BS_CONTROLE[[#This Row],[KM - ínicio]]) * ( TabelaMap[KM Fim] >= BS_CONTROLE[[#This Row],[KM - ínicio]]), TabelaMap[Gerência], "-", 0 )} -> SP NORTE | BC34: {=_xlfn.XLOOKUP( 1, ( TabelaMap[SUB] = BS_CONTROLE[[#This Row],[SUB_5]]) * ( TabelaMap[KM Inicio] <= BS_CONTROLE[[#This Row],[KM - ínicio]]) * ( TabelaMap[KM Fim] >= BS_CONTROLE[[#This Row],[KM - ínicio]]), TabelaMap[Trecho Coordenação], "-", 0 )} -> ZEB-ZCZ | BD34: {=_xlfn.XLOOKUP( 1, ( TabelaMap[SUB] = BS_CONTROLE[[#This Row],[SUB_5]]) * ( TabelaMap[KM Inicio] <= BS_CONTROLE[[#This Row],[KM - Inicio]]) * ( TabelaMap[KM Fim] >= BS_CONTROLE[[#This Row],[KM - Inicio]]), TabelaMap[NOME SUB], "-", 0 )} -> ARARAQUARA - MARCO INICIAL | BE34: =BS_CONTROLE[[#This Row],[Responsavel pelo boletim]] -> Ronaldo | BG34: 0 | BI34: TP pronta 09hrs , sem oportunidade de faixa | BJ34: TP pronta 09hrs , sem oportunidade de faixa | BL34: CCO Circulação | BM34: Intervalo Oportunidade | BN34: Sem oportunidade | BO34: TP pronta 09hrs , sem oportunidade de faixa | BP34: =IF(AND(BQ34<1,BR34<1),"Produção e Intervalo",IF(BQ34<1,"Intervalo",IF(BR34<1,"Produção","Aderente"))) -> Produção e Intervalo | BQ34: =IF(OR(B34="",E34=""),"*",AX34/O34) -> 0 | BR34: =IF(OR(B34="",E34=""),"*",AZ34/P34) -> 0 | BS34: =IF(BM34="","",SUBSTITUTE(BL34," ","")&SUBSTITUTE(BM34," ","")) -> CCOCirculaçãoIntervaloOportunidade
A35: =D35&B35 -> W4846056 | B35: 46056 | C35: =IF(BS_CONTROLE[[#This Row],[DATA]]="","",WEEKNUM(BS_CONTROLE[[#This Row],[DATA]])) -> 6 | D35: W48 | E35: DESLOCAMENTO | F35: =IF(D35="","*",VLOOKUP(E35,BS_ATIVIDADE[],3,FALSE)) -> OUTROS | G35: ZCZ2 | H35: ZPN | I35: 73 | J35: 90 | K35: 204 | L35: ZCZ-ZRU | M35: ZCZZRU | N35: 0.33333333 | O35: 0.041666667 | P35: 1 | Q35: =IF(E35=0, "*", IFERROR(_xlfn.XLOOKUP(E35, BS_ATIVIDADE[ATIVIDADE], BS_ATIVIDADE[UNIDADE]), "*")) -> BINÁRIO | R35: {=_xlfn.XLOOKUP( 1, ( TabelaMap[SUB] = BS_CONTROLE[[#This Row],[SUB]]) * ( TabelaMap[KM Inicio] <= BS_CONTROLE[[#This Row],[KM - Inicio]]) * ( TabelaMap[KM Fim] >= BS_CONTROLE[[#This Row],[KM - Inicio]]), TabelaMap[Gerência], "-", 0 )} -> SP NORTE | S35: {=_xlfn.XLOOKUP( 1, ( TabelaMap[SUB] = BS_CONTROLE[[#This Row],[SUB]]) * ( TabelaMap[KM Inicio] <= BS_CONTROLE[[#This Row],[KM - Inicio]]) * ( TabelaMap[KM Fim] >= BS_CONTROLE[[#This Row],[KM - Inicio]]), TabelaMap[Trecho Coordenação], "-", 0 )} -> ZCZ-ZTI | T35: {=_xlfn.XLOOKUP( 1, ( TabelaMap[SUB] = BS_CONTROLE[[#This Row],[SUB]]) * ( TabelaMap[KM Inicio] <= BS_CONTROLE[[#This Row],[KM - Inicio]]) * ( TabelaMap[KM Fim] >= BS_CONTROLE[[#This Row],[KM - Inicio]]), TabelaMap[NOME SUB], "-", 0 )} -> ARARAQUARA - MARCO INICIAL | U35: Douglas | V35: Deslocamento de ZCZ-ZRU | W35: Oportunidade | X35: OPORTUNIDADE | AH35: =IF(BS_CONTROLE[[#This Row],[Atividade]]=0, "-", BS_CONTROLE[[#This Row],[Atividade]]) -> DESLOCAMENTO | AI35: =IF(BS_CONTROLE[[#This Row],[Atividade]]=0, "-", BS_CONTROLE[[#This Row],[Atividade]]) -> DESLOCAMENTO | AJ35: =BS_CONTROLE[[#This Row],[Local - Partida]] -> ZCZ2 | AK35: =BS_CONTROLE[[#This Row],[Local - Encerramento]] -> ZPN | AL35: =IF(BS_CONTROLE[[#This Row],[Entre - Estações]]=0, "-", BS_CONTROLE[[#This Row],[Entre - Estações]]) -> ZCZ-ZRU | AM35: =IF(BS_CONTROLE[[#This Row],[SB]]=0, "-", BS_CONTROLE[[#This Row],[SB]]) -> ZCZZRU | AN35: =IF(BS_CONTROLE[[#This Row],[SUB]]=0, "-", BS_CONTROLE[[#This Row],[SUB]]) -> 73 | AO35: =BS_CONTROLE[[#This Row],[KM - Inicio]] -> 90 | AP35: =BS_CONTROLE[[#This Row],[KM - Inicio]] -> 90 | AQ35: 0.43125 | AR35: 0.43194444 | AS35: 0.47361111 | AX35: =IF(D35="","*",IFERROR(IF(ISODD(COUNT(AR35:AW35)),"ERRO",SUM((AS35-AR35),(AU35-AT35),(AW35-AV35))),"ERRO")) -> 0.041666667 | AZ35: 1 | BA35: =IFERROR(_xlfn.XLOOKUP(AH35, BS_ATIVIDADE[ATIVIDADE],BS_ATIVIDADE[UNIDADE] ), "*") -> BINÁRIO | BB35: {=_xlfn.XLOOKUP( 1, ( TabelaMap[SUB] = BS_CONTROLE[[#This Row],[SUB_5]]) * ( TabelaMap[KM Inicio] <= BS_CONTROLE[[#This Row],[KM - ínicio]]) * ( TabelaMap[KM Fim] >= BS_CONTROLE[[#This Row],[KM - ínicio]]), TabelaMap[Gerência], "-", 0 )} -> SP NORTE | BC35: {=_xlfn.XLOOKUP( 1, ( TabelaMap[SUB] = BS_CONTROLE[[#This Row],[SUB_5]]) * ( TabelaMap[KM Inicio] <= BS_CONTROLE[[#This Row],[KM - ínicio]]) * ( TabelaMap[KM Fim] >= BS_CONTROLE[[#This Row],[KM - ínicio]]), TabelaMap[Trecho Coordenação], "-", 0 )} -> ZCZ-ZTI | BD35: {=_xlfn.XLOOKUP( 1, ( TabelaMap[SUB] = BS_CONTROLE[[#This Row],[SUB_5]]) * ( TabelaMap[KM Inicio] <= BS_CONTROLE[[#This Row],[KM - Inicio]]) * ( TabelaMap[KM Fim] >= BS_CONTROLE[[#This Row],[KM - Inicio]]), TabelaMap[NOME SUB], "-", 0 )} -> ARARAQUARA - MARCO INICIAL | BE35: =BS_CONTROLE[[#This Row],[Responsavel pelo boletim]] -> Douglas | BG35: 2 | BI35: MC1 10:21, segue deslocamento de ZCZ-ZPN | BJ35: MC1 10:21, segue deslocamento de ZCZ-ZPN | BL35: OK | BM35: OK | BN35: OK | BO35: - | BP35: =IF(AND(BQ35<1,BR35<1),"Produção e Intervalo",IF(BQ35<1,"Intervalo",IF(BR35<1,"Produção","Aderente"))) -> Intervalo | BQ35: =IF(OR(B35="",E35=""),"*",AX35/O35) -> 1 | BR35: =IF(OR(B35="",E35=""),"*",AZ35/P35) -> 1 | BS35: =IF(BM35="","",SUBSTITUTE(BL35," ","")&SUBSTITUTE(BM35," ","")) -> OKOK
A36: =D36&B36 -> V4046056 | B36: 46056 | C36: =IF(BS_CONTROLE[[#This Row],[DATA]]="","",WEEKNUM(BS_CONTROLE[[#This Row],[DATA]])) -> 6 | D36: V40 | E36: MODERNIZAÇÃO - SOCADORA | F36: =IF(D36="","*",VLOOKUP(E36,BS_ATIVIDADE[],3,FALSE)) -> MODERNIZAÇÃO | G36: ZDGK582 | H36: ZDGK582 | I36: 73 | J36: 55 | K36: 54.5 | L36: {=_xlfn.XLOOKUP( 1, ( TabelaMap[SUB] = BS_CONTROLE[[#This Row],[SUB]]) * ( TabelaMap[KM Inicio] <= BS_CONTROLE[[#This Row],[KM - Inicio]]) * ( TabelaMap[KM Fim] >= BS_CONTROLE[[#This Row],[KM - Inicio]]), TabelaMap[Trecho], "-", 0 )} -> ZDG-ZTN | M36: {=_xlfn.XLOOKUP( 1, ( TabelaMap[SUB] = BS_CONTROLE[[#This Row],[SUB]]) * ( TabelaMap[KM Inicio] <= BS_CONTROLE[[#This Row],[KM - Inicio]]) * ( TabelaMap[KM Fim] >= BS_CONTROLE[[#This Row],[KM - Inicio]]), TabelaMap[SB], "-", 0 )} -> ZDGK58 | N36: 0.33333333 | O36: 0.16666667 | P36: 500 | Q36: =IF(E36=0, "*", IFERROR(_xlfn.XLOOKUP(E36, BS_ATIVIDADE[ATIVIDADE], BS_ATIVIDADE[UNIDADE]), "*")) -> M | R36: {=_xlfn.XLOOKUP( 1, ( TabelaMap[SUB] = BS_CONTROLE[[#This Row],[SUB]]) * ( TabelaMap[KM Inicio] <= BS_CONTROLE[[#This Row],[KM - Inicio]]) * ( TabelaMap[KM Fim] >= BS_CONTROLE[[#This Row],[KM - Inicio]]), TabelaMap[Gerência], "-", 0 )} -> SP NORTE | S36: {=_xlfn.XLOOKUP( 1, ( TabelaMap[SUB] = BS_CONTROLE[[#This Row],[SUB]]) * ( TabelaMap[KM Inicio] <= BS_CONTROLE[[#This Row],[KM - Inicio]]) * ( TabelaMap[KM Fim] >= BS_CONTROLE[[#This Row],[KM - Inicio]]), TabelaMap[Trecho Coordenação], "-", 0 )} -> ZCZ-ZTI | T36: {=_xlfn.XLOOKUP( 1, ( TabelaMap[SUB] = BS_CONTROLE[[#This Row],[SUB]]) * ( TabelaMap[KM Inicio] <= BS_CONTROLE[[#This Row],[KM - Inicio]]) * ( TabelaMap[KM Fim] >= BS_CONTROLE[[#This Row],[KM - Inicio]]), TabelaMap[NOME SUB], "-", 0 )} -> ARARAQUARA - MARCO INICIAL | U36: Luiz Granado | V36: Mecanização Socadora | W36: Contrato | X36: OPORTUNIDADE | AH36: =IF(BS_CONTROLE[[#This Row],[Atividade]]=0, "-", BS_CONTROLE[[#This Row],[Atividade]]) -> MODERNIZAÇÃO - SOCADORA | AI36: =IF(BS_CONTROLE[[#This Row],[Atividade]]=0, "-", BS_CONTROLE[[#This Row],[Atividade]]) -> MODERNIZAÇÃO - SOCADORA | AJ36: =BS_CONTROLE[[#This Row],[Local - Partida]] -> ZDGK582 | AK36: =BS_CONTROLE[[#This Row],[Local - Encerramento]] -> ZDGK582 | AL36: =IF(BS_CONTROLE[[#This Row],[Entre - Estações]]=0, "-", BS_CONTROLE[[#This Row],[Entre - Estações]]) -> ZDG-ZTN | AM36: =IF(BS_CONTROLE[[#This Row],[SB]]=0, "-", BS_CONTROLE[[#This Row],[SB]]) -> ZDGK58 | AN36: =IF(BS_CONTROLE[[#This Row],[SUB]]=0, "-", BS_CONTROLE[[#This Row],[SUB]]) -> 73 | AO36: =BS_CONTROLE[[#This Row],[KM - Inicio]] -> 55 | AP36: =BS_CONTROLE[[#This Row],[KM - Inicio]] -> 55 | AQ36: 0.34791667 | AR36: 0 | AS36: 0 | AX36: =IF(D36="","*",IFERROR(IF(ISODD(COUNT(AR36:AW36)),"ERRO",SUM((AS36-AR36),(AU36-AT36),(AW36-AV36))),"ERRO")) -> 0 | AZ36: 0 | BA36: =IFERROR(_xlfn.XLOOKUP(AH36, BS_ATIVIDADE[ATIVIDADE],BS_ATIVIDADE[UNIDADE] ), "*") -> M | BB36: {=_xlfn.XLOOKUP( 1, ( TabelaMap[SUB] = BS_CONTROLE[[#This Row],[SUB_5]]) * ( TabelaMap[KM Inicio] <= BS_CONTROLE[[#This Row],[KM - ínicio]]) * ( TabelaMap[KM Fim] >= BS_CONTROLE[[#This Row],[KM - ínicio]]), TabelaMap[Gerência], "-", 0 )} -> SP NORTE | BC36: {=_xlfn.XLOOKUP( 1, ( TabelaMap[SUB] = BS_CONTROLE[[#This Row],[SUB_5]]) * ( TabelaMap[KM Inicio] <= BS_CONTROLE[[#This Row],[KM - ínicio]]) * ( TabelaMap[KM Fim] >= BS_CONTROLE[[#This Row],[KM - ínicio]]), TabelaMap[Trecho Coordenação], "-", 0 )} -> ZCZ-ZTI | BD36: {=_xlfn.XLOOKUP( 1, ( TabelaMap[SUB] = BS_CONTROLE[[#This Row],[SUB_5]]) * ( TabelaMap[KM Inicio] <= BS_CONTROLE[[#This Row],[KM - Inicio]]) * ( TabelaMap[KM Fim] >= BS_CONTROLE[[#This Row],[KM - Inicio]]), TabelaMap[NOME SUB], "-", 0 )} -> ARARAQUARA - MARCO INICIAL | BE36: =BS_CONTROLE[[#This Row],[Responsavel pelo boletim]] -> Luiz Granado | BG36: 0 | BI36: MC1 08:21, sem oportunidade de faixa | BJ36: MC1 08:21, sem oportunidade de faixa | BL36: CCO Circulação | BM36: Intervalo Contrato | BN36: Fluxo intenso de trens | BO36: MC1 08:21, sem oportunidade de faixa | BP36: =IF(AND(BQ36<1,BR36<1),"Produção e Intervalo",IF(BQ36<1,"Intervalo",IF(BR36<1,"Produção","Aderente"))) -> Produção e Intervalo | BQ36: =IF(OR(B36="",E36=""),"*",AX36/O36) -> 0 | BR36: =IF(OR(B36="",E36=""),"*",AZ36/P36) -> 0 | BS36: =IF(BM36="","",SUBSTITUTE(BL36," ","")&SUBSTITUTE(BM36," ","")) -> CCOCirculaçãoIntervaloContrato
A37: =D37&B37 -> JULIO (TF-648)46056 | B37: 46056 | C37: =IF(BS_CONTROLE[[#This Row],[DATA]]="","",WEEKNUM(BS_CONTROLE[[#This Row],[DATA]])) -> 6 | D37: JULIO (TF-648) | E37: PDM - AMV - MEIA CHAVE | F37: =IF(D37="","*",VLOOKUP(E37,BS_ATIVIDADE[],3,FALSE)) -> AMV | G37: - | H37: - | I37: 73 | J37: 54.8 | K37: - | L37: {=_xlfn.XLOOKUP( 1, ( TabelaMap[SUB] = BS_CONTROLE[[#This Row],[SUB]]) * ( TabelaMap[KM Inicio] <= BS_CONTROLE[[#This Row],[KM - Inicio]]) * ( TabelaMap[KM Fim] >= BS_CONTROLE[[#This Row],[KM - Inicio]]), TabelaMap[Trecho], "-", 0 )} -> ZDG-ZTN | M37: ZDGPATN | N37: 0.375 | O37: 0.083333333 | P37: 1 | Q37: =IF(E37=0, "*", IFERROR(_xlfn.XLOOKUP(E37, BS_ATIVIDADE[ATIVIDADE], BS_ATIVIDADE[UNIDADE]), "*")) -> Nº DE PEÇAS | R37: {=_xlfn.XLOOKUP( 1, ( TabelaMap[SUB] = BS_CONTROLE[[#This Row],[SUB]]) * ( TabelaMap[KM Inicio] <= BS_CONTROLE[[#This Row],[KM - Inicio]]) * ( TabelaMap[KM Fim] >= BS_CONTROLE[[#This Row],[KM - Inicio]]), TabelaMap[Gerência], "-", 0 )} -> SP NORTE | S37: {=_xlfn.XLOOKUP( 1, ( TabelaMap[SUB] = BS_CONTROLE[[#This Row],[SUB]]) * ( TabelaMap[KM Inicio] <= BS_CONTROLE[[#This Row],[KM - Inicio]]) * ( TabelaMap[KM Fim] >= BS_CONTROLE[[#This Row],[KM - Inicio]]), TabelaMap[Trecho Coordenação], "-", 0 )} -> ZCZ-ZTI | T37: {=_xlfn.XLOOKUP( 1, ( TabelaMap[SUB] = BS_CONTROLE[[#This Row],[SUB]]) * ( TabelaMap[KM Inicio] <= BS_CONTROLE[[#This Row],[KM - Inicio]]) * ( TabelaMap[KM Fim] >= BS_CONTROLE[[#This Row],[KM - Inicio]]), TabelaMap[NOME SUB], "-", 0 )} -> ARARAQUARA - MARCO INICIAL | U37: Carlos Eduardo | V37: Troca de meia chave (ZDGPAT NORTE) | W37: Oportunidade | X37: OPORTUNIDADE | AH37: =IF(BS_CONTROLE[[#This Row],[Atividade]]=0, "-", BS_CONTROLE[[#This Row],[Atividade]]) -> PDM - AMV - MEIA CHAVE | AI37: =IF(BS_CONTROLE[[#This Row],[Atividade]]=0, "-", BS_CONTROLE[[#This Row],[Atividade]]) -> PDM - AMV - MEIA CHAVE | AJ37: =BS_CONTROLE[[#This Row],[Local - Partida]] -> - | AK37: =BS_CONTROLE[[#This Row],[Local - Encerramento]] -> - | AL37: =IF(BS_CONTROLE[[#This Row],[Entre - Estações]]=0, "-", BS_CONTROLE[[#This Row],[Entre - Estações]]) -> ZDG-ZTN | AM37: =IF(BS_CONTROLE[[#This Row],[SB]]=0, "-", BS_CONTROLE[[#This Row],[SB]]) -> ZDGPATN | AN37: =IF(BS_CONTROLE[[#This Row],[SUB]]=0, "-", BS_CONTROLE[[#This Row],[SUB]]) -> 73 | AO37: =BS_CONTROLE[[#This Row],[KM - Inicio]] -> 54.8 | AP37: =BS_CONTROLE[[#This Row],[KM - Inicio]] -> 54.8 | AQ37: 0 | AR37: 0 | AS37: 0 | AX37: =IF(D37="","*",IFERROR(IF(ISODD(COUNT(AR37:AW37)),"ERRO",SUM((AS37-AR37),(AU37-AT37),(AW37-AV37))),"ERRO")) -> 0 | AZ37: 0 | BA37: =IFERROR(_xlfn.XLOOKUP(AH37, BS_ATIVIDADE[ATIVIDADE],BS_ATIVIDADE[UNIDADE] ), "*") -> Nº DE PEÇAS | BB37: {=_xlfn.XLOOKUP( 1, ( TabelaMap[SUB] = BS_CONTROLE[[#This Row],[SUB_5]]) * ( TabelaMap[KM Inicio] <= BS_CONTROLE[[#This Row],[KM - ínicio]]) * ( TabelaMap[KM Fim] >= BS_CONTROLE[[#This Row],[KM - ínicio]]), TabelaMap[Gerência], "-", 0 )} -> SP NORTE | BC37: {=_xlfn.XLOOKUP( 1, ( TabelaMap[SUB] = BS_CONTROLE[[#This Row],[SUB_5]]) * ( TabelaMap[KM Inicio] <= BS_CONTROLE[[#This Row],[KM - ínicio]]) * ( TabelaMap[KM Fim] >= BS_CONTROLE[[#This Row],[KM - ínicio]]), TabelaMap[Trecho Coordenação], "-", 0 )} -> ZCZ-ZTI | BD37: {=_xlfn.XLOOKUP( 1, ( TabelaMap[SUB] = BS_CONTROLE[[#This Row],[SUB_5]]) * ( TabelaMap[KM Inicio] <= BS_CONTROLE[[#This Row],[KM - Inicio]]) * ( TabelaMap[KM Fim] >= BS_CONTROLE[[#This Row],[KM - Inicio]]), TabelaMap[NOME SUB], "-", 0 )} -> ARARAQUARA - MARCO INICIAL | BE37: =BS_CONTROLE[[#This Row],[Responsavel pelo boletim]] -> Carlos Eduardo | BG37: 0 | BI37: Devido atraso da TP pronta previsão 12hrs , sem oportunidade de faixa | BJ37: Devido atraso da TP pronta previsão 12hrs , sem oportunidade de faixa | BL37: Super | BM37: Execução | BN37: Erro de programação | BO37: Devido atraso da TP pronta previsão 12hrs , sem oportunidade de faixa | BP37: =IF(AND(BQ37<1,BR37<1),"Produção e Intervalo",IF(BQ37<1,"Intervalo",IF(BR37<1,"Produção","Aderente"))) -> Produção e Intervalo | BQ37: =IF(OR(B37="",E37=""),"*",AX37/O37) -> 0 | BR37: =IF(OR(B37="",E37=""),"*",AZ37/P37) -> 0 | BS37: =IF(BM37="","",SUBSTITUTE(BL37," ","")&SUBSTITUTE(BM37," ","")) -> SuperExecução
A38: =D38&B38 -> E4046056 | B38: 46056 | C38: =IF(BS_CONTROLE[[#This Row],[DATA]]="","",WEEKNUM(BS_CONTROLE[[#This Row],[DATA]])) -> 6 | D38: E40 | E38: DESLOCAMENTO | F38: =IF(D38="","*",VLOOKUP(E38,BS_ATIVIDADE[],3,FALSE)) -> OUTROS | G38: ZMA2 | H38: ZSD | I38: 73 | J38: 42 | K38: 115 | L38: ZMA-ZSD | M38: ZMAZSD | N38: 0.39583333 | O38: 0.041666667 | P38: 1 | Q38: =IF(E38=0, "*", IFERROR(_xlfn.XLOOKUP(E38, BS_ATIVIDADE[ATIVIDADE], BS_ATIVIDADE[UNIDADE]), "*")) -> BINÁRIO | R38: {=_xlfn.XLOOKUP( 1, ( TabelaMap[SUB] = BS_CONTROLE[[#This Row],[SUB]]) * ( TabelaMap[KM Inicio] <= BS_CONTROLE[[#This Row],[KM - Inicio]]) * ( TabelaMap[KM Fim] >= BS_CONTROLE[[#This Row],[KM - Inicio]]), TabelaMap[Gerência], "-", 0 )} -> SP NORTE | S38: {=_xlfn.XLOOKUP( 1, ( TabelaMap[SUB] = BS_CONTROLE[[#This Row],[SUB]]) * ( TabelaMap[KM Inicio] <= BS_CONTROLE[[#This Row],[KM - Inicio]]) * ( TabelaMap[KM Fim] >= BS_CONTROLE[[#This Row],[KM - Inicio]]), TabelaMap[Trecho Coordenação], "-", 0 )} -> ZCZ-ZTI | T38: {=_xlfn.XLOOKUP( 1, ( TabelaMap[SUB] = BS_CONTROLE[[#This Row],[SUB]]) * ( TabelaMap[KM Inicio] <= BS_CONTROLE[[#This Row],[KM - Inicio]]) * ( TabelaMap[KM Fim] >= BS_CONTROLE[[#This Row],[KM - Inicio]]), TabelaMap[NOME SUB], "-", 0 )} -> ARARAQUARA - MARCO INICIAL | U38: Douglas | V38: Deslocamento de ZMA-ZVP | W38: Oportunidade | X38: OPORTUNIDADE | Z38: 2 Maq. Escala | AA38: ESCALA | AB38: AGD ACIONAMENTO PCM | AH38: =IF(BS_CONTROLE[[#This Row],[Atividade]]=0, "-", BS_CONTROLE[[#This Row],[Atividade]]) -> DESLOCAMENTO | AI38: =IF(BS_CONTROLE[[#This Row],[Atividade]]=0, "-", BS_CONTROLE[[#This Row],[Atividade]]) -> DESLOCAMENTO | AJ38: =BS_CONTROLE[[#This Row],[Local - Partida]] -> ZMA2 | AK38: =BS_CONTROLE[[#This Row],[Local - Encerramento]] -> ZSD | AL38: =IF(BS_CONTROLE[[#This Row],[Entre - Estações]]=0, "-", BS_CONTROLE[[#This Row],[Entre - Estações]]) -> ZMA-ZSD | AM38: =IF(BS_CONTROLE[[#This Row],[SB]]=0, "-", BS_CONTROLE[[#This Row],[SB]]) -> ZMAZSD | AN38: =IF(BS_CONTROLE[[#This Row],[SUB]]=0, "-", BS_CONTROLE[[#This Row],[SUB]]) -> 73 | AO38: =BS_CONTROLE[[#This Row],[KM - Inicio]] -> 42 | AP38: =BS_CONTROLE[[#This Row],[KM - Inicio]] -> 42 | AQ38: 0.50486111 | AR38: 0.56805556 | AS38: 0.60972222 | AX38: =IF(D38="","*",IFERROR(IF(ISODD(COUNT(AR38:AW38)),"ERRO",SUM((AS38-AR38),(AU38-AT38),(AW38-AV38))),"ERRO")) -> 0.041666667 | AZ38: 1 | BA38: =IFERROR(_xlfn.XLOOKUP(AH38, BS_ATIVIDADE[ATIVIDADE],BS_ATIVIDADE[UNIDADE] ), "*") -> BINÁRIO | BB38: {=_xlfn.XLOOKUP( 1, ( TabelaMap[SUB] = BS_CONTROLE[[#This Row],[SUB_5]]) * ( TabelaMap[KM Inicio] <= BS_CONTROLE[[#This Row],[KM - ínicio]]) * ( TabelaMap[KM Fim] >= BS_CONTROLE[[#This Row],[KM - ínicio]]), TabelaMap[Gerência], "-", 0 )} -> SP NORTE | BC38: {=_xlfn.XLOOKUP( 1, ( TabelaMap[SUB] = BS_CONTROLE[[#This Row],[SUB_5]]) * ( TabelaMap[KM Inicio] <= BS_CONTROLE[[#This Row],[KM - ínicio]]) * ( TabelaMap[KM Fim] >= BS_CONTROLE[[#This Row],[KM - ínicio]]), TabelaMap[Trecho Coordenação], "-", 0 )} -> ZCZ-ZTI | BD38: {=_xlfn.XLOOKUP( 1, ( TabelaMap[SUB] = BS_CONTROLE[[#This Row],[SUB_5]]) * ( TabelaMap[KM Inicio] <= BS_CONTROLE[[#This Row],[KM - Inicio]]) * ( TabelaMap[KM Fim] >= BS_CONTROLE[[#This Row],[KM - Inicio]]), TabelaMap[NOME SUB], "-", 0 )} -> ARARAQUARA - MARCO INICIAL | BE38: Douglas | BG38: 2 | BI38: Segue deslocamento ZMA-ZSD | BJ38: Segue deslocamento ZMA-ZSD | BL38: OK | BM38: OK | BN38: OK | BP38: =IF(AND(BQ38<1,BR38<1),"Produção e Intervalo",IF(BQ38<1,"Intervalo",IF(BR38<1,"Produção","Aderente"))) -> Aderente | BQ38: =IF(OR(B38="",E38=""),"*",AX38/O38) -> 1 | BR38: =IF(OR(B38="",E38=""),"*",AZ38/P38) -> 1 | BS38: =IF(BM38="","",SUBSTITUTE(BL38," ","")&SUBSTITUTE(BM38," ","")) -> OKOK
A39: =D39&B39 -> W9246056 | B39: 46056 | C39: =IF(BS_CONTROLE[[#This Row],[DATA]]="","",WEEKNUM(BS_CONTROLE[[#This Row],[DATA]])) -> 6 | D39: W92 | E39: PDM - DESCARGA - DORMENTE | F39: =IF(D39="","*",VLOOKUP(E39,BS_ATIVIDADE[],3,FALSE)) -> DORMENTE - DESCARGA | G39: ZAR2 | H39: ZAR2 | I39: 73 | J39: 16 | K39: 18 | L39: {=_xlfn.XLOOKUP( 1, ( TabelaMap[SUB] = BS_CONTROLE[[#This Row],[SUB]]) * ( TabelaMap[KM Inicio] <= BS_CONTROLE[[#This Row],[KM - Inicio]]) * ( TabelaMap[KM Fim] >= BS_CONTROLE[[#This Row],[KM - Inicio]]), TabelaMap[Trecho], "-", 0 )} -> ZZR-ZDZ | M39: {=_xlfn.XLOOKUP( 1, ( TabelaMap[SUB] = BS_CONTROLE[[#This Row],[SUB]]) * ( TabelaMap[KM Inicio] <= BS_CONTROLE[[#This Row],[KM - Inicio]]) * ( TabelaMap[KM Fim] >= BS_CONTROLE[[#This Row],[KM - Inicio]]), TabelaMap[SB], "-", 0 )} -> K14K18 | N39: 0.35416667 | O39: 0.125 | P39: 1000 | Q39: =IF(E39=0, "*", IFERROR(_xlfn.XLOOKUP(E39, BS_ATIVIDADE[ATIVIDADE], BS_ATIVIDADE[UNIDADE]), "*")) -> Nº DE DORMENTES | R39: {=_xlfn.XLOOKUP( 1, ( TabelaMap[SUB] = BS_CONTROLE[[#This Row],[SUB]]) * ( TabelaMap[KM Inicio] <= BS_CONTROLE[[#This Row],[KM - Inicio]]) * ( TabelaMap[KM Fim] >= BS_CONTROLE[[#This Row],[KM - Inicio]]), TabelaMap[Gerência], "-", 0 )} -> SP NORTE | S39: {=_xlfn.XLOOKUP( 1, ( TabelaMap[SUB] = BS_CONTROLE[[#This Row],[SUB]]) * ( TabelaMap[KM Inicio] <= BS_CONTROLE[[#This Row],[KM - Inicio]]) * ( TabelaMap[KM Fim] >= BS_CONTROLE[[#This Row],[KM - Inicio]]), TabelaMap[Trecho Coordenação], "-", 0 )} -> ZCZ-ZTI | T39: {=_xlfn.XLOOKUP( 1, ( TabelaMap[SUB] = BS_CONTROLE[[#This Row],[SUB]]) * ( TabelaMap[KM Inicio] <= BS_CONTROLE[[#This Row],[KM - Inicio]]) * ( TabelaMap[KM Fim] >= BS_CONTROLE[[#This Row],[KM - Inicio]]), TabelaMap[NOME SUB], "-", 0 )} -> ARARAQUARA - MARCO INICIAL | U39: Gabriel | V39: Descarga de dormentes km 16+000 ao km 16+000 em K14K18 600 dor. 01h30 + descarga no km 34+000 400 dor. K30K36 01:30 | W39: Oportunidade | X39: OPORTUNIDADE | Z39: Jose Carlo + Roberto | AA39: FIXO | AB39: ACIONAMENTO | AC39: 0.29166667 | AD39: 769 | AE39: 9320 / 7679 | AF39: 17 | AH39: =IF(BS_CONTROLE[[#This Row],[Atividade]]=0, "-", BS_CONTROLE[[#This Row],[Atividade]]) -> PDM - DESCARGA - DORMENTE | AI39: =IF(BS_CONTROLE[[#This Row],[Atividade]]=0, "-", BS_CONTROLE[[#This Row],[Atividade]]) -> PDM - DESCARGA - DORMENTE | AJ39: =BS_CONTROLE[[#This Row],[Local - Partida]] -> ZAR2 | AK39: =BS_CONTROLE[[#This Row],[Local - Encerramento]] -> ZAR2 | AL39: =IF(BS_CONTROLE[[#This Row],[Entre - Estações]]=0, "-", BS_CONTROLE[[#This Row],[Entre - Estações]]) -> ZZR-ZDZ | AM39: =IF(BS_CONTROLE[[#This Row],[SB]]=0, "-", BS_CONTROLE[[#This Row],[SB]]) -> K14K18 | AN39: =IF(BS_CONTROLE[[#This Row],[SUB]]=0, "-", BS_CONTROLE[[#This Row],[SUB]]) -> 73 | AO39: =BS_CONTROLE[[#This Row],[KM - Inicio]] -> 16 | AP39: =BS_CONTROLE[[#This Row],[KM - Inicio]] -> 16 | AQ39: 0 | AR39: 0 | AS39: 0 | AX39: =IF(D39="","*",IFERROR(IF(ISODD(COUNT(AR39:AW39)),"ERRO",SUM((AS39-AR39),(AU39-AT39),(AW39-AV39))),"ERRO")) -> 0 | AZ39: 0 | BA39: =IFERROR(_xlfn.XLOOKUP(AH39, BS_ATIVIDADE[ATIVIDADE],BS_ATIVIDADE[UNIDADE] ), "*") -> Nº DE DORMENTES | BB39: {=_xlfn.XLOOKUP( 1, ( TabelaMap[SUB] = BS_CONTROLE[[#This Row],[SUB_5]]) * ( TabelaMap[KM Inicio] <= BS_CONTROLE[[#This Row],[KM - ínicio]]) * ( TabelaMap[KM Fim] >= BS_CONTROLE[[#This Row],[KM - ínicio]]), TabelaMap[Gerência], "-", 0 )} -> SP NORTE | BC39: {=_xlfn.XLOOKUP( 1, ( TabelaMap[SUB] = BS_CONTROLE[[#This Row],[SUB_5]]) * ( TabelaMap[KM Inicio] <= BS_CONTROLE[[#This Row],[KM - ínicio]]) * ( TabelaMap[KM Fim] >= BS_CONTROLE[[#This Row],[KM - ínicio]]), TabelaMap[Trecho Coordenação], "-", 0 )} -> ZCZ-ZTI | BD39: {=_xlfn.XLOOKUP( 1, ( TabelaMap[SUB] = BS_CONTROLE[[#This Row],[SUB_5]]) * ( TabelaMap[KM Inicio] <= BS_CONTROLE[[#This Row],[KM - Inicio]]) * ( TabelaMap[KM Fim] >= BS_CONTROLE[[#This Row],[KM - Inicio]]), TabelaMap[NOME SUB], "-", 0 )} -> ARARAQUARA - MARCO INICIAL | BE39: =BS_CONTROLE[[#This Row],[Responsavel pelo boletim]] -> Gabriel | BG39: 0 | BI39: Sem oportunidade de faixa | BJ39: Sem oportunidade de faixa | BL39: CCO Circulação | BM39: Intervalo Oportunidade | BN39: Sem oportunidade | BO39: Sem oportunidade de faixa | BP39: =IF(AND(BQ39<1,BR39<1),"Produção e Intervalo",IF(BQ39<1,"Intervalo",IF(BR39<1,"Produção","Aderente"))) -> Produção e Intervalo | BQ39: =IF(OR(B39="",E39=""),"*",AX39/O39) -> 0 | BR39: =IF(OR(B39="",E39=""),"*",AZ39/P39) -> 0 | BS39: =IF(BM39="","",SUBSTITUTE(BL39," ","")&SUBSTITUTE(BM39," ","")) -> CCOCirculaçãoIntervaloOportunidade
A40: =D40&B40 -> ANTÔNIO (TP-713)46056 | B40: 46056 | C40: =IF(BS_CONTROLE[[#This Row],[DATA]]="","",WEEKNUM(BS_CONTROLE[[#This Row],[DATA]])) -> 6 | D40: ANTÔNIO (TP-713) | E40: PDM - SOLDA | F40: =IF(D40="","*",VLOOKUP(E40,BS_ATIVIDADE[],3,FALSE)) -> SOLDA | G40: - | H40: - | I40: 73 | J40: 15.6 | K40: - | L40: {=_xlfn.XLOOKUP( 1, ( TabelaMap[SUB] = BS_CONTROLE[[#This Row],[SUB]]) * ( TabelaMap[KM Inicio] <= BS_CONTROLE[[#This Row],[KM - Inicio]]) * ( TabelaMap[KM Fim] >= BS_CONTROLE[[#This Row],[KM - Inicio]]), TabelaMap[Trecho], "-", 0 )} -> ZZR-ZDZ | M40: {=_xlfn.XLOOKUP( 1, ( TabelaMap[SUB] = BS_CONTROLE[[#This Row],[SUB]]) * ( TabelaMap[KM Inicio] <= BS_CONTROLE[[#This Row],[KM - Inicio]]) * ( TabelaMap[KM Fim] >= BS_CONTROLE[[#This Row],[KM - Inicio]]), TabelaMap[SB], "-", 0 )} -> K14K18 | N40: 0.375 | O40: 0.0625 | P40: 1 | Q40: =IF(E40=0, "*", IFERROR(_xlfn.XLOOKUP(E40, BS_ATIVIDADE[ATIVIDADE], BS_ATIVIDADE[UNIDADE]), "*")) -> Nº DE SOLDA | R40: {=_xlfn.XLOOKUP( 1, ( TabelaMap[SUB] = BS_CONTROLE[[#This Row],[SUB]]) * ( TabelaMap[KM Inicio] <= BS_CONTROLE[[#This Row],[KM - Inicio]]) * ( TabelaMap[KM Fim] >= BS_CONTROLE[[#This Row],[KM - Inicio]]), TabelaMap[Gerência], "-", 0 )} -> SP NORTE | S40: {=_xlfn.XLOOKUP( 1, ( TabelaMap[SUB] = BS_CONTROLE[[#This Row],[SUB]]) * ( TabelaMap[KM Inicio] <= BS_CONTROLE[[#This Row],[KM - Inicio]]) * ( TabelaMap[KM Fim] >= BS_CONTROLE[[#This Row],[KM - Inicio]]), TabelaMap[Trecho Coordenação], "-", 0 )} -> ZCZ-ZTI | T40: {=_xlfn.XLOOKUP( 1, ( TabelaMap[SUB] = BS_CONTROLE[[#This Row],[SUB]]) * ( TabelaMap[KM Inicio] <= BS_CONTROLE[[#This Row],[KM - Inicio]]) * ( TabelaMap[KM Fim] >= BS_CONTROLE[[#This Row],[KM - Inicio]]), TabelaMap[NOME SUB], "-", 0 )} -> ARARAQUARA - MARCO INICIAL | U40: CArlos Eduardo | V40: execução de solda - Condicionado à temperatura | W40: Oportunidade | X40: OPORTUNIDADE | AH40: =IF(BS_CONTROLE[[#This Row],[Atividade]]=0, "-", BS_CONTROLE[[#This Row],[Atividade]]) -> PDM - SOLDA | AI40: =IF(BS_CONTROLE[[#This Row],[Atividade]]=0, "-", BS_CONTROLE[[#This Row],[Atividade]]) -> PDM - SOLDA | AJ40: =BS_CONTROLE[[#This Row],[Local - Partida]] -> - | AK40: =BS_CONTROLE[[#This Row],[Local - Encerramento]] -> - | AL40: =IF(BS_CONTROLE[[#This Row],[Entre - Estações]]=0, "-", BS_CONTROLE[[#This Row],[Entre - Estações]]) -> ZZR-ZDZ | AM40: =IF(BS_CONTROLE[[#This Row],[SB]]=0, "-", BS_CONTROLE[[#This Row],[SB]]) -> K14K18 | AN40: =IF(BS_CONTROLE[[#This Row],[SUB]]=0, "-", BS_CONTROLE[[#This Row],[SUB]]) -> 73 | AO40: =BS_CONTROLE[[#This Row],[KM - Inicio]] -> 15.6 | AP40: =BS_CONTROLE[[#This Row],[KM - Inicio]] -> 15.6 | AQ40: 0.43055556 | AR40: 0 | AS40: 0 | AX40: =IF(D40="","*",IFERROR(IF(ISODD(COUNT(AR40:AW40)),"ERRO",SUM((AS40-AR40),(AU40-AT40),(AW40-AV40))),"ERRO")) -> 0 | AZ40: 0 | BA40: =IFERROR(_xlfn.XLOOKUP(AH40, BS_ATIVIDADE[ATIVIDADE],BS_ATIVIDADE[UNIDADE] ), "*") -> Nº DE SOLDA | BB40: {=_xlfn.XLOOKUP( 1, ( TabelaMap[SUB] = BS_CONTROLE[[#This Row],[SUB_5]]) * ( TabelaMap[KM Inicio] <= BS_CONTROLE[[#This Row],[KM - ínicio]]) * ( TabelaMap[KM Fim] >= BS_CONTROLE[[#This Row],[KM - ínicio]]), TabelaMap[Gerência], "-", 0 )} -> SP NORTE | BC40: {=_xlfn.XLOOKUP( 1, ( TabelaMap[SUB] = BS_CONTROLE[[#This Row],[SUB_5]]) * ( TabelaMap[KM Inicio] <= BS_CONTROLE[[#This Row],[KM - ínicio]]) * ( TabelaMap[KM Fim] >= BS_CONTROLE[[#This Row],[KM - ínicio]]), TabelaMap[Trecho Coordenação], "-", 0 )} -> ZCZ-ZTI | BD40: {=_xlfn.XLOOKUP( 1, ( TabelaMap[SUB] = BS_CONTROLE[[#This Row],[SUB_5]]) * ( TabelaMap[KM Inicio] <= BS_CONTROLE[[#This Row],[KM - Inicio]]) * ( TabelaMap[KM Fim] >= BS_CONTROLE[[#This Row],[KM - Inicio]]), TabelaMap[NOME SUB], "-", 0 )} -> ARARAQUARA - MARCO INICIAL | BE40: =BS_CONTROLE[[#This Row],[Responsavel pelo boletim]] -> CArlos Eduardo | BG40: 0 | BI40: TP pronta 10:20, sem oportunidade de faixa | BJ40: TP pronta 10:20, sem oportunidade de faixa | BL40: CCO Circulação | BM40: Intervalo Oportunidade | BN40: Sem oportunidade | BO40: TP pronta 10:20, sem oportunidade de faixa | BP40: =IF(AND(BQ40<1,BR40<1),"Produção e Intervalo",IF(BQ40<1,"Intervalo",IF(BR40<1,"Produção","Aderente"))) -> Produção e Intervalo | BQ40: =IF(OR(B40="",E40=""),"*",AX40/O40) -> 0 | BR40: =IF(OR(B40="",E40=""),"*",AZ40/P40) -> 0 | BS40: =IF(BM40="","",SUBSTITUTE(BL40," ","")&SUBSTITUTE(BM40," ","")) -> CCOCirculaçãoIntervaloOportunidade
A41: =D41&B41 -> W99 | C41: =IF(BS_CONTROLE[[#This Row],[DATA]]="","",WEEKNUM(BS_CONTROLE[[#This Row],[DATA]])) | D41: W99 | E41: DESLOCAMENTO | F41: =IF(D41="","*",VLOOKUP(E41,BS_ATIVIDADE[],3,FALSE)) -> OUTROS | G41: ZTO2 | H41: ZMA | I41: 73 | J41: 7 | K41: 42 | L41: ZTO-ZMA | M41: ZTOZMA | N41: 0.375 | O41: 0.041666667 | P41: 1 | Q41: =IF(E41=0, "*", IFERROR(_xlfn.XLOOKUP(E41, BS_ATIVIDADE[ATIVIDADE], BS_ATIVIDADE[UNIDADE]), "*")) -> BINÁRIO | R41: {=_xlfn.XLOOKUP( 1, ( TabelaMap[SUB] = BS_CONTROLE[[#This Row],[SUB]]) * ( TabelaMap[KM Inicio] <= BS_CONTROLE[[#This Row],[KM - Inicio]]) * ( TabelaMap[KM Fim] >= BS_CONTROLE[[#This Row],[KM - Inicio]]), TabelaMap[Gerência], "-", 0 )} -> SP NORTE | S41: {=_xlfn.XLOOKUP( 1, ( TabelaMap[SUB] = BS_CONTROLE[[#This Row],[SUB]]) * ( TabelaMap[KM Inicio] <= BS_CONTROLE[[#This Row],[KM - Inicio]]) * ( TabelaMap[KM Fim] >= BS_CONTROLE[[#This Row],[KM - Inicio]]), TabelaMap[Trecho Coordenação], "-", 0 )} -> ZCZ-ZTI | T41: {=_xlfn.XLOOKUP( 1, ( TabelaMap[SUB] = BS_CONTROLE[[#This Row],[SUB]]) * ( TabelaMap[KM Inicio] <= BS_CONTROLE[[#This Row],[KM - Inicio]]) * ( TabelaMap[KM Fim] >= BS_CONTROLE[[#This Row],[KM - Inicio]]), TabelaMap[NOME SUB], "-", 0 )} -> ARARAQUARA - MARCO INICIAL | U41: Luiz Granado | V41: Deslocamento ZTO-ZMA, so vai sair caso o trilheiro sai de ZMA linha3 | W41: Oportunidade | Z41: 1 Maq. Escala 07hrs | AA41: ESCALA | AB41: AGD ACIONAMENTO PCM | AC41: 0.29166667 | AH41: =IF(BS_CONTROLE[[#This Row],[Atividade]]=0, "-", BS_CONTROLE[[#This Row],[Atividade]]) -> DESLOCAMENTO | AI41: =IF(BS_CONTROLE[[#This Row],[Atividade]]=0, "-", BS_CONTROLE[[#This Row],[Atividade]]) -> DESLOCAMENTO | AJ41: =BS_CONTROLE[[#This Row],[Local - Partida]] -> ZTO2 | AK41: =BS_CONTROLE[[#This Row],[Local - Encerramento]] -> ZMA | AL41: =IF(BS_CONTROLE[[#This Row],[Entre - Estações]]=0, "-", BS_CONTROLE[[#This Row],[Entre - Estações]]) -> ZTO-ZMA | AM41: =IF(BS_CONTROLE[[#This Row],[SB]]=0, "-", BS_CONTROLE[[#This Row],[SB]]) -> ZTOZMA | AN41: =IF(BS_CONTROLE[[#This Row],[SUB]]=0, "-", BS_CONTROLE[[#This Row],[SUB]]) -> 73 | AO41: =BS_CONTROLE[[#This Row],[KM - Inicio]] -> 7 | AP41: =BS_CONTROLE[[#This Row],[KM - Inicio]] -> 7 | AX41: =IF(D41="","*",IFERROR(IF(ISODD(COUNT(AR41:AW41)),"ERRO",SUM((AS41-AR41),(AU41-AT41),(AW41-AV41))),"ERRO")) -> 0 | BA41: =IFERROR(_xlfn.XLOOKUP(AH41, BS_ATIVIDADE[ATIVIDADE],BS_ATIVIDADE[UNIDADE] ), "*") -> BINÁRIO | BB41: {=_xlfn.XLOOKUP( 1, ( TabelaMap[SUB] = BS_CONTROLE[[#This Row],[SUB_5]]) * ( TabelaMap[KM Inicio] <= BS_CONTROLE[[#This Row],[KM - ínicio]]) * ( TabelaMap[KM Fim] >= BS_CONTROLE[[#This Row],[KM - ínicio]]), TabelaMap[Gerência], "-", 0 )} -> SP NORTE | BC41: {=_xlfn.XLOOKUP( 1, ( TabelaMap[SUB] = BS_CONTROLE[[#This Row],[SUB_5]]) * ( TabelaMap[KM Inicio] <= BS_CONTROLE[[#This Row],[KM - ínicio]]) * ( TabelaMap[KM Fim] >= BS_CONTROLE[[#This Row],[KM - ínicio]]), TabelaMap[Trecho Coordenação], "-", 0 )} -> ZCZ-ZTI | BD41: {=_xlfn.XLOOKUP( 1, ( TabelaMap[SUB] = BS_CONTROLE[[#This Row],[SUB_5]]) * ( TabelaMap[KM Inicio] <= BS_CONTROLE[[#This Row],[KM - Inicio]]) * ( TabelaMap[KM Fim] >= BS_CONTROLE[[#This Row],[KM - Inicio]]), TabelaMap[NOME SUB], "-", 0 )} -> ARARAQUARA - MARCO INICIAL | BE41: =BS_CONTROLE[[#This Row],[Responsavel pelo boletim]] -> Luiz Granado | BP41: =IF(AND(BQ41<1,BR41<1),"Produção e Intervalo",IF(BQ41<1,"Intervalo",IF(BR41<1,"Produção","Aderente"))) -> Aderente | BQ41: =IF(OR(B41="",E41=""),"*",AX41/O41) -> * | BR41: =IF(OR(B41="",E41=""),"*",AZ41/P41) -> * | BS41: =IF(BM41="","",SUBSTITUTE(BL41," ","")&SUBSTITUTE(BM41," ",""))
A42: =D42&B42 -> W9746056 | B42: 46056 | C42: =IF(BS_CONTROLE[[#This Row],[DATA]]="","",WEEKNUM(BS_CONTROLE[[#This Row],[DATA]])) -> 6 | D42: W97 | E42: DESLOCAMENTO | F42: =IF(D42="","*",VLOOKUP(E42,BS_ATIVIDADE[],3,FALSE)) -> OUTROS | G42: ZTO2 | H42: ZEM | I42: 73 | J42: 7 | K42: - | L42: ZTO-ZEM | M42: ZTOZEM | N42: 0.375 | O42: 0.041666667 | P42: 1 | Q42: =IF(E42=0, "*", IFERROR(_xlfn.XLOOKUP(E42, BS_ATIVIDADE[ATIVIDADE], BS_ATIVIDADE[UNIDADE]), "*")) -> BINÁRIO | R42: {=_xlfn.XLOOKUP( 1, ( TabelaMap[SUB] = BS_CONTROLE[[#This Row],[SUB]]) * ( TabelaMap[KM Inicio] <= BS_CONTROLE[[#This Row],[KM - Inicio]]) * ( TabelaMap[KM Fim] >= BS_CONTROLE[[#This Row],[KM - Inicio]]), TabelaMap[Gerência], "-", 0 )} -> SP NORTE | S42: {=_xlfn.XLOOKUP( 1, ( TabelaMap[SUB] = BS_CONTROLE[[#This Row],[SUB]]) * ( TabelaMap[KM Inicio] <= BS_CONTROLE[[#This Row],[KM - Inicio]]) * ( TabelaMap[KM Fim] >= BS_CONTROLE[[#This Row],[KM - Inicio]]), TabelaMap[Trecho Coordenação], "-", 0 )} -> ZCZ-ZTI | T42: {=_xlfn.XLOOKUP( 1, ( TabelaMap[SUB] = BS_CONTROLE[[#This Row],[SUB]]) * ( TabelaMap[KM Inicio] <= BS_CONTROLE[[#This Row],[KM - Inicio]]) * ( TabelaMap[KM Fim] >= BS_CONTROLE[[#This Row],[KM - Inicio]]), TabelaMap[NOME SUB], "-", 0 )} -> ARARAQUARA - MARCO INICIAL | U42: Guilherme | V42: Deslocamento de ZTO-ZEM | W42: Oportunidade | X42: OPORTUNIDADE | Z42: Juninho - De ZRX até ZEM escala | AA42: ESCALA | AH42: =IF(BS_CONTROLE[[#This Row],[Atividade]]=0, "-", BS_CONTROLE[[#This Row],[Atividade]]) -> DESLOCAMENTO | AI42: =IF(BS_CONTROLE[[#This Row],[Atividade]]=0, "-", BS_CONTROLE[[#This Row],[Atividade]]) -> DESLOCAMENTO | AJ42: =BS_CONTROLE[[#This Row],[Local - Partida]] -> ZTO2 | AK42: =BS_CONTROLE[[#This Row],[Local - Encerramento]] -> ZEM | AL42: =IF(BS_CONTROLE[[#This Row],[Entre - Estações]]=0, "-", BS_CONTROLE[[#This Row],[Entre - Estações]]) -> ZTO-ZEM | AM42: =IF(BS_CONTROLE[[#This Row],[SB]]=0, "-", BS_CONTROLE[[#This Row],[SB]]) -> ZTOZEM | AN42: =IF(BS_CONTROLE[[#This Row],[SUB]]=0, "-", BS_CONTROLE[[#This Row],[SUB]]) -> 73 | AO42: =BS_CONTROLE[[#This Row],[KM - Inicio]] -> 7 | AP42: =BS_CONTROLE[[#This Row],[KM - Inicio]] -> 7 | AQ42: 0 | AR42: 0 | AS42: 0 | AX42: =IF(D42="","*",IFERROR(IF(ISODD(COUNT(AR42:AW42)),"ERRO",SUM((AS42-AR42),(AU42-AT42),(AW42-AV42))),"ERRO")) -> 0 | AZ42: 0 | BA42: =IFERROR(_xlfn.XLOOKUP(AH42, BS_ATIVIDADE[ATIVIDADE],BS_ATIVIDADE[UNIDADE] ), "*") -> BINÁRIO | BB42: {=_xlfn.XLOOKUP( 1, ( TabelaMap[SUB] = BS_CONTROLE[[#This Row],[SUB_5]]) * ( TabelaMap[KM Inicio] <= BS_CONTROLE[[#This Row],[KM - ínicio]]) * ( TabelaMap[KM Fim] >= BS_CONTROLE[[#This Row],[KM - ínicio]]), TabelaMap[Gerência], "-", 0 )} -> SP NORTE | BC42: {=_xlfn.XLOOKUP( 1, ( TabelaMap[SUB] = BS_CONTROLE[[#This Row],[SUB_5]]) * ( TabelaMap[KM Inicio] <= BS_CONTROLE[[#This Row],[KM - ínicio]]) * ( TabelaMap[KM Fim] >= BS_CONTROLE[[#This Row],[KM - ínicio]]), TabelaMap[Trecho Coordenação], "-", 0 )} -> ZCZ-ZTI | BD42: {=_xlfn.XLOOKUP( 1, ( TabelaMap[SUB] = BS_CONTROLE[[#This Row],[SUB_5]]) * ( TabelaMap[KM Inicio] <= BS_CONTROLE[[#This Row],[KM - Inicio]]) * ( TabelaMap[KM Fim] >= BS_CONTROLE[[#This Row],[KM - Inicio]]), TabelaMap[NOME SUB], "-", 0 )} -> ARARAQUARA - MARCO INICIAL | BG42: 0 | BI42: Sem oportunidade de faixa | BJ42: Sem oportunidade de faixa | BL42: CCO Circulação | BM42: Intervalo Oportunidade | BN42: Sem oportunidade | BO42: Sem oportunidade de faixa | BP42: =IF(AND(BQ42<1,BR42<1),"Produção e Intervalo",IF(BQ42<1,"Intervalo",IF(BR42<1,"Produção","Aderente"))) -> Produção e Intervalo | BQ42: =IF(OR(B42="",E42=""),"*",AX42/O42) -> 0 | BR42: =IF(OR(B42="",E42=""),"*",AZ42/P42) -> 0 | BS42: =IF(BM42="","",SUBSTITUTE(BL42," ","")&SUBSTITUTE(BM42," ","")) -> CCOCirculaçãoIntervaloOportunidade
A43: =D43&B43 -> V8346056 | B43: 46056 | C43: =IF(BS_CONTROLE[[#This Row],[DATA]]="","",WEEKNUM(BS_CONTROLE[[#This Row],[DATA]])) -> 6 | D43: V83 | E43: MECANIZAÇÃO - SOCADORA | F43: =IF(D43="","*",VLOOKUP(E43,BS_ATIVIDADE[],3,FALSE)) -> MECANIZAÇÃO - SOCADORA | G43: ZIQ2 | H43: ZIQ | I43: 70 | J43: 139.3 | K43: 139 | L43: {=_xlfn.XLOOKUP( 1, ( TabelaMap[SUB] = BS_CONTROLE[[#This Row],[SUB]]) * ( TabelaMap[KM Inicio] <= BS_CONTROLE[[#This Row],[KM - Inicio]]) * ( TabelaMap[KM Fim] >= BS_CONTROLE[[#This Row],[KM - Inicio]]), TabelaMap[Trecho], "-", 0 )} -> ZRQ-ZQX | M43: {=_xlfn.XLOOKUP( 1, ( TabelaMap[SUB] = BS_CONTROLE[[#This Row],[SUB]]) * ( TabelaMap[KM Inicio] <= BS_CONTROLE[[#This Row],[KM - Inicio]]) * ( TabelaMap[KM Fim] >= BS_CONTROLE[[#This Row],[KM - Inicio]]), TabelaMap[SB], "-", 0 )} -> 139ZQX1 | N43: 0.35416667 | O43: 0.083333333 | P43: 300 | Q43: =IF(E43=0, "*", IFERROR(_xlfn.XLOOKUP(E43, BS_ATIVIDADE[ATIVIDADE], BS_ATIVIDADE[UNIDADE]), "*")) -> M | R43: {=_xlfn.XLOOKUP( 1, ( TabelaMap[SUB] = BS_CONTROLE[[#This Row],[SUB]]) * ( TabelaMap[KM Inicio] <= BS_CONTROLE[[#This Row],[KM - Inicio]]) * ( TabelaMap[KM Fim] >= BS_CONTROLE[[#This Row],[KM - Inicio]]), TabelaMap[Gerência], "-", 0 )} -> SP NORTE | S43: {=_xlfn.XLOOKUP( 1, ( TabelaMap[SUB] = BS_CONTROLE[[#This Row],[SUB]]) * ( TabelaMap[KM Inicio] <= BS_CONTROLE[[#This Row],[KM - Inicio]]) * ( TabelaMap[KM Fim] >= BS_CONTROLE[[#This Row],[KM - Inicio]]), TabelaMap[Trecho Coordenação], "-", 0 )} -> ZRX-ZTI | T43: {=_xlfn.XLOOKUP( 1, ( TabelaMap[SUB] = BS_CONTROLE[[#This Row],[SUB]]) * ( TabelaMap[KM Inicio] <= BS_CONTROLE[[#This Row],[KM - Inicio]]) * ( TabelaMap[KM Fim] >= BS_CONTROLE[[#This Row],[KM - Inicio]]), TabelaMap[NOME SUB], "-", 0 )} -> RECANTO - ITIRAPINA (L1 PRINCIPAL) | U43: Antonioni | V43: Socadora Mecanizada | W43: Oportunidade | X43: OPORTUNIDADE | AH43: =IF(BS_CONTROLE[[#This Row],[Atividade]]=0, "-", BS_CONTROLE[[#This Row],[Atividade]]) -> MECANIZAÇÃO - SOCADORA | AI43: =IF(BS_CONTROLE[[#This Row],[Atividade]]=0, "-", BS_CONTROLE[[#This Row],[Atividade]]) -> MECANIZAÇÃO - SOCADORA | AJ43: =BS_CONTROLE[[#This Row],[Local - Partida]] -> ZIQ2 | AK43: =BS_CONTROLE[[#This Row],[Local - Encerramento]] -> ZIQ | AL43: =IF(BS_CONTROLE[[#This Row],[Entre - Estações]]=0, "-", BS_CONTROLE[[#This Row],[Entre - Estações]]) -> ZRQ-ZQX | AM43: =IF(BS_CONTROLE[[#This Row],[SB]]=0, "-", BS_CONTROLE[[#This Row],[SB]]) -> 139ZQX1 | AN43: =IF(BS_CONTROLE[[#This Row],[SUB]]=0, "-", BS_CONTROLE[[#This Row],[SUB]]) -> 70 | AO43: =BS_CONTROLE[[#This Row],[KM - Inicio]] -> 139.3 | AP43: =BS_CONTROLE[[#This Row],[KM - Inicio]] -> 139.3 | AQ43: 0 | AR43: 0 | AS43: 0 | AX43: =IF(D43="","*",IFERROR(IF(ISODD(COUNT(AR43:AW43)),"ERRO",SUM((AS43-AR43),(AU43-AT43),(AW43-AV43))),"ERRO")) -> 0 | AZ43: 0 | BA43: =IFERROR(_xlfn.XLOOKUP(AH43, BS_ATIVIDADE[ATIVIDADE],BS_ATIVIDADE[UNIDADE] ), "*") -> M | BB43: {=_xlfn.XLOOKUP( 1, ( TabelaMap[SUB] = BS_CONTROLE[[#This Row],[SUB_5]]) * ( TabelaMap[KM Inicio] <= BS_CONTROLE[[#This Row],[KM - ínicio]]) * ( TabelaMap[KM Fim] >= BS_CONTROLE[[#This Row],[KM - ínicio]]), TabelaMap[Gerência], "-", 0 )} -> SP NORTE | BC43: {=_xlfn.XLOOKUP( 1, ( TabelaMap[SUB] = BS_CONTROLE[[#This Row],[SUB_5]]) * ( TabelaMap[KM Inicio] <= BS_CONTROLE[[#This Row],[KM - ínicio]]) * ( TabelaMap[KM Fim] >= BS_CONTROLE[[#This Row],[KM - ínicio]]), TabelaMap[Trecho Coordenação], "-", 0 )} -> ZRX-ZTI | BD43: {=_xlfn.XLOOKUP( 1, ( TabelaMap[SUB] = BS_CONTROLE[[#This Row],[SUB_5]]) * ( TabelaMap[KM Inicio] <= BS_CONTROLE[[#This Row],[KM - Inicio]]) * ( TabelaMap[KM Fim] >= BS_CONTROLE[[#This Row],[KM - Inicio]]), TabelaMap[NOME SUB], "-", 0 )} -> RECANTO - ITIRAPINA (L1 PRINCIPAL) | BG43: 0 | BI43: Sem oportunidade de faixa | BJ43: Sem oportunidade de faixa | BL43: CCO Circulação | BM43: Intervalo Oportunidade | BN43: Sem oportunidade | BO43: Sem oportunidade de faixa | BP43: =IF(AND(BQ43<1,BR43<1),"Produção e Intervalo",IF(BQ43<1,"Intervalo",IF(BR43<1,"Produção","Aderente"))) -> Produção e Intervalo | BQ43: =IF(OR(B43="",E43=""),"*",AX43/O43) -> 0 | BR43: =IF(OR(B43="",E43=""),"*",AZ43/P43) -> 0 | BS43: =IF(BM43="","",SUBSTITUTE(BL43," ","")&SUBSTITUTE(BM43," ","")) -> CCOCirculaçãoIntervaloOportunidade
A44: =D44&B44 | C44: =IF(BS_CONTROLE[[#This Row],[DATA]]="","",WEEKNUM(BS_CONTROLE[[#This Row],[DATA]])) | F44: =IF(D44="","*",VLOOKUP(E44,BS_ATIVIDADE[],3,FALSE)) -> * | L44: {=_xlfn.XLOOKUP( 1, ( TabelaMap[SUB] = BS_CONTROLE[[#This Row],[SUB]]) * ( TabelaMap[KM Inicio] <= BS_CONTROLE[[#This Row],[KM - Inicio]]) * ( TabelaMap[KM Fim] >= BS_CONTROLE[[#This Row],[KM - Inicio]]), TabelaMap[Trecho], "-", 0 )} -> - | M44: {=_xlfn.XLOOKUP( 1, ( TabelaMap[SUB] = BS_CONTROLE[[#This Row],[SUB]]) * ( TabelaMap[KM Inicio] <= BS_CONTROLE[[#This Row],[KM - Inicio]]) * ( TabelaMap[KM Fim] >= BS_CONTROLE[[#This Row],[KM - Inicio]]), TabelaMap[SB], "-", 0 )} -> - | Q44: =IF(E44=0, "*", IFERROR(_xlfn.XLOOKUP(E44, BS_ATIVIDADE[ATIVIDADE], BS_ATIVIDADE[UNIDADE]), "*")) -> * | R44: {=_xlfn.XLOOKUP( 1, ( TabelaMap[SUB] = BS_CONTROLE[[#This Row],[SUB]]) * ( TabelaMap[KM Inicio] <= BS_CONTROLE[[#This Row],[KM - Inicio]]) * ( TabelaMap[KM Fim] >= BS_CONTROLE[[#This Row],[KM - Inicio]]), TabelaMap[Gerência], "-", 0 )} -> - | S44: {=_xlfn.XLOOKUP( 1, ( TabelaMap[SUB] = BS_CONTROLE[[#This Row],[SUB]]) * ( TabelaMap[KM Inicio] <= BS_CONTROLE[[#This Row],[KM - Inicio]]) * ( TabelaMap[KM Fim] >= BS_CONTROLE[[#This Row],[KM - Inicio]]), TabelaMap[Trecho Coordenação], "-", 0 )} -> - | T44: {=_xlfn.XLOOKUP( 1, ( TabelaMap[SUB] = BS_CONTROLE[[#This Row],[SUB]]) * ( TabelaMap[KM Inicio] <= BS_CONTROLE[[#This Row],[KM - Inicio]]) * ( TabelaMap[KM Fim] >= BS_CONTROLE[[#This Row],[KM - Inicio]]), TabelaMap[NOME SUB], "-", 0 )} -> - | AH44: =IF(BS_CONTROLE[[#This Row],[Atividade]]=0, "-", BS_CONTROLE[[#This Row],[Atividade]]) -> - | AI44: =IF(BS_CONTROLE[[#This Row],[Atividade]]=0, "-", BS_CONTROLE[[#This Row],[Atividade]]) -> - | AJ44: =BS_CONTROLE[[#This Row],[Local - Partida]] -> 0 | AK44: =BS_CONTROLE[[#This Row],[Local - Encerramento]] -> 0 | AL44: =IF(BS_CONTROLE[[#This Row],[Entre - Estações]]=0, "-", BS_CONTROLE[[#This Row],[Entre - Estações]]) -> - | AM44: =IF(BS_CONTROLE[[#This Row],[SB]]=0, "-", BS_CONTROLE[[#This Row],[SB]]) -> - | AN44: =IF(BS_CONTROLE[[#This Row],[SUB]]=0, "-", BS_CONTROLE[[#This Row],[SUB]]) -> - | AO44: =BS_CONTROLE[[#This Row],[KM - Inicio]] -> 0 | AP44: =BS_CONTROLE[[#This Row],[KM - Inicio]] -> 0 | AX44: =IF(D44="","*",IFERROR(IF(ISODD(COUNT(AR44:AW44)),"ERRO",SUM((AS44-AR44),(AU44-AT44),(AW44-AV44))),"ERRO")) -> * | BA44: =IFERROR(_xlfn.XLOOKUP(AH44, BS_ATIVIDADE[ATIVIDADE],BS_ATIVIDADE[UNIDADE] ), "*") -> * | BB44: {=_xlfn.XLOOKUP( 1, ( TabelaMap[SUB] = BS_CONTROLE[[#This Row],[SUB_5]]) * ( TabelaMap[KM Inicio] <= BS_CONTROLE[[#This Row],[KM - ínicio]]) * ( TabelaMap[KM Fim] >= BS_CONTROLE[[#This Row],[KM - ínicio]]), TabelaMap[Gerência], "-", 0 )} -> - | BC44: {=_xlfn.XLOOKUP( 1, ( TabelaMap[SUB] = BS_CONTROLE[[#This Row],[SUB_5]]) * ( TabelaMap[KM Inicio] <= BS_CONTROLE[[#This Row],[KM - ínicio]]) * ( TabelaMap[KM Fim] >= BS_CONTROLE[[#This Row],[KM - ínicio]]), TabelaMap[Trecho Coordenação], "-", 0 )} -> - | BD44: {=_xlfn.XLOOKUP( 1, ( TabelaMap[SUB] = BS_CONTROLE[[#This Row],[SUB_5]]) * ( TabelaMap[KM Inicio] <= BS_CONTROLE[[#This Row],[KM - Inicio]]) * ( TabelaMap[KM Fim] >= BS_CONTROLE[[#This Row],[KM - Inicio]]), TabelaMap[NOME SUB], "-", 0 )} -> - | BP44: =IF(AND(BQ44<1,BR44<1),"Produção e Intervalo",IF(BQ44<1,"Intervalo",IF(BR44<1,"Produção","Aderente"))) -> Aderente | BQ44: =IF(OR(B44="",E44=""),"*",AX44/O44) -> * | BR44: =IF(OR(B44="",E44=""),"*",AZ44/P44) -> * | BS44: =IF(BM44="","",SUBSTITUTE(BL44," ","")&SUBSTITUTE(BM44," ",""))
A45: =D45&B45 | C45: =IF(BS_CONTROLE[[#This Row],[DATA]]="","",WEEKNUM(BS_CONTROLE[[#This Row],[DATA]])) | F45: =IF(D45="","*",VLOOKUP(E45,BS_ATIVIDADE[],3,FALSE)) -> * | L45: {=_xlfn.XLOOKUP( 1, ( TabelaMap[SUB] = BS_CONTROLE[[#This Row],[SUB]]) * ( TabelaMap[KM Inicio] <= BS_CONTROLE[[#This Row],[KM - Inicio]]) * ( TabelaMap[KM Fim] >= BS_CONTROLE[[#This Row],[KM - Inicio]]), TabelaMap[Trecho], "-", 0 )} -> - | M45: {=_xlfn.XLOOKUP( 1, ( TabelaMap[SUB] = BS_CONTROLE[[#This Row],[SUB]]) * ( TabelaMap[KM Inicio] <= BS_CONTROLE[[#This Row],[KM - Inicio]]) * ( TabelaMap[KM Fim] >= BS_CONTROLE[[#This Row],[KM - Inicio]]), TabelaMap[SB], "-", 0 )} -> - | Q45: =IF(E45=0, "*", IFERROR(_xlfn.XLOOKUP(E45, BS_ATIVIDADE[ATIVIDADE], BS_ATIVIDADE[UNIDADE]), "*")) -> * | R45: {=_xlfn.XLOOKUP( 1, ( TabelaMap[SUB] = BS_CONTROLE[[#This Row],[SUB]]) * ( TabelaMap[KM Inicio] <= BS_CONTROLE[[#This Row],[KM - Inicio]]) * ( TabelaMap[KM Fim] >= BS_CONTROLE[[#This Row],[KM - Inicio]]), TabelaMap[Gerência], "-", 0 )} -> - | S45: {=_xlfn.XLOOKUP( 1, ( TabelaMap[SUB] = BS_CONTROLE[[#This Row],[SUB]]) * ( TabelaMap[KM Inicio] <= BS_CONTROLE[[#This Row],[KM - Inicio]]) * ( TabelaMap[KM Fim] >= BS_CONTROLE[[#This Row],[KM - Inicio]]), TabelaMap[Trecho Coordenação], "-", 0 )} -> - | T45: {=_xlfn.XLOOKUP( 1, ( TabelaMap[SUB] = BS_CONTROLE[[#This Row],[SUB]]) * ( TabelaMap[KM Inicio] <= BS_CONTROLE[[#This Row],[KM - Inicio]]) * ( TabelaMap[KM Fim] >= BS_CONTROLE[[#This Row],[KM - Inicio]]), TabelaMap[NOME SUB], "-", 0 )} -> - | AH45: =IF(BS_CONTROLE[[#This Row],[Atividade]]=0, "-", BS_CONTROLE[[#This Row],[Atividade]]) -> - | AI45: =IF(BS_CONTROLE[[#This Row],[Atividade]]=0, "-", BS_CONTROLE[[#This Row],[Atividade]]) -> - | AJ45: =BS_CONTROLE[[#This Row],[Local - Partida]] -> 0 | AK45: =BS_CONTROLE[[#This Row],[Local - Encerramento]] -> 0 | AL45: =IF(BS_CONTROLE[[#This Row],[Entre - Estações]]=0, "-", BS_CONTROLE[[#This Row],[Entre - Estações]]) -> - | AM45: =IF(BS_CONTROLE[[#This Row],[SB]]=0, "-", BS_CONTROLE[[#This Row],[SB]]) -> - | AN45: =IF(BS_CONTROLE[[#This Row],[SUB]]=0, "-", BS_CONTROLE[[#This Row],[SUB]]) -> - | AO45: =BS_CONTROLE[[#This Row],[KM - Inicio]] -> 0 | AP45: =BS_CONTROLE[[#This Row],[KM - Inicio]] -> 0 | AX45: =IF(D45="","*",IFERROR(IF(ISODD(COUNT(AR45:AW45)),"ERRO",SUM((AS45-AR45),(AU45-AT45),(AW45-AV45))),"ERRO")) -> * | BA45: =IFERROR(_xlfn.XLOOKUP(AH45, BS_ATIVIDADE[ATIVIDADE],BS_ATIVIDADE[UNIDADE] ), "*") -> * | BB45: {=_xlfn.XLOOKUP( 1, ( TabelaMap[SUB] = BS_CONTROLE[[#This Row],[SUB_5]]) * ( TabelaMap[KM Inicio] <= BS_CONTROLE[[#This Row],[KM - ínicio]]) * ( TabelaMap[KM Fim] >= BS_CONTROLE[[#This Row],[KM - ínicio]]), TabelaMap[Gerência], "-", 0 )} -> - | BC45: {=_xlfn.XLOOKUP( 1, ( TabelaMap[SUB] = BS_CONTROLE[[#This Row],[SUB_5]]) * ( TabelaMap[KM Inicio] <= BS_CONTROLE[[#This Row],[KM - ínicio]]) * ( TabelaMap[KM Fim] >= BS_CONTROLE[[#This Row],[KM - ínicio]]), TabelaMap[Trecho Coordenação], "-", 0 )} -> - | BD45: {=_xlfn.XLOOKUP( 1, ( TabelaMap[SUB] = BS_CONTROLE[[#This Row],[SUB_5]]) * ( TabelaMap[KM Inicio] <= BS_CONTROLE[[#This Row],[KM - Inicio]]) * ( TabelaMap[KM Fim] >= BS_CONTROLE[[#This Row],[KM - Inicio]]), TabelaMap[NOME SUB], "-", 0 )} -> - | BP45: =IF(AND(BQ45<1,BR45<1),"Produção e Intervalo",IF(BQ45<1,"Intervalo",IF(BR45<1,"Produção","Aderente"))) -> Aderente | BQ45: =IF(OR(B45="",E45=""),"*",AX45/O45) -> * | BR45: =IF(OR(B45="",E45=""),"*",AZ45/P45) -> * | BS45: =IF(BM45="","",SUBSTITUTE(BL45," ","")&SUBSTITUTE(BM45," ",""))
A46: =D46&B46 -> W5746057 | B46: 46057 | C46: =IF(BS_CONTROLE[[#This Row],[DATA]]="","",WEEKNUM(BS_CONTROLE[[#This Row],[DATA]])) -> 6 | D46: W57 | E46: RECOLHIMENTO DE MATERIAL | F46: =IF(D46="","*",VLOOKUP(E46,BS_ATIVIDADE[],3,FALSE)) -> OUTROS | G46: ZJA2 | H46: ZJA2 | I46: 73 | J46: 379 | K46: 375 | L46: {=_xlfn.XLOOKUP( 1, ( TabelaMap[SUB] = BS_CONTROLE[[#This Row],[SUB]]) * ( TabelaMap[KM Inicio] <= BS_CONTROLE[[#This Row],[KM - Inicio]]) * ( TabelaMap[KM Fim] >= BS_CONTROLE[[#This Row],[KM - Inicio]]), TabelaMap[Trecho], "-", 0 )} -> ZJA-ZUR | M46: {=_xlfn.XLOOKUP( 1, ( TabelaMap[SUB] = BS_CONTROLE[[#This Row],[SUB]]) * ( TabelaMap[KM Inicio] <= BS_CONTROLE[[#This Row],[KM - Inicio]]) * ( TabelaMap[KM Fim] >= BS_CONTROLE[[#This Row],[KM - Inicio]]), TabelaMap[Trecho], "-", 0 )} -> ZJA-ZUR | N46: 0.375 | O46: 0.083333333 | P46: 700 | Q46: =IF(E46=0, "*", IFERROR(_xlfn.XLOOKUP(E46, BS_ATIVIDADE[ATIVIDADE], BS_ATIVIDADE[UNIDADE]), "*")) -> BINÁRIO | R46: {=_xlfn.XLOOKUP( 1, ( TabelaMap[SUB] = BS_CONTROLE[[#This Row],[SUB]]) * ( TabelaMap[KM Inicio] <= BS_CONTROLE[[#This Row],[KM - Inicio]]) * ( TabelaMap[KM Fim] >= BS_CONTROLE[[#This Row],[KM - Inicio]]), TabelaMap[Gerência], "-", 0 )} -> SP NORTE | S46: {=_xlfn.XLOOKUP( 1, ( TabelaMap[SUB] = BS_CONTROLE[[#This Row],[SUB]]) * ( TabelaMap[KM Inicio] <= BS_CONTROLE[[#This Row],[KM - Inicio]]) * ( TabelaMap[KM Fim] >= BS_CONTROLE[[#This Row],[KM - Inicio]]), TabelaMap[Trecho Coordenação], "-", 0 )} -> TMI-ZEB | T46: {=_xlfn.XLOOKUP( 1, ( TabelaMap[SUB] = BS_CONTROLE[[#This Row],[SUB]]) * ( TabelaMap[KM Inicio] <= BS_CONTROLE[[#This Row],[KM - Inicio]]) * ( TabelaMap[KM Fim] >= BS_CONTROLE[[#This Row],[KM - Inicio]]), TabelaMap[NOME SUB], "-", 0 )} -> ARARAQUARA - MARCO INICIAL | U46: Ronaldo | V46: Recolhimento de dormentes inservÍveis | W46: Oportunidade | X46: OPORTUNIDADE | Z46: Clayton + Larocca | AA46: FIXO | AB46: ACIONAMENTO | AC46: 0.33333333 | AD46: 9374 | AE46: - | AF46: - | AH46: =IF(BS_CONTROLE[[#This Row],[Atividade]]=0, "-", BS_CONTROLE[[#This Row],[Atividade]]) -> RECOLHIMENTO DE MATERIAL | AI46: =IF(BS_CONTROLE[[#This Row],[Atividade]]=0, "-", BS_CONTROLE[[#This Row],[Atividade]]) -> RECOLHIMENTO DE MATERIAL | AJ46: =BS_CONTROLE[[#This Row],[Local - Partida]] -> ZJA2 | AK46: =BS_CONTROLE[[#This Row],[Local - Encerramento]] -> ZJA2 | AL46: =IF(BS_CONTROLE[[#This Row],[Entre - Estações]]=0, "-", BS_CONTROLE[[#This Row],[Entre - Estações]]) -> ZJA-ZUR | AM46: =IF(BS_CONTROLE[[#This Row],[SB]]=0, "-", BS_CONTROLE[[#This Row],[SB]]) -> ZJA-ZUR | AN46: =IF(BS_CONTROLE[[#This Row],[SUB]]=0, "-", BS_CONTROLE[[#This Row],[SUB]]) -> 73 | AO46: =BS_CONTROLE[[#This Row],[KM - Inicio]] -> 379 | AP46: =BS_CONTROLE[[#This Row],[KM - Inicio]] -> 379 | AQ46: 0 | AR46: 0 | AS46: 0 | AX46: =IF(D46="","*",IFERROR(IF(ISODD(COUNT(AR46:AW46)),"ERRO",SUM((AS46-AR46),(AU46-AT46),(AW46-AV46))),"ERRO")) -> 0 | AZ46: 0 | BA46: =IFERROR(_xlfn.XLOOKUP(AH46, BS_ATIVIDADE[ATIVIDADE],BS_ATIVIDADE[UNIDADE] ), "*") -> BINÁRIO | BB46: {=_xlfn.XLOOKUP( 1, ( TabelaMap[SUB] = BS_CONTROLE[[#This Row],[SUB_5]]) * ( TabelaMap[KM Inicio] <= BS_CONTROLE[[#This Row],[KM - ínicio]]) * ( TabelaMap[KM Fim] >= BS_CONTROLE[[#This Row],[KM - ínicio]]), TabelaMap[Gerência], "-", 0 )} -> SP NORTE | BC46: {=_xlfn.XLOOKUP( 1, ( TabelaMap[SUB] = BS_CONTROLE[[#This Row],[SUB_5]]) * ( TabelaMap[KM Inicio] <= BS_CONTROLE[[#This Row],[KM - ínicio]]) * ( TabelaMap[KM Fim] >= BS_CONTROLE[[#This Row],[KM - ínicio]]), TabelaMap[Trecho Coordenação], "-", 0 )} -> TMI-ZEB | BD46: {=_xlfn.XLOOKUP( 1, ( TabelaMap[SUB] = BS_CONTROLE[[#This Row],[SUB_5]]) * ( TabelaMap[KM Inicio] <= BS_CONTROLE[[#This Row],[KM - Inicio]]) * ( TabelaMap[KM Fim] >= BS_CONTROLE[[#This Row],[KM - Inicio]]), TabelaMap[NOME SUB], "-", 0 )} -> ARARAQUARA - MARCO INICIAL | BG46: 0 | BI46: LOCO 9374 retida devido falta de oleo realizar o abastecimento do lubrificante do Motor diese | BJ46: LOCO 9374 retida devido falta de oleo realizar o abastecimento do lubrificante do Motor diese | BL46: PCM Mecânica | BM46: Locomotiva | BN46: Locomotiva indisponível | BO46: LOCO 9374 retida devido falta de oleo realizar o abastecimento do lubrificante do Motor diese | BP46: =IF(AND(BQ46<1,BR46<1),"Produção e Intervalo",IF(BQ46<1,"Intervalo",IF(BR46<1,"Produção","Aderente"))) -> Produção e Intervalo | BQ46: =IF(OR(B46="",E46=""),"*",AX46/O46) -> 0 | BR46: =IF(OR(B46="",E46=""),"*",AZ46/P46) -> 0 | BS46: =IF(BM46="","",SUBSTITUTE(BL46," ","")&SUBSTITUTE(BM46," ","")) -> PCMMecânicaLocomotiva
A47: =D47&B47 -> A6346057 | B47: 46057 | C47: =IF(BS_CONTROLE[[#This Row],[DATA]]="","",WEEKNUM(BS_CONTROLE[[#This Row],[DATA]])) -> 6 | D47: A63 | E47: INSPEÇÃO AUTO DE LINHA | F47: =IF(D47="","*",VLOOKUP(E47,BS_ATIVIDADE[],3,FALSE)) -> OUTROS | G47: ZVP2 | H47: ZRU | I47: 73 | J47: 306 | K47: 204 | L47: ZVP-ZRU | M47: ZVPZRU | N47: 0.33333333 | O47: 0.041666667 | P47: 1 | Q47: =IF(E47=0, "*", IFERROR(_xlfn.XLOOKUP(E47, BS_ATIVIDADE[ATIVIDADE], BS_ATIVIDADE[UNIDADE]), "*")) -> BINÁRIO | R47: {=_xlfn.XLOOKUP( 1, ( TabelaMap[SUB] = BS_CONTROLE[[#This Row],[SUB]]) * ( TabelaMap[KM Inicio] <= BS_CONTROLE[[#This Row],[KM - Inicio]]) * ( TabelaMap[KM Fim] >= BS_CONTROLE[[#This Row],[KM - Inicio]]), TabelaMap[Gerência], "-", 0 )} -> SP NORTE | S47: {=_xlfn.XLOOKUP( 1, ( TabelaMap[SUB] = BS_CONTROLE[[#This Row],[SUB]]) * ( TabelaMap[KM Inicio] <= BS_CONTROLE[[#This Row],[KM - Inicio]]) * ( TabelaMap[KM Fim] >= BS_CONTROLE[[#This Row],[KM - Inicio]]), TabelaMap[Trecho Coordenação], "-", 0 )} -> TMI-ZEB | T47: {=_xlfn.XLOOKUP( 1, ( TabelaMap[SUB] = BS_CONTROLE[[#This Row],[SUB]]) * ( TabelaMap[KM Inicio] <= BS_CONTROLE[[#This Row],[KM - Inicio]]) * ( TabelaMap[KM Fim] >= BS_CONTROLE[[#This Row],[KM - Inicio]]), TabelaMap[NOME SUB], "-", 0 )} -> ARARAQUARA - MARCO INICIAL | U47: Ronaldo | V47: Auto de linha inspeção ANTT | W47: Oportunidade | X47: OPORTUNIDADE | AH47: =IF(BS_CONTROLE[[#This Row],[Atividade]]=0, "-", BS_CONTROLE[[#This Row],[Atividade]]) -> INSPEÇÃO AUTO DE LINHA | AI47: =IF(BS_CONTROLE[[#This Row],[Atividade]]=0, "-", BS_CONTROLE[[#This Row],[Atividade]]) -> INSPEÇÃO AUTO DE LINHA | AJ47: =BS_CONTROLE[[#This Row],[Local - Partida]] -> ZVP2 | AK47: =BS_CONTROLE[[#This Row],[Local - Encerramento]] -> ZRU | AL47: =IF(BS_CONTROLE[[#This Row],[Entre - Estações]]=0, "-", BS_CONTROLE[[#This Row],[Entre - Estações]]) -> ZVP-ZRU | AM47: =IF(BS_CONTROLE[[#This Row],[SB]]=0, "-", BS_CONTROLE[[#This Row],[SB]]) -> ZVPZRU | AN47: =IF(BS_CONTROLE[[#This Row],[SUB]]=0, "-", BS_CONTROLE[[#This Row],[SUB]]) -> 73 | AO47: =BS_CONTROLE[[#This Row],[KM - Inicio]] -> 306 | AP47: =BS_CONTROLE[[#This Row],[KM - Inicio]] -> 306 | AQ47: 0.35625 | AR47: 0.38819444 | AS47: 0.42986111 | AX47: =IF(D47="","*",IFERROR(IF(ISODD(COUNT(AR47:AW47)),"ERRO",SUM((AS47-AR47),(AU47-AT47),(AW47-AV47))),"ERRO")) -> 0.041666667 | AZ47: 1 | BA47: =IFERROR(_xlfn.XLOOKUP(AH47, BS_ATIVIDADE[ATIVIDADE],BS_ATIVIDADE[UNIDADE] ), "*") -> BINÁRIO | BB47: {=_xlfn.XLOOKUP( 1, ( TabelaMap[SUB] = BS_CONTROLE[[#This Row],[SUB_5]]) * ( TabelaMap[KM Inicio] <= BS_CONTROLE[[#This Row],[KM - ínicio]]) * ( TabelaMap[KM Fim] >= BS_CONTROLE[[#This Row],[KM - ínicio]]), TabelaMap[Gerência], "-", 0 )} -> SP NORTE | BC47: {=_xlfn.XLOOKUP( 1, ( TabelaMap[SUB] = BS_CONTROLE[[#This Row],[SUB_5]]) * ( TabelaMap[KM Inicio] <= BS_CONTROLE[[#This Row],[KM - ínicio]]) * ( TabelaMap[KM Fim] >= BS_CONTROLE[[#This Row],[KM - ínicio]]), TabelaMap[Trecho Coordenação], "-", 0 )} -> TMI-ZEB | BD47: {=_xlfn.XLOOKUP( 1, ( TabelaMap[SUB] = BS_CONTROLE[[#This Row],[SUB_5]]) * ( TabelaMap[KM Inicio] <= BS_CONTROLE[[#This Row],[KM - Inicio]]) * ( TabelaMap[KM Fim] >= BS_CONTROLE[[#This Row],[KM - Inicio]]), TabelaMap[NOME SUB], "-", 0 )} -> ARARAQUARA - MARCO INICIAL | BG47: 2 | BI47: MC1 08:33, segue em inspeção | BJ47: MC1 08:33, segue em inspeção | BL47: OK | BM47: OK | BN47: OK | BO47: MC1 08:33, segue em inspeção | BP47: =IF(AND(BQ47<1,BR47<1),"Produção e Intervalo",IF(BQ47<1,"Intervalo",IF(BR47<1,"Produção","Aderente"))) -> Aderente | BQ47: =IF(OR(B47="",E47=""),"*",AX47/O47) -> 1 | BR47: =IF(OR(B47="",E47=""),"*",AZ47/P47) -> 1 | BS47: =IF(BM47="","",SUBSTITUTE(BL47," ","")&SUBSTITUTE(BM47," ","")) -> OKOK
