Workbook
Name Anomalia: SELEÇÕES!$Q$14:$Q$15
Name AnomaliaMecânica: SELEÇÕES!$AD$29
Name AnomaliaVia: SELEÇÕES!$AC$29
Name ATIVOS: BS_ATIVO!$A$2:$A$253
Name CCOCirculação: SELEÇÕES!$K$14:$K$17
Name CCOCirculaçãoIntervaloContrato: SELEÇÕES!$Q$29:$Q$39
Name CCOCirculaçãoIntervaloExtra: SELEÇÕES!$AH$29
Name CCOCirculaçãoIntervaloOportunidade: SELEÇÕES!$S$29:$S$39
Name CCOCirculaçãoProgramação: SELEÇÕES!$R$29
Name CCOEscala: SELEÇÕES!$J$14
Name CCOEscalaEquipagem: SELEÇÕES!$P$29:$P$32
Name CondiçõesClimática: SELEÇÕES!$R$14:$R$16
Name CondiçõesClimáticaChuva: SELEÇÕES!$AF$29
Name CondiçõesClimáticaTemperatura: SELEÇÕES!$AE$29:$AE$31
Name CondiçõesClimáticaVentosFortes: SELEÇÕES!$AG$29:$AG$29
Name Confiabilidade: SELEÇÕES!$S$14:$S$15
Name ConfiabilidadeAtivo: SELEÇÕES!$AJ$29:$AJ$30
Name ConfiabilidadeOperação: SELEÇÕES!$AI$29:$AI$33
Name Expansão: SELEÇÕES!$M$14:$M$15
Name ExpansãoEquipamento: SELEÇÕES!$V$29:$V$30
Name ExpansãoExecução: SELEÇÕES!$W$29:$W$38
Name FaltadeContrato: SELEÇÕES!$U$14
Name FaltadeContratoFaltadeContrato: SELEÇÕES!$AM$29
Name IMPCAUSADOR: SELEÇÕES!$A$13:$V$13
Name Infraestrutura: SELEÇÕES!$O$14:$O$15
Name InfraestruturaEquipamento: SELEÇÕES!$Z$29:$Z$30
Name InfraestruturaExecução: SELEÇÕES!$AA$29:$AA$38
Name Mecânica: SELEÇÕES!$G$14:$G$15
Name MecânicaLocomotiva: SELEÇÕES!$J$29
Name MecânicaVagão: SELEÇÕES!$K$29
Name Mecanização: SELEÇÕES!$H$14:$H$15
Name MecanizaçãoAtivos: SELEÇÕES!$M$29:$M$31
Name MecanizaçãoOperação: SELEÇÕES!$L$29:$L$35
Name Modernização: SELEÇÕES!$N$14:$N$17
Name ModernizaçãoEquipamento: SELEÇÕES!$X$29:$X$30
Name ModernizaçãoExecução: SELEÇÕES!$Y$29:$Y$38
Name NãoControláveis: SELEÇÕES!$B$14:$B$15
Name NãoControláveisAcidente: SELEÇÕES!$E$29
Name NãoControláveisVandalismo: SELEÇÕES!$D$29:$D$33
Name OK: SELEÇÕES!$P$14
Name OKOK: SELEÇÕES!$AB$29
Name Pátio: SELEÇÕES!$D$14
Name PátioOperação: SELEÇÕES!$G$29:$G$30
Name PCMMecânica: SELEÇÕES!$F$14
Name PCMMecânicaLocomotiva: SELEÇÕES!$I$29:$I$30
Name PCMVIA: SELEÇÕES!$I$14:$I$15
Name PCMVIAProgramação: SELEÇÕES!$O$29:$O$31
Name PCMVIARecursosInternos: SELEÇÕES!$N$29:$N$31
Name Qualidade: SELEÇÕES!$T$14:$T$15
Name QualidadeAtivo: SELEÇÕES!$AL$29
Name QualidadeOperação: SELEÇÕES!$AK$29:$AK$30
Name SemOportunidade: SELEÇÕES!$V$14
Name SemOportunidadeSemOportunidade: SELEÇÕES!$AN$29
Name SUBs: SELEÇÕES!$A$44:$A$50
Name Super: SELEÇÕES!$L$14:$L$15
Name SuperEquipamento: SELEÇÕES!$T$29:$T$30
Name SuperExecução: SELEÇÕES!$U$29:$U$38
Name TI: SELEÇÕES!$C$14
Name TISistema: SELEÇÕES!$F$29:$F$30
Name TO: SELEÇÕES!$A$14:$A$16

Sheet BASE_MAPA
A1: Gerência | B1: SUB | C1: KM Inicio | D1: KM Fim | E1: Trecho | F1: SB | G1: NOME SUB | H1: Trecho Coordenação
A2: SP SUL | B2: 30 | C2: 108.728 | D2: 110.502 | E2: 109-ZGM | F2: 1101093 | G2: PARATINGA - PEREQUÊ (L1 PRINCIPAL) | H2: ZEV-ZPT
A3: SP SUL | B3: 30 | C3: 108.728 | D3: 110.502 | E3: 109-ZGM | F3: 1101091 | G3: PARATINGA - PEREQUÊ (L1 PRINCIPAL) | H3: ZEV-ZPT
A4: SP SUL | B4: 30 | C4: 110.502 | D4: 111.787 | E4: 109-ZGM | F4: 1121101 | G4: PARATINGA - PEREQUÊ (L1 PRINCIPAL) | H4: ZEV-ZPT
A5: SP SUL | B5: 30 | C5: 110.502 | D5: 111.787 | E5: 109-ZGM | F5: 1121103 | G5: PARATINGA - PEREQUÊ (L1 PRINCIPAL) | H5: ZEV-ZPT
A6: SP SUL | B6: 30 | C6: 111.787 | D6: 113 | E6: 109-ZGM | F6: 1131121 | G6: PARATINGA - PEREQUÊ (L1 PRINCIPAL) | H6: ZEV-ZPT
A7: SP SUL | B7: 30 | C7: 113 | D7: 114 | E7: 109-ZGM | F7: ZGM1131 | G7: PARATINGA - PEREQUÊ (L1 PRINCIPAL) | H7: ZEV-ZPT
A8: SP SUL | B8: 30 | C8: 114 | D8: 115 | E8: ZGM | F8: ZGM1 | G8: PARATINGA - PEREQUÊ (L1 PRINCIPAL) | H8: ZEV-ZPT
A9: SP SUL | B9: 30 | C9: 115 | D9: 116.725 | E9: ZGM-ZZV | F9: 117ZGM1 | G9: PARATINGA - PEREQUÊ (L1 PRINCIPAL) | H9: ZEV-ZPT
A10: SP SUL | B10: 30 | C10: 116.725 | D10: 118 | E10: ZGM-ZZV | F10: 1181171 | G10: PARATINGA - PEREQUÊ (L1 PRINCIPAL) | H10: ZEV-ZPT
A11: SP SUL | B11: 30 | C11: 118 | D11: 119 | E11: ZGM-ZZV | F11: 1191181 | G11: PARATINGA - PEREQUÊ (L1 PRINCIPAL) | H11: ZEV-ZPT
A12: SP SUL | B12: 30 | C12: 119 | D12: 120 | E12: ZGM-ZZV | F12: 1201191 | G12: PARATINGA - PEREQUÊ (L1 PRINCIPAL) | H12: ZEV-ZPT
A13: SP SUL | B13: 30 | C13: 120 | D13: 121 | E13: ZGM-ZZV | F13: ZZV1201 | G13: PARATINGA - PEREQUÊ (L1 PRINCIPAL) | H13: ZEV-ZPT
A14: SP SUL | B14: 30 | C14: 121 | D14: 122.66 | E14: ZZV | F14: ZZV1 | G14: PARATINGA - PEREQUÊ (L1 PRINCIPAL) | H14: ZEV-ZPT
A15: SP SUL | B15: 48 | C15: 76.258 | D15: 78 | E15: ZKE | F15: ZKE1 | G15: CANGUERA - EVANGELISTA DE SOUZA (L1 PRINCIPAL) | H15: ZKE-ZEV
A16: SP SUL | B16: 48 | C16: 78 | D16: 79.6 | E16: ZKE-ZWW | F16: K80ZKE1 | G16: CANGUERA - EVANGELISTA DE SOUZA (L1 PRINCIPAL) | H16: ZKE-ZEV
A17: SP SUL | B17: 48 | C17: 79.6 | D17: 83 | E17: ZKE-ZWW | F17: K83K801 | G17: CANGUERA - EVANGELISTA DE SOUZA (L1 PRINCIPAL) | H17: ZKE-ZEV
A18: SP SUL | B18: 48 | C18: 83 | D18: 85 | E18: ZKE-ZWW | F18: K85K831 | G18: CANGUERA - EVANGELISTA DE SOUZA (L1 PRINCIPAL) | H18: ZKE-ZEV
A19: SP SUL | B19: 48 | C19: 85 | D19: 86 | E19: ZKE-ZWW | F19: ZWWK851 | G19: CANGUERA - EVANGELISTA DE SOUZA (L1 PRINCIPAL) | H19: ZKE-ZEV
A20: SP SUL | B20: 48 | C20: 86 | D20: 87.425 | E20: ZWW | F20: ZWW1 | G20: CANGUERA - EVANGELISTA DE SOUZA (L1 PRINCIPAL) | H20: ZKE-ZEV
A21: SP SUL | B21: 48 | C21: 87.425 | D21: 91 | E21: ZWW-ZKW | F21: K91ZWW1 | G21: CANGUERA - EVANGELISTA DE SOUZA (L1 PRINCIPAL) | H21: ZKE-ZEV
A22: SP SUL | B22: 48 | C22: 91 | D22: 93 | E22: ZWW-ZKW | F22: K93K911 | G22: CANGUERA - EVANGELISTA DE SOUZA (L1 PRINCIPAL) | H22: ZKE-ZEV
A23: SP SUL | B23: 48 | C23: 93 | D23: 95 | E23: ZWW-ZKW | F23: ZKWK931 | G23: CANGUERA - EVANGELISTA DE SOUZA (L1 PRINCIPAL) | H23: ZKE-ZEV
A24: SP SUL | B24: 48 | C24: 95 | D24: 97.729 | E24: ZKW | F24: ZKW1 | G24: CANGUERA - EVANGELISTA DE SOUZA (L1 PRINCIPAL) | H24: ZKE-ZEV
A25: SP SUL | B25: 48 | C25: 97.729 | D25: 102 | E25: ZKW-ZLU | F25: 102ZKW1 | G25: CANGUERA - EVANGELISTA DE SOUZA (L1 PRINCIPAL) | H25: ZKE-ZEV
A26: SP SUL | B26: 48 | C26: 102 | D26: 103 | E26: ZKW-ZLU | F26: 1031021 | G26: CANGUERA - EVANGELISTA DE SOUZA (L1 PRINCIPAL) | H26: ZKE-ZEV
A27: SP SUL | B27: 48 | C27: 103 | D27: 105.501 | E27: ZKW-ZLU | F27: 1051031 | G27: CANGUERA - EVANGELISTA DE SOUZA (L1 PRINCIPAL) | H27: ZKE-ZEV
A28: SP SUL | B28: 48 | C28: 105.501 | D28: 108.349 | E28: ZKW-ZLU | F28: ZLU1051 | G28: CANGUERA - EVANGELISTA DE SOUZA (L1 PRINCIPAL) | H28: ZKE-ZEV
A29: SP SUL | B29: 48 | C29: 108.349 | D29: 110 | E29: ZLU | F29: ZLU1 | G29: CANGUERA - EVANGELISTA DE SOUZA (L1 PRINCIPAL) | H29: ZKE-ZEV
A30: SP SUL | B30: 48 | C30: 110 | D30: 111 | E30: ZLU-ZWI | F30: 111ZLU1 | G30: CANGUERA - EVANGELISTA DE SOUZA (L1 PRINCIPAL) | H30: ZKE-ZEV
A31: SP SUL | B31: 48 | C31: 111 | D31: 112 | E31: ZLU-ZWI | F31: 112K111 | G31: CANGUERA - EVANGELISTA DE SOUZA (L1 PRINCIPAL) | H31: ZKE-ZEV
A32: SP SUL | B32: 48 | C32: 112 | D32: 113.337 | E32: ZLU-ZWI | F32: 113K121 | G32: CANGUERA - EVANGELISTA DE SOUZA (L1 PRINCIPAL) | H32: ZKE-ZEV
A33: SP SUL | B33: 48 | C33: 113.337 | D33: 118.181 | E33: ZLU-ZWI | F33: ZWI1131 | G33: CANGUERA - EVANGELISTA DE SOUZA (L1 PRINCIPAL) | H33: ZKE-ZEV
A34: SP SUL | B34: 48 | C34: 118.181 | D34: 120 | E34: ZWI | F34: ZWI1 | G34: CANGUERA - EVANGELISTA DE SOUZA (L1 PRINCIPAL) | H34: ZKE-ZEV
A35: SP SUL | B35: 48 | C35: 120 | D35: 121 | E35: ZWI-ZEM | F35: 121ZWI1 | G35: CANGUERA - EVANGELISTA DE SOUZA (L1 PRINCIPAL) | H35: ZKE-ZEV
A36: SP SUL | B36: 48 | C36: 121 | D36: 123 | E36: ZWI-ZEM | F36: 1231211 | G36: CANGUERA - EVANGELISTA DE SOUZA (L1 PRINCIPAL) | H36: ZKE-ZEV
A37: SP SUL | B37: 48 | C37: 123 | D37: 124 | E37: ZWI-ZEM | F37: 1241231 | G37: CANGUERA - EVANGELISTA DE SOUZA (L1 PRINCIPAL) | H37: ZKE-ZEV
A38: SP SUL | B38: 48 | C38: 124 | D38: 125 | E38: ZWI-ZEM | F38: 1251241 | G38: CANGUERA - EVANGELISTA DE SOUZA (L1 PRINCIPAL) | H38: ZKE-ZEV
A39: SP SUL | B39: 48 | C39: 125 | D39: 126 | E39: ZWI-ZEM | F39: 1261251 | G39: CANGUERA - EVANGELISTA DE SOUZA (L1 PRINCIPAL) | H39: ZKE-ZEV
A40: SP SUL | B40: 48 | C40: 126 | D40: 127.201 | E40: ZWI-ZEM | F40: ZYQ1261 | G40: CANGUERA - EVANGELISTA DE SOUZA (L1 PRINCIPAL) | H40: ZKE-ZEV
A41: SP SUL | B41: 48 | C41: 127.201 | D41: 130 | E41: ZWI-ZEM | F41: 130ZYQ1 | G41: CANGUERA - EVANGELISTA DE SOUZA (L1 PRINCIPAL) | H41: ZKE-ZEV
A42: SP SUL | B42: 48 | C42: 130 | D42: 134 | E42: ZWI-ZEM | F42: ZEM1301 | G42: CANGUERA - EVANGELISTA DE SOUZA (L1 PRINCIPAL) | H42: ZKE-ZEV
A43: SP SUL | B43: 48 | C43: 134 | D43: 137.466 | E43: ZEM | F43: ZEM1 | G43: CANGUERA - EVANGELISTA DE SOUZA (L1 PRINCIPAL) | H43: ZKE-ZEV
A44: SP SUL | B44: 48 | C44: 137.466 | D44: 139 | E44: ZEM-ZEJ | F44: 139ZEM1 | G44: CANGUERA - EVANGELISTA DE SOUZA (L1 PRINCIPAL) | H44: ZKE-ZEV
A45: SP SUL | B45: 48 | C45: 139 | D45: 140 | E45: ZEM-ZEJ | F45: 1401391 | G45: CANGUERA - EVANGELISTA DE SOUZA (L1 PRINCIPAL) | H45: ZKE-ZEV
A46: SP SUL | B46: 48 | C46: 140 | D46: 142 | E46: ZEM-ZEJ | F46: ZMS1401 | G46: CANGUERA - EVANGELISTA DE SOUZA (L1 PRINCIPAL) | H46: ZKE-ZEV
A47: SP SUL | B47: 48 | C47: 142 | D47: 144 | E47: ZEM-ZEJ | F47: 144ZMS1 | G47: CANGUERA - EVANGELISTA DE SOUZA (L1 PRINCIPAL) | H47: ZKE-ZEV
A48: SP SUL | B48: 48 | C48: 144 | D48: 145.676 | E48: ZEM-ZEJ | F48: ZEJ1441 | G48: CANGUERA - EVANGELISTA DE SOUZA (L1 PRINCIPAL) | H48: ZKE-ZEV
A49: SP SUL | B49: 48 | C49: 145.676 | D49: 147 | E49: ZEJ | F49: ZEJ1 | G49: CANGUERA - EVANGELISTA DE SOUZA (L1 PRINCIPAL) | H49: ZKE-ZEV
A50: SP SUL | B50: 48 | C50: 147 | D50: 148 | E50: ZEJ-ZRB | F50: 148ZEJ1 | G50: CANGUERA - EVANGELISTA DE SOUZA (L1 PRINCIPAL) | H50: ZKE-ZEV
A51: SP SUL | B51: 48 | C51: 148 | D51: 149 | E51: ZEJ-ZRB | F51: 1491481 | G51: CANGUERA - EVANGELISTA DE SOUZA (L1 PRINCIPAL) | H51: ZKE-ZEV
A52: SP SUL | B52: 48 | C52: 149 | D52: 150 | E52: ZEJ-ZRB | F52: 1501491 | G52: CANGUERA - EVANGELISTA DE SOUZA (L1 PRINCIPAL) | H52: ZKE-ZEV
A53: SP SUL | B53: 48 | C53: 150 | D53: 151.891 | E53: ZEJ-ZRB | F53: ZRB1501 | G53: CANGUERA - EVANGELISTA DE SOUZA (L1 PRINCIPAL) | H53: ZKE-ZEV
A54: SP SUL | B54: 48 | C54: 151.891 | D54: 153 | E54: ZRB | F54: ZRB1 | G54: CANGUERA - EVANGELISTA DE SOUZA (L1 PRINCIPAL) | H54: ZKE-ZEV
A55: SP SUL | B55: 48 | C55: 153 | D55: 154 | E55: ZRB-ZEV | F55: 154ZRB1 | G55: CANGUERA - EVANGELISTA DE SOUZA (L1 PRINCIPAL) | H55: ZKE-ZEV
A56: SP SUL | B56: 48 | C56: 154 | D56: 155 | E56: ZRB-ZEV | F56: 1551541 | G56: CANGUERA - EVANGELISTA DE SOUZA (L1 PRINCIPAL) | H56: ZKE-ZEV
A57: SP SUL | B57: 48 | C57: 155 | D57: 156 | E57: ZRB-ZEV | F57: 1561551 | G57: CANGUERA - EVANGELISTA DE SOUZA (L1 PRINCIPAL) | H57: ZKE-ZEV
A58: SP SUL | B58: 48 | C58: 156 | D58: 157 | E58: ZRB-ZEV | F58: 1571561 | G58: CANGUERA - EVANGELISTA DE SOUZA (L1 PRINCIPAL) | H58: ZKE-ZEV
A59: SP SUL | B59: 48 | C59: 157 | D59: 158 | E59: ZRB-ZEV | F59: ZEV1571 | G59: CANGUERA - EVANGELISTA DE SOUZA (L1 PRINCIPAL) | H59: ZKE-ZEV
A60: SP SUL | B60: 48 | C60: 158 | D60: 159 | E60: ZEV | F60: ZEV1 | G60: CANGUERA - EVANGELISTA DE SOUZA (L1 PRINCIPAL) | H60: ZKE-ZEV
A61: SP SUL | B61: 49 | C61: 146.81 | D61: 149.2 | E61: ZKE-ZGA | F61: ZKEZGA1 | G61: CANGUERA - BOA VISTA NOVA (L1 PRINCIPAL) | H61: ZBV-ZKE
A62: SP SUL | B62: 49 | C62: 149.2 | D62: 151.506 | E62: ZGA | F62: ZGA1 | G62: CANGUERA - BOA VISTA NOVA (L1 PRINCIPAL) | H62: ZBV-ZKE
A63: SP SUL | B63: 49 | C63: 151.506 | D63: 153.958 | E63: ZGA-ZCX | F63: ZGA1541 | G63: CANGUERA - BOA VISTA NOVA (L1 PRINCIPAL) | H63: ZBV-ZKE
A64: SP SUL | B64: 49 | C64: 159.258 | D64: 162 | E64: ZCX | F64: ZCX1 | G64: CANGUERA - BOA VISTA NOVA (L1 PRINCIPAL) | H64: ZBV-ZKE
A65: SP SUL | B65: 49 | C65: 162 | D65: 164.602 | E65: ZCX-ZER | F65: ZCXZER1 | G65: CANGUERA - BOA VISTA NOVA (L1 PRINCIPAL) | H65: ZBV-ZKE
A66: SP SUL | B66: 49 | C66: 164.602 | D66: 167.402 | E66: ZER | F66: ZER1 | G66: CANGUERA - BOA VISTA NOVA (L1 PRINCIPAL) | H66: ZBV-ZKE
A67: SP SUL | B67: 49 | C67: 168.51 | D67: 172 | E67: ZER-ZDI | F67: 169ZDI1 | G67: CANGUERA - BOA VISTA NOVA (L1 PRINCIPAL) | H67: ZBV-ZKE
A68: SP SUL | B68: 49 | C68: 172 | D68: 175 | E68: ZDI | F68: ZDI1 | G68: CANGUERA - BOA VISTA NOVA (L1 PRINCIPAL) | H68: ZBV-ZKE
A69: SP SUL | B69: 49 | C69: 175 | D69: 178.39 | E69: ZDI-ZDY | F69: ZDIZDY1 | G69: CANGUERA - BOA VISTA NOVA (L1 PRINCIPAL) | H69: ZBV-ZKE
A70: SP SUL | B70: 49 | C70: 178.39 | D70: 181 | E70: ZDY | F70: ZDY1 | G70: CANGUERA - BOA VISTA NOVA (L1 PRINCIPAL) | H70: ZBV-ZKE
A71: SP SUL | B71: 49 | C71: 181 | D71: 183 | E71: ZDY-ZFY | F71: ZDY1831 | G71: CANGUERA - BOA VISTA NOVA (L1 PRINCIPAL) | H71: ZBV-ZKE
A72: SP SUL | B72: 49 | C72: 183 | D72: 185 | E72: ZDY-ZFY | F72: 1831851 | G72: CANGUERA - BOA VISTA NOVA (L1 PRINCIPAL) | H72: ZBV-ZKE
A73: SP SUL | B73: 49 | C73: 185 | D73: 187.069 | E73: ZDY-ZFY | F73: 185ZXP1 | G73: CANGUERA - BOA VISTA NOVA (L1 PRINCIPAL) | H73: ZBV-ZKE
A74: SP SUL | B74: 49 | C74: 192.523 | D74: 195 | E74: ZFY | F74: ZFY1 | G74: CANGUERA - BOA VISTA NOVA (L1 PRINCIPAL) | H74: ZBV-ZKE
A75: SP SUL | B75: 49 | C75: 195 | D75: 198.36 | E75: ZFY-ZYU | F75: ZFY1981 | G75: CANGUERA - BOA VISTA NOVA (L1 PRINCIPAL) | H75: ZBV-ZKE
A76: SP SUL | B76: 49 | C76: 198.36 | D76: 201 | E76: ZFY-ZYU | F76: 198ZYU1 | G76: CANGUERA - BOA VISTA NOVA (L1 PRINCIPAL) | H76: ZBV-ZKE
A77: SP SUL | B77: 49 | C77: 201 | D77: 203.854 | E77: ZYU | F77: ZYU1 | G77: CANGUERA - BOA VISTA NOVA (L1 PRINCIPAL) | H77: ZBV-ZKE
A78: SP SUL | B78: 49 | C78: 208.611 | D78: 211 | E78: ZST | F78: ZST1 | G78: CANGUERA - BOA VISTA NOVA (L1 PRINCIPAL) | H78: ZBV-ZKE
A79: SP SUL | B79: 49 | C79: 211 | D79: 216 | E79: ZST-ZXI | F79: ZST2161 | G79: CANGUERA - BOA VISTA NOVA (L1 PRINCIPAL) | H79: ZBV-ZKE
A80: SP SUL | B80: 49 | C80: 216 | D80: 218.808 | E80: ZST-ZXI | F80: 216ZXI1 | G80: CANGUERA - BOA VISTA NOVA (L1 PRINCIPAL) | H80: ZBV-ZKE
A81: SP SUL | B81: 49 | C81: 218.808 | D81: 221 | E81: ZXI | F81: ZXI1 | G81: CANGUERA - BOA VISTA NOVA (L1 PRINCIPAL) | H81: ZBV-ZKE
A82: SP SUL | B82: 49 | C82: 221 | D82: 222 | E82: ZXI-ZIC | F82: ZXI2221 | G82: CANGUERA - BOA VISTA NOVA (L1 PRINCIPAL) | H82: ZBV-ZKE
A83: SP SUL | B83: 49 | C83: 222 | D83: 224 | E83: ZXI-ZIC | F83: 2222241 | G83: CANGUERA - BOA VISTA NOVA (L1 PRINCIPAL) | H83: ZBV-ZKE
A84: SP SUL | B84: 49 | C84: 224 | D84: 225 | E84: ZXI-ZIC | F84: 224ZIC1 | G84: CANGUERA - BOA VISTA NOVA (L1 PRINCIPAL) | H84: ZBV-ZKE
A85: SP SUL | B85: 49 | C85: 225 | D85: 227 | E85: ZIC | F85: ZIC1 | G85: CANGUERA - BOA VISTA NOVA (L1 PRINCIPAL) | H85: ZBV-ZKE
A86: SP SUL | B86: 49 | C86: 227 | D86: 229.237 | E86: ZIC-ZVK | F86: ZICZVK1 | G86: CANGUERA - BOA VISTA NOVA (L1 PRINCIPAL) | H86: ZBV-ZKE
A87: SP SUL | B87: 49 | C87: 229.237 | D87: 232 | E87: ZVK | F87: ZVK1 | G87: CANGUERA - BOA VISTA NOVA (L1 PRINCIPAL) | H87: ZBV-ZKE
A88: SP SUL | B88: 49 | C88: 232 | D88: 235 | E88: ZVK-ZDS | F88: ZVK2351 | G88: CANGUERA - BOA VISTA NOVA (L1 PRINCIPAL) | H88: ZBV-ZKE
A89: SP SUL | B89: 49 | C89: 235 | D89: 237.85 | E89: ZVK-ZDS | F89: 235ZDS1 | G89: CANGUERA - BOA VISTA NOVA (L1 PRINCIPAL) | H89: ZBV-ZKE
A90: SP SUL | B90: 49 | C90: 237.85 | D90: 240.863 | E90: ZDS | F90: ZDS1 | G90: CANGUERA - BOA VISTA NOVA (L1 PRINCIPAL) | H90: ZBV-ZKE
A91: SP SUL | B91: 49 | C91: 240.863 | D91: 248.12 | E91: ZDS-ZQB | F91: ZDS2481 | G91: CANGUERA - BOA VISTA NOVA (L1 PRINCIPAL) | H91: ZBV-ZKE
A92: SP SUL | B92: 49 | C92: 248.12 | D92: 253.603 | E92: ZDS-ZQB | F92: 248ZQB1 | G92: CANGUERA - BOA VISTA NOVA (L1 PRINCIPAL) | H92: ZBV-ZKE
A93: SP SUL | B93: 53 | C93: 108.728 | D93: 110.502 | E93: PAT-ZGM | F93: PAT1102 | G93: PARATINGA - PEREQUÊ (L2 PRINCIPAL) | H93: ZPT-ZPG
A94: SP SUL | B94: 53 | C94: 110.502 | D94: 111.787 | E94: PAT-ZGM | F94: PAT1122 | G94: PARATINGA - PEREQUÊ (L2 PRINCIPAL) | H94: ZPT-ZPG
A95: SP SUL | B95: 53 | C95: 111.787 | D95: 113 | E95: PAT-ZGM | F95: 1131122 | G95: PARATINGA - PEREQUÊ (L2 PRINCIPAL) | H95: ZPT-ZPG
A96: SP SUL | B96: 53 | C96: 113 | D96: 114 | E96: PAT-ZGM | F96: ZGM1132 | G96: PARATINGA - PEREQUÊ (L2 PRINCIPAL) | H96: ZPT-ZPG
A97: SP SUL | B97: 53 | C97: 114 | D97: 115 | E97: ZGM | F97: ZGM2 | G97: PARATINGA - PEREQUÊ (L2 PRINCIPAL) | H97: ZPT-ZPG
A98: SP SUL | B98: 53 | C98: 115 | D98: 116.725 | E98: ZGM-ZZV | F98: 117ZGM2 | G98: PARATINGA - PEREQUÊ (L2 PRINCIPAL) | H98: ZPT-ZPG
A99: SP SUL | B99: 53 | C99: 116.725 | D99: 118 | E99: ZGM-ZZV | F99: 1181172 | G99: PARATINGA - PEREQUÊ (L2 PRINCIPAL) | H99: ZPT-ZPG
A100: SP SUL | B100: 53 | C100: 118 | D100: 119 | E100: ZGM-ZZV | F100: 1191182 | G100: PARATINGA - PEREQUÊ (L2 PRINCIPAL) | H100: ZPT-ZPG
...

Sheet SELEÇÕES
A1: MAQUINISTAS | C1: ACIONAMENTO | E1: PRÉVIA | G1: DESVIO | I1: PROGRAMADO? | K1: ProgramaPCM | M1: Prioridade
A2: FIXO | C2: SBR | E2: 1 | G2: VIA | I2: SIM | K2: Contrato | M2: P0
A3: ESCALA | C3: AGD ACIONAMENTO PCM | E3: 2 | I3: NÃO | K3: Oportunidade | M3: P1
A4: FIXO + ESCALA | C4: ACIONAMENTO | I4: OPORTUNIDADE | K4: Extra | M4: P2
M5: P3
M6: P4
M7: P5
A13: TO | B13: Não Controláveis | C13: TI | D13: Pátio | E13: Tração | F13: PCM Mecânica | G13: Mecânica | H13: Mecanização | I13: PCM VIA | J13: CCO Escala | K13: CCO Circulação | L13: Super | M13: Expansão | N13: Modernização | O13: Infraestrutura | P13: OK | Q13: Anomalia | R13: Condições Climática | S13: Confiabilidade | T13: Engenharia | U13: Falta de Contrato | V13: Sem Oportunidade
A14: Embarcado | B14: Vandalismo | C14: Sistema | D14: Operação | E14: Operação | F14: Locomotiva | G14: Locomotiva | H14: Operação | I14: Recursos Internos | J14: Equipagem | K14: Intervalo Contrato | L14: Equipamento | M14: Equipamento | N14: Equipamento | O14: Equipamento | P14: OK | Q14: Via | R14: Temperatura | S14: Operação | T14: Operação | U14: Falta de Contrato | V14: Sem Oportunidade
A15: Não Embarcado | B15: Acidente | C15: ="" | G15: Vagão | H15: Ativos | I15: Programação | K15: Intervalo Oportunidade | L15: Execução | M15: Execução | N15: Execução | O15: Execução | Q15: Mecânica | R15: Chuva | S15: Ativo | T15: Ativo
A16: Operação | C16: ="" | K16: Intervalo Extra | R16: Ventos Fortes
K17: Programação
A28: TOEmbarcado | B28: TONãoEmbarcado | C28: TOOperação | D28: NãoControláveisVandalismo | E28: NãoControláveisAcidente | F28: TISistema | G28: PátioOperação | H28: TraçãoOperação | I28: PCMMecânicaLocomotiva | J28: MecânicaLocomotiva | K28: MecânicaVagão | L28: MecanizaçãoOperação | M28: MecanizaçãoAtivos | N28: PCMVIARecursosInternos | O28: PCMVIAProgramação | P28: CCOEscalaEquipagem | Q28: CCOCirculaçãoIntervaloContrato | R28: CCOCirculaçãoProgramação | S28: CCOCirculaçãoIntervaloOportunidade | T28: SuperEquipamento | U28: SuperExecução | V28: ExpansãoEquipamento | W28: ExpansãoExecução | X28: ModernizaçãoEquipamento | Y28: ModernizaçãoExecução | Z28: InfraestruturaEquipamento | AA28: InfraestruturaExecução | AB28: OKOK | AC28: AnomaliaVia | AD28: AnomaliaMecânica | AE28: CondiçõesClimáticaTemperatura | AF28: CondiçõesClimáticaChuva | AG28: CondiçõesClimáticaVentos Fortes | AH28: CCOCirculaçãoIntervaloExtra | AI28: ConfiabilidadeOperação | AJ28: ConfiabilidadeAtivo | AK28: EngenhariaOperação | AL28: EngenhariaAtivo | AM28: Falta de ContratoFalta de Contrato | AN28: SemOportunidadeSemOportunidade
A29: Avaria de CBL | B29: AMV sem indicação | C29: Alteração de programação da turma | D29: Locomotiva | E29: Acidente | F29: Sistema licenciamento indisponível | G29: Manobra indisponível | H29: Maquinista indisponível | I29: Alteração de programação | J29: Avaria | K29: Avaria | L29: Operador indisponível | M29: Avaria em veículo (Mecanização) | N29: Cancelado devido priorização | O29: Falta de OS | P29: Atraso chegada maquinista | Q29: Realizado entre trens | R29: Desvio alocação de locomotiva | S29: Sem oportunidade | T29: Avaria (Escavadeira / caminhão / munck) | U29: Erro de programação | V29: Avaria (Escavadeira / caminhão / munck) | W29: Erro de programação | X29: Avaria (Escavadeira / caminhão / munck / Socadora) | Y29: Erro de programação | Z29: Avaria (Escavadeira / caminhão / munck) | AA29: Erro de programação | AB29: OK | AC29: Defeito na via | AD29: Avaria em trem | AE29: Temperatura Alta | AF29: Chuva | AG29: Ventos Fortes | AH29: Serviço extra contrato | AI29: Falta de Equipe | AJ29: Avaria | AK29: Falta de Equipe | AL29: Avaria | AM29: Falta de Contrato | AN29: Sem Oportunidade
A30: Avaria de CBL | D30: Vagão | F30: Queda / Instabilidade de sistema | G30: Linha ocupada | H30: Atualização malha | I30: Locomotiva indisponível | L30: Operador não habilitado | M30: Avaria em veículo (Detecção) | N30: Alteração de programação | O30: Alteração de programação (Equipamento) | P30: Jornada maquinista excedida | Q30: Concedido intervalo parcial | S30: Realizado entre trens | T30: Avaria (Ferramental) | U30: Alteração de programação | V30: Avaria (Ferramental) | W30: Alteração de programação | X30: Avaria (Ferramental) | Y30: Alteração de programação | Z30: Avaria (Ferramental) | AA30: Alteração de programação | AE30: Temperatura Baixa | AI30: Alteração de Programação | AJ30: Manutenção | AK30: Alteração de Programação
D31: Via de circulação | L31: Desvio de escala | M31: Desvio programação (Manutenção) | N31: Erro de programação | O31: Falta de equipamento / material | P31: Falta Maquinista (Contrato) | Q31: Intervalo negado em D-1 | S31: Concedido intervalo parcial | U31: Quando reduzido da turma | W31: Quando reduzido da turma | Y31: Quando reduzido da turma | AA31: Quando reduzido da turma | AE31: Oscilação de Temperatura | AI31: Falha de programação
D32: Equipamento via | L32: Baixa produtividade | P32: Falta Maquinista (Extra) | Q32: Intervalo Concedido fora do horário programado | S32: Intervalo negado em D-1 | U32: Falta de turma (Não Justificado) | W32: Falta de turma (Não Justificado) | Y32: Falta de turma (Não Justificado) | AA32: Falta de turma (Não Justificado) | AI32: Desvio de escala
D33: Ativo mecanização | L33: Risco de exceder a jornada | Q33: Fluxo intenso de trens | S33: Intervalo Concedido fora do horário programado | U33: Equipe interditada | W33: Equipe interditada | Y33: Equipe interditada | AA33: Equipe interditada | AI33: Risco de exceder a jornada
L34: Abastecimento | Q34: Propagação de TI | S34: Fluxo intenso de trens | U34: Falta de insumo / material | W34: Falta de insumo / material | Y34: Falta de insumo / material | AA34: Falta de insumo / material
L35: Desvio de programação | Q35: Propagação de avaria de trens | S35: Propagação de TI | U35: Desvio escala da turma | W35: Desvio escala da turma | Y35: Desvio escala da turma | AA35: Desvio escala da turma
Q36: Propagação de vandalismo | S36: Propagação de avaria de trens | U36: Intervalo utilizado parcialmente | W36: Intervalo utilizado parcialmente | Y36: Intervalo utilizado parcialmente | AA36: Intervalo utilizado parcialmente
Q37: Propagação por motivo via | S37: Propagação de vandalismo | U37: Baixa produtividade | W37: Baixa produtividade | Y37: Baixa produtividade | AA37: Baixa produtividade
Q38: Erro CCO | S38: Propagação por motivo via | U38: Falha de execução | W38: Falha de execução | Y38: Falha de execução | AA38: Falha de execução
Q39: Intervalo Fracionado | S39: Erro CCO
A44: 42
A45: 43
A46: 70
A47: 71
A48: 73 | C48: /
A49: 170

Sheet SP_SUL
B1: INICIO | F1: PROGRAMA | AI1: ] | BH1: GESTÃO DE ACOMPANHAMENTO | BM1: FECHAMENTO
F2: ITENS GUIA | S2: RESPONSABILIDADE | AA2: RECURSO | AI2: ITENS GUIA | AS2: INTERVALO | BA2: PRODUÇÃO | BC2: RESPONSABILIDADE
F3: O QUE? | H3: ONDE? | O3: INTERVALO | Q3: PODUÇÃO | S3: QUEM VAI RESPONDER PELA EXECUÇÃO? | W3: GESTÃO | AA3: EQUIPAGEM | AE3: ATIVOS | AI3: O QUE? | AK3: ONDE? | AS3: PARCIAL 1 | AU3: PARCIAL 2 | AW3: PARCIAL 3 | AY3: TOTAL | BC3: QUEM VAI RESPONDER PELA EXECUÇÃO? | BM3: ANALISE | BQ3: %
A4: FORMULA | B4: ESCREVE | C4: FORMULA | D4: SELECIONAR | F4: SELECIONAR | G4: FORMULA | H4: ESCREVE | I4: ESCREVE | J4: ESCREVE | K4: ESCREVE | L4: ESCREVE | M4: ESCREVE | N4: ESCREVE | O4: ESCREVE | P4: ESCREVE | Q4: ESCREVE | R4: FORMULA | S4: SELECIONAR | T4: SELECIONAR | U4: FORMULA | V4: ESCREVE | W4: ESCREVE | X4: SELECIONAR | Y4: SELECIONAR | Z4: SELECIONAR | AA4: ESCREVE | AB4: SELECIONAR | AC4: SELECIONAR | AD4: ESCREVE | AE4: ESCREVE | AF4: ESCREVE | AG4: ESCREVE | AI4: SELECIONAR | AJ4: FORMULA | AK4: ESCREVE | AL4: ESCREVE | AM4: ESCREVE | AN4: ESCREVE | AO4: ESCREVE | AP4: ESCREVE | AQ4: ESCREVE | AR4: ESCREVE | AS4: ESCREVE | AT4: ESCREVE | AU4: ESCREVE | AV4: ESCREVE | AW4: ESCREVE | AX4: ESCREVE | AY4: FORMULA | AZ4: SELECIONAR | BA4: ESCREVE | BB4: FORMULA | BC4: SELECIONAR | BD4: SELECIONAR | BE4: FORMULA | BF4: ESCREVE | BG4: * | BH4: ESCREVE | BI4: ESCREVE | BJ4: ESCREVE | BK4: ESCREVE | BL4: * | BM4: SELECIONAR | BN4: SELECIONAR | BO4: SELECIONAR | BP4: ESCREVE | BQ4: FORMULA | BR4: FORMULA | BS4: FORMULA
A5: CHAVE | B5: DATA | C5: Semana | D5: ATIVO | E5: *1 | F5: Atividade | G5: Atividade - Inidicador | H5: Local - Partida | I5: Local - Encerramento | J5: SUB | K5: KM - Inicio | L5: KM - Fim | M5: Entre - Estações | N5: SB | O5: Inicia | P5: Duração | Q5: Quantidade | R5: Unidade | S5: Gerência da Via | T5: Coordenação da Via | U5: Trecho | V5: Responsavel pelo boletim | W5: Detalhe Programação | X5: Programar para D+1 | Y5: Confirmação programação | Z5: Prioridade | AA5: Qtd. Maquinista | AB5: Tipo de Maquinista (Fixo / Escala) | AC5: Tipo de Acionamento | AD5: Apresentação no lastro | AE5: Ativo - 1 | AF5: Ativo - 2 | AG5: Vagões - Qtd. | AH5: *2 | AI5: Atividade_1 | AJ5: Atividade - PDM | AK5: Local - Partida_2 | AL5: Local - Encerramento_3 | AM5: Entre-Locais | AN5: SB_4 | AO5: SUB_5 | AP5: KM - ínicio | AQ5: KM - Fim_6 | AR5: HR Turma Pronta | AS5: Inicio | AT5: Fim | AU5: Inicio_7 | AV5: Fim_8 | AW5: Inicio_9 | AX5: Fim_10 | AY5: TOTAL | AZ5: LIBERADO PELO CCO | BA5: Quantidade_11 | BB5: Unidade_12 | BC5: Gerência da Via_13 | BD5: Coordenação da Via_14 | BE5: Trecho_15 | BF5: Responsavel pelo boletim_16 | BG5: *3 | BH5: Status | BI5: Prévia CCO 22h | BJ5: Prévia - 1 | BK5: Prévia - 2 | BL5: *4 | BM5: Responsabilidade | BN5: Fechamento - Impacto | BO5: Detalhe - Fechamento | BP5: Justificativa | BQ5: Analise Prévia | BR5: Intervalo | BS5: QTD | BT5: Concat
A6: =D6&B6 -> V4846054 | B6: 46054 | C6: =IF(BS_CONTROLE[[#This Row],[DATA]]="","",WEEKNUM(BS_CONTROLE[[#This Row],[DATA]])) -> 6 | D6: V48 | F6: DESLOCAMENTO | G6: =IF(D6="","*",VLOOKUP(F6,BS_ATIVIDADE[],3,FALSE)) -> OUTROS | H6: ZRX | I6: ZAC | J6: 70 | K6: 82.4 | L6: - | M6: ZRX-ZAC | N6: ZRXZAC | O6: 0.35416667 | P6: 0.041666667 | Q6: 1 | R6: =IFERROR(_xlfn.XLOOKUP(F6, BS_ATIVIDADE[ATIVIDADE],BS_ATIVIDADE[UNIDADE] ), "*") -> BINÁRIO | S6: {=_xlfn.XLOOKUP( 1, ( TabelaMap[SUB] = BS_CONTROLE[[#This Row],[SUB]]) * ( TabelaMap[KM Inicio] <= BS_CONTROLE[[#This Row],[KM - Inicio]]) * ( TabelaMap[KM Fim] >= BS_CONTROLE[[#This Row],[KM - Inicio]]), TabelaMap[Gerência], "-", 0 )} -> SP SUL | T6: {=_xlfn.XLOOKUP( 1, ( TabelaMap[SUB] = BS_CONTROLE[[#This Row],[SUB]]) * ( TabelaMap[KM Inicio] <= BS_CONTROLE[[#This Row],[KM - Inicio]]) * ( TabelaMap[KM Fim] >= BS_CONTROLE[[#This Row],[KM - Inicio]]), TabelaMap[Trecho Coordenação], "-", 0 )} -> ZBV-ZRX | U6: {=_xlfn.XLOOKUP( 1, ( TabelaMap[SUB] = BS_CONTROLE[[#This Row],[SUB]]) * ( TabelaMap[KM Inicio] <= BS_CONTROLE[[#This Row],[KM - Inicio]]) * ( TabelaMap[KM Fim] >= BS_CONTROLE[[#This Row],[KM - Inicio]]), TabelaMap[NOME SUB], "-", 0 )} -> RECANTO - ITIRAPINA (L1 PRINCIPAL) | V6: Ezequiel | W6: Deslocamento | X6: Oportunidade | AA6: 1 | AB6: FIXO | AC6: - | AD6: 0.29166667 | AE6: 6249 | AF6: - | AG6: - | AI6: =IF(BS_CONTROLE[[#This Row],[Atividade]]=0, "-", BS_CONTROLE[[#This Row],[Atividade]]) -> DESLOCAMENTO | AJ6: =IF(BS_CONTROLE[[#This Row],[Atividade]]=0, "-", BS_CONTROLE[[#This Row],[Atividade]]) -> DESLOCAMENTO | AK6: =BS_CONTROLE[[#This Row],[Local - Partida]] -> ZRX | AL6: =BS_CONTROLE[[#This Row],[Local - Encerramento]] -> ZAC | AM6: =IF(BS_CONTROLE[[#This Row],[Entre - Estações]]=0, "-", BS_CONTROLE[[#This Row],[Entre - Estações]]) -> ZRX-ZAC | AN6: =IF(BS_CONTROLE[[#This Row],[SB]]=0, "-", BS_CONTROLE[[#This Row],[SB]]) -> ZRXZAC | AO6: =IF(BS_CONTROLE[[#This Row],[SUB]]=0, "-", BS_CONTROLE[[#This Row],[SUB]]) -> 70 | AP6: =BS_CONTROLE[[#This Row],[KM - Inicio]] -> 82.4 | AQ6: =BS_CONTROLE[[#This Row],[KM - Inicio]] -> 82.4 | AR6: 0.39791667 | AS6: 0 | AT6: 0.041666667 | AY6: =IF(D6="","*",IFERROR(IF(ISODD(COUNT(AS6:AX6)),"ERRO",SUM((AT6-AS6),(AV6-AU6),(AX6-AW6))),"ERRO")) -> 0.041666667 | BA6: 1 | BB6: =IFERROR(_xlfn.XLOOKUP(AI6, BS_ATIVIDADE[ATIVIDADE],BS_ATIVIDADE[UNIDADE] ), "*") -> BINÁRIO | BC6: {=_xlfn.XLOOKUP( 1, ( TabelaMap[SUB] = BS_CONTROLE[[#This Row],[SUB_5]]) * ( TabelaMap[KM Inicio] <= BS_CONTROLE[[#This Row],[KM - ínicio]]) * ( TabelaMap[KM Fim] >= BS_CONTROLE[[#This Row],[KM - ínicio]]), TabelaMap[Gerência], "-", 0 )} -> SP SUL | BD6: {=_xlfn.XLOOKUP( 1, ( TabelaMap[SUB] = BS_CONTROLE[[#This Row],[SUB_5]]) * ( TabelaMap[KM Inicio] <= BS_CONTROLE[[#This Row],[KM - ínicio]]) * ( TabelaMap[KM Fim] >= BS_CONTROLE[[#This Row],[KM - ínicio]]), TabelaMap[Trecho Coordenação], "-", 0 )} -> ZBV-ZRX | BE6: {=_xlfn.XLOOKUP( 1, ( TabelaMap[SUB] = BS_CONTROLE[[#This Row],[SUB_5]]) * ( TabelaMap[KM Inicio] <= BS_CONTROLE[[#This Row],[KM - Inicio]]) * ( TabelaMap[KM Fim] >= BS_CONTROLE[[#This Row],[KM - Inicio]]), TabelaMap[NOME SUB], "-", 0 )} -> RECANTO - ITIRAPINA (L1 PRINCIPAL) | BH6: 2 | BJ6: MC1 09:33, licenciado 10:41, segue para o local de trabalho | BK6: Realozado deslocamento de ZRX para ZAC. | BM6: OK | BN6: OK | BO6: OK | BP6: - | BQ6: =IF(AND(BR6<1,BS6<1),"Produção e Intervalo",IF(BR6<1,"Intervalo",IF(BS6<1,"Produção","Aderente"))) -> Aderente | BR6: =IF(OR(B6="",F6=""),"*",AY6/P6) -> 1 | BS6: =IF(OR(B6="",F6=""),"*",BA6/Q6) -> 1 | BT6: =IF(BN6="","",SUBSTITUTE(BM6," ","")&SUBSTITUTE(BN6," ","")) -> OKOK
A7: =D7&B7 -> V4246054 | B7: 46054 | C7: =IF(BS_CONTROLE[[#This Row],[DATA]]="","",WEEKNUM(BS_CONTROLE[[#This Row],[DATA]])) -> 6 | D7: V42 | F7: MECANIZAÇÃO - SOCADORA | G7: =IF(D7="","*",VLOOKUP(F7,BS_ATIVIDADE[],3,FALSE)) -> MECANIZAÇÃO - SOCADORA | H7: ZYU1 | I7: ZYU1 | J7: 56 | K7: 206.78 | L7: 208.6 | M7: {=_xlfn.XLOOKUP( 1, ( TabelaMap[SUB] = BS_CONTROLE[[#This Row],[SUB]]) * ( TabelaMap[KM Inicio] <= BS_CONTROLE[[#This Row],[KM - Inicio]]) * ( TabelaMap[KM Fim] >= BS_CONTROLE[[#This Row],[KM - Inicio]]), TabelaMap[Trecho], "-", 0 )} -> ZYU-ZST | N7: {=_xlfn.XLOOKUP( 1, ( TabelaMap[SUB] = BS_CONTROLE[[#This Row],[SUB]]) * ( TabelaMap[KM Inicio] <= BS_CONTROLE[[#This Row],[KM - Inicio]]) * ( TabelaMap[KM Fim] >= BS_CONTROLE[[#This Row],[KM - Inicio]]), TabelaMap[SB], "-", 0 )} -> 206ZST | O7: 0.35416667 | P7: 0.083333333 | Q7: 500 | R7: =IFERROR(_xlfn.XLOOKUP(F7, BS_ATIVIDADE[ATIVIDADE],BS_ATIVIDADE[UNIDADE] ), "*") -> M | S7: {=_xlfn.XLOOKUP( 1, ( TabelaMap[SUB] = BS_CONTROLE[[#This Row],[SUB]]) * ( TabelaMap[KM Inicio] <= BS_CONTROLE[[#This Row],[KM - Inicio]]) * ( TabelaMap[KM Fim] >= BS_CONTROLE[[#This Row],[KM - Inicio]]), TabelaMap[Gerência], "-", 0 )} -> SP SUL | T7: {=_xlfn.XLOOKUP( 1, ( TabelaMap[SUB] = BS_CONTROLE[[#This Row],[SUB]]) * ( TabelaMap[KM Inicio] <= BS_CONTROLE[[#This Row],[KM - Inicio]]) * ( TabelaMap[KM Fim] >= BS_CONTROLE[[#This Row],[KM - Inicio]]), TabelaMap[Trecho Coordenação], "-", 0 )} -> ZBV-ZKE | U7: {=_xlfn.XLOOKUP( 1, ( TabelaMap[SUB] = BS_CONTROLE[[#This Row],[SUB]]) * ( TabelaMap[KM Inicio] <= BS_CONTROLE[[#This Row],[KM - Inicio]]) * ( TabelaMap[KM Fim] >= BS_CONTROLE[[#This Row],[KM - Inicio]]), TabelaMap[NOME SUB], "-", 0 )} -> CANGUERA - BOA VISTA NOVA (L2 PRINCIPAL) | V7: Ezequiel | W7: Socaria mecanizada | X7: Oportunidade | AA7: 1 | AB7: FIXO | AC7: - | AD7: 0.29166667 | AE7: 6242 | AF7: - | AG7: - | AI7: =IF(BS_CONTROLE[[#This Row],[Atividade]]=0, "-", BS_CONTROLE[[#This Row],[Atividade]]) -> MECANIZAÇÃO - SOCADORA | AJ7: =IF(BS_CONTROLE[[#This Row],[Atividade]]=0, "-", BS_CONTROLE[[#This Row],[Atividade]]) -> MECANIZAÇÃO - SOCADORA | AK7: =BS_CONTROLE[[#This Row],[Local - Partida]] -> ZYU1 | AL7: =BS_CONTROLE[[#This Row],[Local - Encerramento]] -> ZYU1 | AM7: =IF(BS_CONTROLE[[#This Row],[Entre - Estações]]=0, "-", BS_CONTROLE[[#This Row],[Entre - Estações]]) -> ZYU-ZST | AN7: =IF(BS_CONTROLE[[#This Row],[SB]]=0, "-", BS_CONTROLE[[#This Row],[SB]]) -> 206ZST | AO7: =IF(BS_CONTROLE[[#This Row],[SUB]]=0, "-", BS_CONTROLE[[#This Row],[SUB]]) -> 56 | AP7: =BS_CONTROLE[[#This Row],[KM - Inicio]] -> 206.78 | AQ7: =BS_CONTROLE[[#This Row],[KM - Inicio]] -> 206.78 | AR7: 0.32916667 | AS7: 0.42638889 | AT7: 0.525 | AY7: =IF(D7="","*",IFERROR(IF(ISODD(COUNT(AS7:AX7)),"ERRO",SUM((AT7-AS7),(AV7-AU7),(AX7-AW7))),"ERRO")) -> 0.098611111 | BA7: 500 | BB7: =IFERROR(_xlfn.XLOOKUP(AI7, BS_ATIVIDADE[ATIVIDADE],BS_ATIVIDADE[UNIDADE] ), "*") -> M | BC7: {=_xlfn.XLOOKUP( 1, ( TabelaMap[SUB] = BS_CONTROLE[[#This Row],[SUB_5]]) * ( TabelaMap[KM Inicio] <= BS_CONTROLE[[#This Row],[KM - ínicio]]) * ( TabelaMap[KM Fim] >= BS_CONTROLE[[#This Row],[KM - ínicio]]), TabelaMap[Gerência], "-", 0 )} -> SP SUL | BD7: {=_xlfn.XLOOKUP( 1, ( TabelaMap[SUB] = BS_CONTROLE[[#This Row],[SUB_5]]) * ( TabelaMap[KM Inicio] <= BS_CONTROLE[[#This Row],[KM - ínicio]]) * ( TabelaMap[KM Fim] >= BS_CONTROLE[[#This Row],[KM - ínicio]]), TabelaMap[Trecho Coordenação], "-", 0 )} -> ZBV-ZKE | BE7: {=_xlfn.XLOOKUP( 1, ( TabelaMap[SUB] = BS_CONTROLE[[#This Row],[SUB_5]]) * ( TabelaMap[KM Inicio] <= BS_CONTROLE[[#This Row],[KM - Inicio]]) * ( TabelaMap[KM Fim] >= BS_CONTROLE[[#This Row],[KM - Inicio]]), TabelaMap[NOME SUB], "-", 0 )} -> CANGUERA - BOA VISTA NOVA (L2 PRINCIPAL) | BH7: 2 | BJ7: MC1 07:54, intervalo 10:14 até 12:36 | BK7: MC1 07:54, intervalo 10:14 até 12:36 | BM7: OK | BN7: OK | BO7: OK | BQ7: =IF(AND(BR7<1,BS7<1),"Produção e Intervalo",IF(BR7<1,"Intervalo",IF(BS7<1,"Produção","Aderente"))) -> Aderente | BR7: =IF(OR(B7="",F7=""),"*",AY7/P7) -> 1.1833333 | BS7: =IF(OR(B7="",F7=""),"*",BA7/Q7) -> 1 | BT7: =IF(BN7="","",SUBSTITUTE(BM7," ","")&SUBSTITUTE(BN7," ","")) -> OKOK
A8: =D8&B8 -> V85 | C8: =IF(BS_CONTROLE[[#This Row],[DATA]]="","",WEEKNUM(BS_CONTROLE[[#This Row],[DATA]])) | D8: V85 | F8: MECANIZAÇÃO - SOCADORA | G8: =IF(D8="","*",VLOOKUP(F8,BS_ATIVIDADE[],3,FALSE)) -> MECANIZAÇÃO - SOCADORA | M8: {=_xlfn.XLOOKUP( 1, ( TabelaMap[SUB] = BS_CONTROLE[[#This Row],[SUB]]) * ( TabelaMap[KM Inicio] <= BS_CONTROLE[[#This Row],[KM - Inicio]]) * ( TabelaMap[KM Fim] >= BS_CONTROLE[[#This Row],[KM - Inicio]]), TabelaMap[Trecho], "-", 0 )} -> - | N8: {=_xlfn.XLOOKUP( 1, ( TabelaMap[SUB] = BS_CONTROLE[[#This Row],[SUB]]) * ( TabelaMap[KM Inicio] <= BS_CONTROLE[[#This Row],[KM - Inicio]]) * ( TabelaMap[KM Fim] >= BS_CONTROLE[[#This Row],[KM - Inicio]]), TabelaMap[SB], "-", 0 )} -> - | R8: =IFERROR(_xlfn.XLOOKUP(F8, BS_ATIVIDADE[ATIVIDADE],BS_ATIVIDADE[UNIDADE] ), "*") -> M | S8: {=_xlfn.XLOOKUP( 1, ( TabelaMap[SUB] = BS_CONTROLE[[#This Row],[SUB]]) * ( TabelaMap[KM Inicio] <= BS_CONTROLE[[#This Row],[KM - Inicio]]) * ( TabelaMap[KM Fim] >= BS_CONTROLE[[#This Row],[KM - Inicio]]), TabelaMap[Gerência], "-", 0 )} -> - | T8: {=_xlfn.XLOOKUP( 1, ( TabelaMap[SUB] = BS_CONTROLE[[#This Row],[SUB]]) * ( TabelaMap[KM Inicio] <= BS_CONTROLE[[#This Row],[KM - Inicio]]) * ( TabelaMap[KM Fim] >= BS_CONTROLE[[#This Row],[KM - Inicio]]), TabelaMap[Trecho Coordenação], "-", 0 )} -> - | U8: {=_xlfn.XLOOKUP( 1, ( TabelaMap[SUB] = BS_CONTROLE[[#This Row],[SUB]]) * ( TabelaMap[KM Inicio] <= BS_CONTROLE[[#This Row],[KM - Inicio]]) * ( TabelaMap[KM Fim] >= BS_CONTROLE[[#This Row],[KM - Inicio]]), TabelaMap[NOME SUB], "-", 0 )} -> - | AI8: =IF(BS_CONTROLE[[#This Row],[Atividade]]=0, "-", BS_CONTROLE[[#This Row],[Atividade]]) -> MECANIZAÇÃO - SOCADORA | AJ8: =IF(BS_CONTROLE[[#This Row],[Atividade]]=0, "-", BS_CONTROLE[[#This Row],[Atividade]]) -> MECANIZAÇÃO - SOCADORA | AK8: =BS_CONTROLE[[#This Row],[Local - Partida]] -> 0 | AL8: =BS_CONTROLE[[#This Row],[Local - Encerramento]] -> 0 | AM8: =IF(BS_CONTROLE[[#This Row],[Entre - Estações]]=0, "-", BS_CONTROLE[[#This Row],[Entre - Estações]]) -> - | AN8: =IF(BS_CONTROLE[[#This Row],[SB]]=0, "-", BS_CONTROLE[[#This Row],[SB]]) -> - | AO8: =IF(BS_CONTROLE[[#This Row],[SUB]]=0, "-", BS_CONTROLE[[#This Row],[SUB]]) -> - | AP8: =BS_CONTROLE[[#This Row],[KM - Inicio]] -> 0 | AQ8: =BS_CONTROLE[[#This Row],[KM - Inicio]] -> 0 | AY8: =IF(D8="","*",IFERROR(IF(ISODD(COUNT(AS8:AX8)),"ERRO",SUM((AT8-AS8),(AV8-AU8),(AX8-AW8))),"ERRO")) -> 0 | BB8: =IFERROR(_xlfn.XLOOKUP(AI8, BS_ATIVIDADE[ATIVIDADE],BS_ATIVIDADE[UNIDADE] ), "*") -> M | BC8: {=_xlfn.XLOOKUP( 1, ( TabelaMap[SUB] = BS_CONTROLE[[#This Row],[SUB_5]]) * ( TabelaMap[KM Inicio] <= BS_CONTROLE[[#This Row],[KM - ínicio]]) * ( TabelaMap[KM Fim] >= BS_CONTROLE[[#This Row],[KM - ínicio]]), TabelaMap[Gerência], "-", 0 )} -> - | BD8: {=_xlfn.XLOOKUP( 1, ( TabelaMap[SUB] = BS_CONTROLE[[#This Row],[SUB_5]]) * ( TabelaMap[KM Inicio] <= BS_CONTROLE[[#This Row],[KM - ínicio]]) * ( TabelaMap[KM Fim] >= BS_CONTROLE[[#This Row],[KM - ínicio]]), TabelaMap[Trecho Coordenação], "-", 0 )} -> - | BE8: {=_xlfn.XLOOKUP( 1, ( TabelaMap[SUB] = BS_CONTROLE[[#This Row],[SUB_5]]) * ( TabelaMap[KM Inicio] <= BS_CONTROLE[[#This Row],[KM - Inicio]]) * ( TabelaMap[KM Fim] >= BS_CONTROLE[[#This Row],[KM - Inicio]]), TabelaMap[NOME SUB], "-", 0 )} -> - | BQ8: =IF(AND(BR8<1,BS8<1),"Produção e Intervalo",IF(BR8<1,"Intervalo",IF(BS8<1,"Produção","Aderente"))) -> Aderente | BR8: =IF(OR(B8="",F8=""),"*",AY8/P8) -> * | BS8: =IF(OR(B8="",F8=""),"*",BA8/Q8) -> * | BT8: =IF(BN8="","",SUBSTITUTE(BM8," ","")&SUBSTITUTE(BN8," ","")) | BU8: TEXTO ABAIXO
A9: =D9&B9 -> E17 | C9: =IF(BS_CONTROLE[[#This Row],[DATA]]="","",WEEKNUM(BS_CONTROLE[[#This Row],[DATA]])) | D9: E17 | E9: 4 | F9: CAMINHÃO DE SOLDA | G9: =IF(D9="","*",VLOOKUP(F9,BS_ATIVIDADE[],3,FALSE)) -> CAMINHÂO - SOLDA | M9: {=_xlfn.XLOOKUP( 1, ( TabelaMap[SUB] = BS_CONTROLE[[#This Row],[SUB]]) * ( TabelaMap[KM Inicio] <= BS_CONTROLE[[#This Row],[KM - Inicio]]) * ( TabelaMap[KM Fim] >= BS_CONTROLE[[#This Row],[KM - Inicio]]), TabelaMap[Trecho], "-", 0 )} -> - | N9: {=_xlfn.XLOOKUP( 1, ( TabelaMap[SUB] = BS_CONTROLE[[#This Row],[SUB]]) * ( TabelaMap[KM Inicio] <= BS_CONTROLE[[#This Row],[KM - Inicio]]) * ( TabelaMap[KM Fim] >= BS_CONTROLE[[#This Row],[KM - Inicio]]), TabelaMap[SB], "-", 0 )} -> - | R9: =IFERROR(_xlfn.XLOOKUP(F9, BS_ATIVIDADE[ATIVIDADE],BS_ATIVIDADE[UNIDADE] ), "*") -> Nº DE SOLDA | S9: {=_xlfn.XLOOKUP( 1, ( TabelaMap[SUB] = BS_CONTROLE[[#This Row],[SUB]]) * ( TabelaMap[KM Inicio] <= BS_CONTROLE[[#This Row],[KM - Inicio]]) * ( TabelaMap[KM Fim] >= BS_CONTROLE[[#This Row],[KM - Inicio]]), TabelaMap[Gerência], "-", 0 )} -> - | T9: {=_xlfn.XLOOKUP( 1, ( TabelaMap[SUB] = BS_CONTROLE[[#This Row],[SUB]]) * ( TabelaMap[KM Inicio] <= BS_CONTROLE[[#This Row],[KM - Inicio]]) * ( TabelaMap[KM Fim] >= BS_CONTROLE[[#This Row],[KM - Inicio]]), TabelaMap[Trecho Coordenação], "-", 0 )} -> - | U9: {=_xlfn.XLOOKUP( 1, ( TabelaMap[SUB] = BS_CONTROLE[[#This Row],[SUB]]) * ( TabelaMap[KM Inicio] <= BS_CONTROLE[[#This Row],[KM - Inicio]]) * ( TabelaMap[KM Fim] >= BS_CONTROLE[[#This Row],[KM - Inicio]]), TabelaMap[NOME SUB], "-", 0 )} -> - | AI9: =IF(BS_CONTROLE[[#This Row],[Atividade]]=0, "-", BS_CONTROLE[[#This Row],[Atividade]]) -> CAMINHÃO DE SOLDA | AJ9: =IF(BS_CONTROLE[[#This Row],[Atividade]]=0, "-", BS_CONTROLE[[#This Row],[Atividade]]) -> CAMINHÃO DE SOLDA | AK9: =BS_CONTROLE[[#This Row],[Local - Partida]] -> 0 | AL9: =BS_CONTROLE[[#This Row],[Local - Encerramento]] -> 0 | AM9: =IF(BS_CONTROLE[[#This Row],[Entre - Estações]]=0, "-", BS_CONTROLE[[#This Row],[Entre - Estações]]) -> - | AN9: =IF(BS_CONTROLE[[#This Row],[SB]]=0, "-", BS_CONTROLE[[#This Row],[SB]]) -> - | AO9: =IF(BS_CONTROLE[[#This Row],[SUB]]=0, "-", BS_CONTROLE[[#This Row],[SUB]]) -> - | AP9: =BS_CONTROLE[[#This Row],[KM - Inicio]] -> 0 | AQ9: =BS_CONTROLE[[#This Row],[KM - Inicio]] -> 0 | AY9: =IF(D9="","*",IFERROR(IF(ISODD(COUNT(AS9:AX9)),"ERRO",SUM((AT9-AS9),(AV9-AU9),(AX9-AW9))),"ERRO")) -> 0 | BB9: =IFERROR(_xlfn.XLOOKUP(AI9, BS_ATIVIDADE[ATIVIDADE],BS_ATIVIDADE[UNIDADE] ), "*") -> Nº DE SOLDA | BC9: {=_xlfn.XLOOKUP( 1, ( TabelaMap[SUB] = BS_CONTROLE[[#This Row],[SUB_5]]) * ( TabelaMap[KM Inicio] <= BS_CONTROLE[[#This Row],[KM - ínicio]]) * ( TabelaMap[KM Fim] >= BS_CONTROLE[[#This Row],[KM - ínicio]]), TabelaMap[Gerência], "-", 0 )} -> - | BD9: {=_xlfn.XLOOKUP( 1, ( TabelaMap[SUB] = BS_CONTROLE[[#This Row],[SUB_5]]) * ( TabelaMap[KM Inicio] <= BS_CONTROLE[[#This Row],[KM - ínicio]]) * ( TabelaMap[KM Fim] >= BS_CONTROLE[[#This Row],[KM - ínicio]]), TabelaMap[Trecho Coordenação], "-", 0 )} -> - | BE9: {=_xlfn.XLOOKUP( 1, ( TabelaMap[SUB] = BS_CONTROLE[[#This Row],[SUB_5]]) * ( TabelaMap[KM Inicio] <= BS_CONTROLE[[#This Row],[KM - Inicio]]) * ( TabelaMap[KM Fim] >= BS_CONTROLE[[#This Row],[KM - Inicio]]), TabelaMap[NOME SUB], "-", 0 )} -> - | BQ9: =IF(AND(BR9<1,BS9<1),"Produção e Intervalo",IF(BR9<1,"Intervalo",IF(BS9<1,"Produção","Aderente"))) -> Aderente | BR9: =IF(OR(B9="",F9=""),"*",AY9/P9) -> * | BS9: =IF(OR(B9="",F9=""),"*",BA9/Q9) -> * | BT9: =IF(BN9="","",SUBSTITUTE(BM9," ","")&SUBSTITUTE(BN9," ","")) | BU9: *RELATÓRIO DIÁRIO - SP_SUL - 16/2/2026* ---------------------------- ⚪ *Ativo:* EXPANSÃO TURMA 1 ├ KM: 170 └ Status: TP pronto 08h42 / Concedidointervalo das 09h42 até 11h00. Realizado alívio de tensão ⚪ *Ativo:* KLECIO (TP-699) ├ KM: 68 └ Status: TP em preparação, pronta 08:52 / Previsão de faixa após L90 as 14h00 ⚪ *Ativo:* E42 ├ KM: 68 └ Status: Previsão de solicitar MC1 13h30 / ⚪ *Ativo:* ROGÉRIO (TP-730) ├ KM: 56 └ Status: TP não solicita intervalo/ realizado acabamento. ⚪ *Ativo:* V93 ├ KM: 56 └ Status: Acionado maquinista / MC1 10h31 /autorizado entrada na via 11h52 / aguardando passagem do M80 para deslocar para km de trabalho. ⚪ *Ativo:* W59 ├ KM: 49 └ Status: Alterado progrmação / recolher dormentes do km200 e descarregar no km190+000 / MC1 08h48 /Autorizado entrada na via 10h47 / Em deslocamento ⚪ *Ativo:* ROBSON (TF-701) ├ KM: 56 └ Status: TP em preparação ⚪ *Ativo:* JACIANO (TF-674) ├ KM: 56 └ Status: TP em preparação ⚪ *Ativo:* V95 ├ KM: 49 └ Status: Alterado programação, solicita MC1 em ZMA. ⚪ *Ativo:* W60 ├ KM: 55 └ Status: MC1 10h06 / Cancelado a faixa, devido priorização do E17 + TP's solda e troca de trilho. ⚪ *Ativo:* E17 ├ KM: 55 └ Status: MC1 08h06 / PRevisão de faixa após L40, em intervalo 09:12 ⚪ *Ativo:* V89 ├ KM: 55 └ Status: Alterado programação para deslocamento de ZEM para ZKW / MC1 09h49 / previsão de faixa após i13 / ⚪ *Ativo:* CLEBISON (TP-728) ├ KM: 55 └ Status: Alterado programação para km 102+500 via 2 / Em interevalo das 09h32 até 12h00 ⚪ *Ativo:* ISMAEL(TP-726) ├ KM: 55 └ Status: Alterado programação para km 102+500 via 2 / Em interevalo das 09h32 até 12h00 ⚪ *Ativo:* DIEGO (TP-681) ├ KM: 55 └ Status: TP pronto 09h32 / Em intrervalo das 09h32 até 12h00 ⚪ *Ativo:* MATEUS (TP-809) ├ KM: 48 └ Status: TP pronto 08h50 / Realizado intervalo 09:12 até 11:12 ⚪ *Ativo:* ADENISON (TP-810) ├ KM: 48 └ Status: TP pronto 08h50 / Realizado intervalo 09:12 até 11:12 ⚪ *Ativo:* JACIANO (TF-674) ├ KM: 92 └ Status: TP pronto 09h51 / Previsão de faixa após L40 / ⚪ *Ativo:* A84 ├ KM: 92 └ Status: MC1 07h55 / Previsão de faixa após i22, autorizado 08:59, em inspeção a ZPT ⚪ *Ativo:* W61 ├ KM: 92 └ Status: MC1 08h25 / Em deslocamento da turmas ⚪ *Ativo:* W62 ├ KM: 92 └ Status: MC1 07h13 / autorizado entrada na via 08h03 / Em deslocamento das turmas ⚪ *Ativo:* EXPANSÃO TURMA 1 ├ KM: 53 └ Status: Equipe pronta 09:05, sem oportunidade ⚪ *Ativo:* RAFAEL (TP-695) ├ KM: 53 └ Status: TP pronto 10h47 / Previsão de faixa após i22 (A confirmar) / ✅ *Total de itens encontrados:* 23
A10: =D10&B10 | C10: =IF(BS_CONTROLE[[#This Row],[DATA]]="","",WEEKNUM(BS_CONTROLE[[#This Row],[DATA]])) | E10: 5 | G10: =IF(D10="","*",VLOOKUP(F10,BS_ATIVIDADE[],3,FALSE)) -> * | M10: {=_xlfn.XLOOKUP( 1, ( TabelaMap[SUB] = BS_CONTROLE[[#This Row],[SUB]]) * ( TabelaMap[KM Inicio] <= BS_CONTROLE[[#This Row],[KM - Inicio]]) * ( TabelaMap[KM Fim] >= BS_CONTROLE[[#This Row],[KM - Inicio]]), TabelaMap[Trecho], "-", 0 )} -> - | N10: {=_xlfn.XLOOKUP( 1, ( TabelaMap[SUB] = BS_CONTROLE[[#This Row],[SUB]]) * ( TabelaMap[KM Inicio] <= BS_CONTROLE[[#This Row],[KM - Inicio]]) * ( TabelaMap[KM Fim] >= BS_CONTROLE[[#This Row],[KM - Inicio]]), TabelaMap[SB], "-", 0 )} -> - | R10: =IFERROR(_xlfn.XLOOKUP(F10, BS_ATIVIDADE[ATIVIDADE],BS_ATIVIDADE[UNIDADE] ), "*") -> * | S10: {=_xlfn.XLOOKUP( 1, ( TabelaMap[SUB] = BS_CONTROLE[[#This Row],[SUB]]) * ( TabelaMap[KM Inicio] <= BS_CONTROLE[[#This Row],[KM - Inicio]]) * ( TabelaMap[KM Fim] >= BS_CONTROLE[[#This Row],[KM - Inicio]]), TabelaMap[Gerência], "-", 0 )} -> - | T10: {=_xlfn.XLOOKUP( 1, ( TabelaMap[SUB] = BS_CONTROLE[[#This Row],[SUB]]) * ( TabelaMap[KM Inicio] <= BS_CONTROLE[[#This Row],[KM - Inicio]]) * ( TabelaMap[KM Fim] >= BS_CONTROLE[[#This Row],[KM - Inicio]]), TabelaMap[Trecho Coordenação], "-", 0 )} -> - | U10: {=_xlfn.XLOOKUP( 1, ( TabelaMap[SUB] = BS_CONTROLE[[#This Row],[SUB]]) * ( TabelaMap[KM Inicio] <= BS_CONTROLE[[#This Row],[KM - Inicio]]) * ( TabelaMap[KM Fim] >= BS_CONTROLE[[#This Row],[KM - Inicio]]), TabelaMap[NOME SUB], "-", 0 )} -> - | AI10: =IF(BS_CONTROLE[[#This Row],[Atividade]]=0, "-", BS_CONTROLE[[#This Row],[Atividade]]) -> - | AJ10: =IF(BS_CONTROLE[[#This Row],[Atividade]]=0, "-", BS_CONTROLE[[#This Row],[Atividade]]) -> - | AK10: =BS_CONTROLE[[#This Row],[Local - Partida]] -> 0 | AL10: =BS_CONTROLE[[#This Row],[Local - Encerramento]] -> 0 | AM10: =IF(BS_CONTROLE[[#This Row],[Entre - Estações]]=0, "-", BS_CONTROLE[[#This Row],[Entre - Estações]]) -> - | AN10: =IF(BS_CONTROLE[[#This Row],[SB]]=0, "-", BS_CONTROLE[[#This Row],[SB]]) -> - | AO10: =IF(BS_CONTROLE[[#This Row],[SUB]]=0, "-", BS_CONTROLE[[#This Row],[SUB]]) -> - | AP10: =BS_CONTROLE[[#This Row],[KM - Inicio]] -> 0 | AQ10: =BS_CONTROLE[[#This Row],[KM - Inicio]] -> 0 | AY10: =IF(D10="","*",IFERROR(IF(ISODD(COUNT(AS10:AX10)),"ERRO",SUM((AT10-AS10),(AV10-AU10),(AX10-AW10))),"ERRO")) -> * | BB10: =IFERROR(_xlfn.XLOOKUP(AI10, BS_ATIVIDADE[ATIVIDADE],BS_ATIVIDADE[UNIDADE] ), "*") -> * | BC10: {=_xlfn.XLOOKUP( 1, ( TabelaMap[SUB] = BS_CONTROLE[[#This Row],[SUB_5]]) * ( TabelaMap[KM Inicio] <= BS_CONTROLE[[#This Row],[KM - ínicio]]) * ( TabelaMap[KM Fim] >= BS_CONTROLE[[#This Row],[KM - ínicio]]), TabelaMap[Gerência], "-", 0 )} -> - | BD10: {=_xlfn.XLOOKUP( 1, ( TabelaMap[SUB] = BS_CONTROLE[[#This Row],[SUB_5]]) * ( TabelaMap[KM Inicio] <= BS_CONTROLE[[#This Row],[KM - ínicio]]) * ( TabelaMap[KM Fim] >= BS_CONTROLE[[#This Row],[KM - ínicio]]), TabelaMap[Trecho Coordenação], "-", 0 )} -> - | BE10: {=_xlfn.XLOOKUP( 1, ( TabelaMap[SUB] = BS_CONTROLE[[#This Row],[SUB_5]]) * ( TabelaMap[KM Inicio] <= BS_CONTROLE[[#This Row],[KM - Inicio]]) * ( TabelaMap[KM Fim] >= BS_CONTROLE[[#This Row],[KM - Inicio]]), TabelaMap[NOME SUB], "-", 0 )} -> - | BQ10: =IF(AND(BR10<1,BS10<1),"Produção e Intervalo",IF(BR10<1,"Intervalo",IF(BS10<1,"Produção","Aderente"))) -> Aderente | BR10: =IF(OR(B10="",F10=""),"*",AY10/P10) -> * | BS10: =IF(OR(B10="",F10=""),"*",BA10/Q10) -> * | BT10: =IF(BN10="","",SUBSTITUTE(BM10," ","")&SUBSTITUTE(BN10," ",""))
A11: =D11&B11 | C11: =IF(BS_CONTROLE[[#This Row],[DATA]]="","",WEEKNUM(BS_CONTROLE[[#This Row],[DATA]])) | E11: 6 | G11: =IF(D11="","*",VLOOKUP(F11,BS_ATIVIDADE[],3,FALSE)) -> * | M11: {=_xlfn.XLOOKUP( 1, ( TabelaMap[SUB] = BS_CONTROLE[[#This Row],[SUB]]) * ( TabelaMap[KM Inicio] <= BS_CONTROLE[[#This Row],[KM - Inicio]]) * ( TabelaMap[KM Fim] >= BS_CONTROLE[[#This Row],[KM - Inicio]]), TabelaMap[Trecho], "-", 0 )} -> - | N11: {=_xlfn.XLOOKUP( 1, ( TabelaMap[SUB] = BS_CONTROLE[[#This Row],[SUB]]) * ( TabelaMap[KM Inicio] <= BS_CONTROLE[[#This Row],[KM - Inicio]]) * ( TabelaMap[KM Fim] >= BS_CONTROLE[[#This Row],[KM - Inicio]]), TabelaMap[SB], "-", 0 )} -> - | R11: =IFERROR(_xlfn.XLOOKUP(F11, BS_ATIVIDADE[ATIVIDADE],BS_ATIVIDADE[UNIDADE] ), "*") -> * | S11: {=_xlfn.XLOOKUP( 1, ( TabelaMap[SUB] = BS_CONTROLE[[#This Row],[SUB]]) * ( TabelaMap[KM Inicio] <= BS_CONTROLE[[#This Row],[KM - Inicio]]) * ( TabelaMap[KM Fim] >= BS_CONTROLE[[#This Row],[KM - Inicio]]), TabelaMap[Gerência], "-", 0 )} -> - | T11: {=_xlfn.XLOOKUP( 1, ( TabelaMap[SUB] = BS_CONTROLE[[#This Row],[SUB]]) * ( TabelaMap[KM Inicio] <= BS_CONTROLE[[#This Row],[KM - Inicio]]) * ( TabelaMap[KM Fim] >= BS_CONTROLE[[#This Row],[KM - Inicio]]), TabelaMap[Trecho Coordenação], "-", 0 )} -> - | U11: {=_xlfn.XLOOKUP( 1, ( TabelaMap[SUB] = BS_CONTROLE[[#This Row],[SUB]]) * ( TabelaMap[KM Inicio] <= BS_CONTROLE[[#This Row],[KM - Inicio]]) * ( TabelaMap[KM Fim] >= BS_CONTROLE[[#This Row],[KM - Inicio]]), TabelaMap[NOME SUB], "-", 0 )} -> - | AI11: =IF(BS_CONTROLE[[#This Row],[Atividade]]=0, "-", BS_CONTROLE[[#This Row],[Atividade]]) -> - | AJ11: =IF(BS_CONTROLE[[#This Row],[Atividade]]=0, "-", BS_CONTROLE[[#This Row],[Atividade]]) -> - | AK11: =BS_CONTROLE[[#This Row],[Local - Partida]] -> 0 | AL11: =BS_CONTROLE[[#This Row],[Local - Encerramento]] -> 0 | AM11: =IF(BS_CONTROLE[[#This Row],[Entre - Estações]]=0, "-", BS_CONTROLE[[#This Row],[Entre - Estações]]) -> - | AN11: =IF(BS_CONTROLE[[#This Row],[SB]]=0, "-", BS_CONTROLE[[#This Row],[SB]]) -> - | AO11: =IF(BS_CONTROLE[[#This Row],[SUB]]=0, "-", BS_CONTROLE[[#This Row],[SUB]]) -> - | AP11: =BS_CONTROLE[[#This Row],[KM - Inicio]] -> 0 | AQ11: =BS_CONTROLE[[#This Row],[KM - Inicio]] -> 0 | AY11: =IF(D11="","*",IFERROR(IF(ISODD(COUNT(AS11:AX11)),"ERRO",SUM((AT11-AS11),(AV11-AU11),(AX11-AW11))),"ERRO")) -> * | BB11: =IFERROR(_xlfn.XLOOKUP(AI11, BS_ATIVIDADE[ATIVIDADE],BS_ATIVIDADE[UNIDADE] ), "*") -> * | BC11: {=_xlfn.XLOOKUP( 1, ( TabelaMap[SUB] = BS_CONTROLE[[#This Row],[SUB_5]]) * ( TabelaMap[KM Inicio] <= BS_CONTROLE[[#This Row],[KM - ínicio]]) * ( TabelaMap[KM Fim] >= BS_CONTROLE[[#This Row],[KM - ínicio]]), TabelaMap[Gerência], "-", 0 )} -> - | BD11: {=_xlfn.XLOOKUP( 1, ( TabelaMap[SUB] = BS_CONTROLE[[#This Row],[SUB_5]]) * ( TabelaMap[KM Inicio] <= BS_CONTROLE[[#This Row],[KM - ínicio]]) * ( TabelaMap[KM Fim] >= BS_CONTROLE[[#This Row],[KM - ínicio]]), TabelaMap[Trecho Coordenação], "-", 0 )} -> - | BE11: {=_xlfn.XLOOKUP( 1, ( TabelaMap[SUB] = BS_CONTROLE[[#This Row],[SUB_5]]) * ( TabelaMap[KM Inicio] <= BS_CONTROLE[[#This Row],[KM - Inicio]]) * ( TabelaMap[KM Fim] >= BS_CONTROLE[[#This Row],[KM - Inicio]]), TabelaMap[NOME SUB], "-", 0 )} -> - | BQ11: =IF(AND(BR11<1,BS11<1),"Produção e Intervalo",IF(BR11<1,"Intervalo",IF(BS11<1,"Produção","Aderente"))) -> Aderente | BR11: =IF(OR(B11="",F11=""),"*",AY11/P11) -> * | BS11: =IF(OR(B11="",F11=""),"*",BA11/Q11) -> * | BT11: =IF(BN11="","",SUBSTITUTE(BM11," ","")&SUBSTITUTE(BN11," ",""))
A12: =D12&B12 -> KLECIO (TP-699)46055 | B12: 46055 | C12: =IF(BS_CONTROLE[[#This Row],[DATA]]="","",WEEKNUM(BS_CONTROLE[[#This Row],[DATA]])) -> 6 | D12: KLECIO (TP-699) | F12: PDM - SOLDA | G12: =IF(D12="","*",VLOOKUP(F12,BS_ATIVIDADE[],3,FALSE)) -> SOLDA | H12: - | I12: - | J12: 70 | K12: 134.9 | L12: - | M12: ZRX-ZWX | N12: ZRQ1/133ZRQ1 | O12: 0.33333333 | P12: 0.083333333 | Q12: 1 | R12: =IFERROR(_xlfn.XLOOKUP(F12, BS_ATIVIDADE[ATIVIDADE],BS_ATIVIDADE[UNIDADE] ), "*") -> Nº DE SOLDA | S12: SP SUL | T12: ZBV-ZRX | U12: {=_xlfn.XLOOKUP( 1, ( TabelaMap[SUB] = BS_CONTROLE[[#This Row],[SUB]]) * ( TabelaMap[KM Inicio] <= BS_CONTROLE[[#This Row],[KM - Inicio]]) * ( TabelaMap[KM Fim] >= BS_CONTROLE[[#This Row],[KM - Inicio]]), TabelaMap[NOME SUB], "-", 0 )} -> RECANTO - ITIRAPINA (L1 PRINCIPAL) | V12: Klecio | W12: Execução de solda - Condicionado a temperatura | X12: Oportunidade | Y12: OPORTUNIDADE | AA12: - | AD12: - | AI12: =IF(BS_CONTROLE[[#This Row],[Atividade]]=0, "-", BS_CONTROLE[[#This Row],[Atividade]]) -> PDM - SOLDA | AJ12: =IF(BS_CONTROLE[[#This Row],[Atividade]]=0, "-", BS_CONTROLE[[#This Row],[Atividade]]) -> PDM - SOLDA | AK12: =BS_CONTROLE[[#This Row],[Local - Partida]] -> - | AL12: =BS_CONTROLE[[#This Row],[Local - Encerramento]] -> - | AM12: =IF(BS_CONTROLE[[#This Row],[Entre - Estações]]=0, "-", BS_CONTROLE[[#This Row],[Entre - Estações]]) -> ZRX-ZWX | AN12: =IF(BS_CONTROLE[[#This Row],[SB]]=0, "-", BS_CONTROLE[[#This Row],[SB]]) -> ZRQ1/133ZRQ1 | AO12: =IF(BS_CONTROLE[[#This Row],[SUB]]=0, "-", BS_CONTROLE[[#This Row],[SUB]]) -> 70 | AP12: =BS_CONTROLE[[#This Row],[KM - Inicio]] -> 134.9 | AQ12: =BS_CONTROLE[[#This Row],[KM - Inicio]] -> 134.9 | AR12: 0.40625 | AS12: 0 | AT12: 0 | AY12: =IF(D12="","*",IFERROR(IF(ISODD(COUNT(AS12:AX12)),"ERRO",SUM((AT12-AS12),(AV12-AU12),(AX12-AW12))),"ERRO")) -> 0 | BA12: 0 | BB12: =IFERROR(_xlfn.XLOOKUP(AI12, BS_ATIVIDADE[ATIVIDADE],BS_ATIVIDADE[UNIDADE] ), "*") -> Nº DE SOLDA | BC12: SP SUL | BD12: ZBV-ZRX | BF12: Klecio | BH12: 0 | BJ12: Devido condições climáticas / TP pronto 09h45 / Sem oportunidade de faixa | BK12: Devido condições climáticas / TP pronto 09h45 / Sem oportunidade de faixa | BM12: Sem Oportunidade | BN12: Sem Oportunidade | BO12: Sem Oportunidade | BP12: Devido condições climáticas / TP pronto 09h45 / Sem oportunidade de faixa | BQ12: =IF(AND(BR12<1,BS12<1),"Produção e Intervalo",IF(BR12<1,"Intervalo",IF(BS12<1,"Produção","Aderente"))) -> Produção e Intervalo | BR12: =IF(OR(B12="",F12=""),"*",AY12/P12) -> 0 | BS12: =IF(OR(B12="",F12=""),"*",BA12/Q12) -> 0 | BT12: =IF(BN12="","",SUBSTITUTE(BM12," ","")&SUBSTITUTE(BN12," ","")) -> SemOportunidadeSemOportunidade
A13: =D13&B13 -> EXPANSÃO TURMA 146055 | B13: 46055 | C13: =IF(BS_CONTROLE[[#This Row],[DATA]]="","",WEEKNUM(BS_CONTROLE[[#This Row],[DATA]])) -> 6 | D13: EXPANSÃO TURMA 1 | F13: EXPANSÃO - SOLDA | G13: =IF(D13="","*",VLOOKUP(F13,BS_ATIVIDADE[],3,FALSE)) -> EXPANSÃO | H13: - | I13: - | J13: 170 | K13: 114.045 | L13: - | M13: {=_xlfn.XLOOKUP( 1, ( TabelaMap[SUB] = BS_CONTROLE[[#This Row],[SUB]]) * ( TabelaMap[KM Inicio] <= BS_CONTROLE[[#This Row],[KM - Inicio]]) * ( TabelaMap[KM Fim] >= BS_CONTROLE[[#This Row],[KM - Inicio]]), TabelaMap[Trecho], "-", 0 )} -> ZCD-ZSQ | N13: ZCD1172 | O13: 0.33333333 | P13: 0.083333333 | Q13: 1 | R13: =IFERROR(_xlfn.XLOOKUP(F13, BS_ATIVIDADE[ATIVIDADE],BS_ATIVIDADE[UNIDADE] ), "*") -> Nº DE SOLDA | S13: {=_xlfn.XLOOKUP( 1, ( TabelaMap[SUB] = BS_CONTROLE[[#This Row],[SUB]]) * ( TabelaMap[KM Inicio] <= BS_CONTROLE[[#This Row],[KM - Inicio]]) * ( TabelaMap[KM Fim] >= BS_CONTROLE[[#This Row],[KM - Inicio]]), TabelaMap[Gerência], "-", 0 )} -> SP SUL | T13: {=_xlfn.XLOOKUP( 1, ( TabelaMap[SUB] = BS_CONTROLE[[#This Row],[SUB]]) * ( TabelaMap[KM Inicio] <= BS_CONTROLE[[#This Row],[KM - Inicio]]) * ( TabelaMap[KM Fim] >= BS_CONTROLE[[#This Row],[KM - Inicio]]), TabelaMap[Trecho Coordenação], "-", 0 )} -> ZBV-ZRX | U13: {=_xlfn.XLOOKUP( 1, ( TabelaMap[SUB] = BS_CONTROLE[[#This Row],[SUB]]) * ( TabelaMap[KM Inicio] <= BS_CONTROLE[[#This Row],[KM - Inicio]]) * ( TabelaMap[KM Fim] >= BS_CONTROLE[[#This Row],[KM - Inicio]]), TabelaMap[NOME SUB], "-", 0 )} -> RECANTO - ITIRAPINA (L2 PRINCIPAL) | V13: Elder | W13: Execução de solda - Condicionado a temperatura | X13: Oportunidade | Y13: OPORTUNIDADE | AA13: 1 | AB13: FIXO | AC13: - | AD13: 0.29166667 | AE13: 6249 | AF13: - | AG13: - | AI13: =IF(BS_CONTROLE[[#This Row],[Atividade]]=0, "-", BS_CONTROLE[[#This Row],[Atividade]]) -> EXPANSÃO - SOLDA | AJ13: =IF(BS_CONTROLE[[#This Row],[Atividade]]=0, "-", BS_CONTROLE[[#This Row],[Atividade]]) -> EXPANSÃO - SOLDA | AK13: =BS_CONTROLE[[#This Row],[Local - Partida]] -> - | AL13: =BS_CONTROLE[[#This Row],[Local - Encerramento]] -> - | AM13: =IF(BS_CONTROLE[[#This Row],[Entre - Estações]]=0, "-", BS_CONTROLE[[#This Row],[Entre - Estações]]) -> ZCD-ZSQ | AN13: =IF(BS_CONTROLE[[#This Row],[SB]]=0, "-", BS_CONTROLE[[#This Row],[SB]]) -> ZCD1172 | AO13: =IF(BS_CONTROLE[[#This Row],[SUB]]=0, "-", BS_CONTROLE[[#This Row],[SUB]]) -> 170 | AP13: =BS_CONTROLE[[#This Row],[KM - Inicio]] -> 114.045 | AQ13: =BS_CONTROLE[[#This Row],[KM - Inicio]] -> 114.045 | AR13: 0 | AS13: 0 | AT13: 0 | AY13: =IF(D13="","*",IFERROR(IF(ISODD(COUNT(AS13:AX13)),"ERRO",SUM((AT13-AS13),(AV13-AU13),(AX13-AW13))),"ERRO")) -> 0 | BA13: 0 | BB13: =IFERROR(_xlfn.XLOOKUP(AI13, BS_ATIVIDADE[ATIVIDADE],BS_ATIVIDADE[UNIDADE] ), "*") -> Nº DE SOLDA | BC13: {=_xlfn.XLOOKUP( 1, ( TabelaMap[SUB] = BS_CONTROLE[[#This Row],[SUB_5]]) * ( TabelaMap[KM Inicio] <= BS_CONTROLE[[#This Row],[KM - ínicio]]) * ( TabelaMap[KM Fim] >= BS_CONTROLE[[#This Row],[KM - ínicio]]), TabelaMap[Gerência], "-", 0 )} -> SP SUL | BD13: {=_xlfn.XLOOKUP( 1, ( TabelaMap[SUB] = BS_CONTROLE[[#This Row],[SUB_5]]) * ( TabelaMap[KM Inicio] <= BS_CONTROLE[[#This Row],[KM - ínicio]]) * ( TabelaMap[KM Fim] >= BS_CONTROLE[[#This Row],[KM - ínicio]]), TabelaMap[Trecho Coordenação], "-", 0 )} -> ZBV-ZRX | BE13: {=_xlfn.XLOOKUP( 1, ( TabelaMap[SUB] = BS_CONTROLE[[#This Row],[SUB_5]]) * ( TabelaMap[KM Inicio] <= BS_CONTROLE[[#This Row],[KM - Inicio]]) * ( TabelaMap[KM Fim] >= BS_CONTROLE[[#This Row],[KM - Inicio]]), TabelaMap[NOME SUB], "-", 0 )} -> RECANTO - ITIRAPINA (L2 PRINCIPAL) | BF13: Elder | BH13: 0 | BJ13: TP não solicita intervalo / condições climáticas (chuva) | BK13: TP não solicita intervalo / condições climáticas (chuva) | BM13: Condições Climática | BN13: Chuva | BO13: Chuva | BP13: TP não solicita intervalo / condições climáticas (chuva) | BQ13: =IF(AND(BR13<1,BS13<1),"Produção e Intervalo",IF(BR13<1,"Intervalo",IF(BS13<1,"Produção","Aderente"))) -> Produção e Intervalo | BR13: =IF(OR(B13="",F13=""),"*",AY13/P13) -> 0 | BS13: =IF(OR(B13="",F13=""),"*",BA13/Q13) -> 0 | BT13: =IF(BN13="","",SUBSTITUTE(BM13," ","")&SUBSTITUTE(BN13," ","")) -> CondiçõesClimáticaChuva
A14: =D14&B14 -> V8346055 | B14: 46055 | C14: =IF(BS_CONTROLE[[#This Row],[DATA]]="","",WEEKNUM(BS_CONTROLE[[#This Row],[DATA]])) -> 6 | D14: V83 | F14: MECANIZAÇÃO - SOCADORA | G14: =IF(D14="","*",VLOOKUP(F14,BS_ATIVIDADE[],3,FALSE)) -> MECANIZAÇÃO - SOCADORA | H14: ZAC2 | I14: ZAC2 | J14: 70 | K14: 87 | L14: - | M14: {=_xlfn.XLOOKUP( 1, ( TabelaMap[SUB] = BS_CONTROLE[[#This Row],[SUB]]) * ( TabelaMap[KM Inicio] <= BS_CONTROLE[[#This Row],[KM - Inicio]]) * ( TabelaMap[KM Fim] >= BS_CONTROLE[[#This Row],[KM - Inicio]]), TabelaMap[Trecho], "-", 0 )} -> ZAC-ZSW | N14: {=_xlfn.XLOOKUP( 1, ( TabelaMap[SUB] = BS_CONTROLE[[#This Row],[SUB]]) * ( TabelaMap[KM Inicio] <= BS_CONTROLE[[#This Row],[KM - Inicio]]) * ( TabelaMap[KM Fim] >= BS_CONTROLE[[#This Row],[KM - Inicio]]), TabelaMap[SB], "-", 0 )} -> ZACZSW | O14: 0.41666667 | P14: 0.083333333 | Q14: 360 | R14: =IFERROR(_xlfn.XLOOKUP(F14, BS_ATIVIDADE[ATIVIDADE],BS_ATIVIDADE[UNIDADE] ), "*") -> M | S14: {=_xlfn.XLOOKUP( 1, ( TabelaMap[SUB] = BS_CONTROLE[[#This Row],[SUB]]) * ( TabelaMap[KM Inicio] <= BS_CONTROLE[[#This Row],[KM - Inicio]]) * ( TabelaMap[KM Fim] >= BS_CONTROLE[[#This Row],[KM - Inicio]]), TabelaMap[Gerência], "-", 0 )} -> SP SUL | T14: {=_xlfn.XLOOKUP( 1, ( TabelaMap[SUB] = BS_CONTROLE[[#This Row],[SUB]]) * ( TabelaMap[KM Inicio] <= BS_CONTROLE[[#This Row],[KM - Inicio]]) * ( TabelaMap[KM Fim] >= BS_CONTROLE[[#This Row],[KM - Inicio]]), TabelaMap[Trecho Coordenação], "-", 0 )} -> ZBV-ZRX | U14: {=_xlfn.XLOOKUP( 1, ( TabelaMap[SUB] = BS_CONTROLE[[#This Row],[SUB]]) * ( TabelaMap[KM Inicio] <= BS_CONTROLE[[#This Row],[KM - Inicio]]) * ( TabelaMap[KM Fim] >= BS_CONTROLE[[#This Row],[KM - Inicio]]), TabelaMap[NOME SUB], "-", 0 )} -> RECANTO - ITIRAPINA (L1 PRINCIPAL) | V14: Antonioni | W14: Socaria mecanizada | X14: Oportunidade | Y14: OPORTUNIDADE | AA14: 1 | AB14: FIXO | AC14: - | AD14: - | AE14: - | AF14: - | AI14: =IF(BS_CONTROLE[[#This Row],[Atividade]]=0, "-", BS_CONTROLE[[#This Row],[Atividade]]) -> MECANIZAÇÃO - SOCADORA | AJ14: =IF(BS_CONTROLE[[#This Row],[Atividade]]=0, "-", BS_CONTROLE[[#This Row],[Atividade]]) -> MECANIZAÇÃO - SOCADORA | AK14: ZIQ-2 | AL14: ZIQ-2 | AM14: ZRX | AN14: ZRX1 | AO14: =IF(BS_CONTROLE[[#This Row],[SUB]]=0, "-", BS_CONTROLE[[#This Row],[SUB]]) -> 70 | AP14: 131.99 | AQ14: 131.2 | AR14: 0.33402778 | AS14: 0 | AT14: 0 | AY14: =IF(D14="","*",IFERROR(IF(ISODD(COUNT(AS14:AX14)),"ERRO",SUM((AT14-AS14),(AV14-AU14),(AX14-AW14))),"ERRO")) -> 0 | BA14: 0 | BB14: =IFERROR(_xlfn.XLOOKUP(AI14, BS_ATIVIDADE[ATIVIDADE],BS_ATIVIDADE[UNIDADE] ), "*") -> M | BC14: {=_xlfn.XLOOKUP( 1, ( TabelaMap[SUB] = BS_CONTROLE[[#This Row],[SUB_5]]) * ( TabelaMap[KM Inicio] <= BS_CONTROLE[[#This Row],[KM - ínicio]]) * ( TabelaMap[KM Fim] >= BS_CONTROLE[[#This Row],[KM - ínicio]]), TabelaMap[Gerência], "-", 0 )} -> SP SUL | BD14: {=_xlfn.XLOOKUP( 1, ( TabelaMap[SUB] = BS_CONTROLE[[#This Row],[SUB_5]]) * ( TabelaMap[KM Inicio] <= BS_CONTROLE[[#This Row],[KM - ínicio]]) * ( TabelaMap[KM Fim] >= BS_CONTROLE[[#This Row],[KM - ínicio]]), TabelaMap[Trecho Coordenação], "-", 0 )} -> ZBV-ZRX | BE14: {=_xlfn.XLOOKUP( 1, ( TabelaMap[SUB] = BS_CONTROLE[[#This Row],[SUB_5]]) * ( TabelaMap[KM Inicio] <= BS_CONTROLE[[#This Row],[KM - Inicio]]) * ( TabelaMap[KM Fim] >= BS_CONTROLE[[#This Row],[KM - Inicio]]), TabelaMap[NOME SUB], "-", 0 )} -> RECANTO - ITIRAPINA (L1 PRINCIPAL) | BF14: Antonioni | BH14: 0 | BJ14: MC1 08h01 / Sem oportunidade de faixa | BK14: MC1 08h01 / Sem oportunidade de faixa | BM14: Sem Oportunidade | BN14: Sem Oportunidade | BO14: Sem Oportunidade | BP14: MC1 08h01 / Sem oportunidade de faixa | BQ14: =IF(AND(BR14<1,BS14<1),"Produção e Intervalo",IF(BR14<1,"Intervalo",IF(BS14<1,"Produção","Aderente"))) -> Produção e Intervalo | BR14: =IF(OR(B14="",F14=""),"*",AY14/P14) -> 0 | BS14: =IF(OR(B14="",F14=""),"*",BA14/Q14) -> 0 | BT14: =IF(BN14="","",SUBSTITUTE(BM14," ","")&SUBSTITUTE(BN14," ","")) -> SemOportunidadeSemOportunidade
A15: =D15&B15 -> V4846055 | B15: 46055 | C15: =IF(BS_CONTROLE[[#This Row],[DATA]]="","",WEEKNUM(BS_CONTROLE[[#This Row],[DATA]])) -> 6 | D15: V48 | F15: MECANIZAÇÃO - SOCADORA | G15: =IF(D15="","*",VLOOKUP(F15,BS_ATIVIDADE[],3,FALSE)) -> MECANIZAÇÃO - SOCADORA | H15: ZAC2 | I15: ZAC2 | J15: 70 | K15: 85.4 | L15: 86.4 | M15: {=_xlfn.XLOOKUP( 1, ( TabelaMap[SUB] = BS_CONTROLE[[#This Row],[SUB]]) * ( TabelaMap[KM Inicio] <= BS_CONTROLE[[#This Row],[KM - Inicio]]) * ( TabelaMap[KM Fim] >= BS_CONTROLE[[#This Row],[KM - Inicio]]), TabelaMap[Trecho], "-", 0 )} -> ZAC-ZSW | N15: {=_xlfn.XLOOKUP( 1, ( TabelaMap[SUB] = BS_CONTROLE[[#This Row],[SUB]]) * ( TabelaMap[KM Inicio] <= BS_CONTROLE[[#This Row],[KM - Inicio]]) * ( TabelaMap[KM Fim] >= BS_CONTROLE[[#This Row],[KM - Inicio]]), TabelaMap[SB], "-", 0 )} -> ZACZSW | O15: 0.35416667 | P15: 0.083333333 | Q15: 510 | R15: =IFERROR(_xlfn.XLOOKUP(F15, BS_ATIVIDADE[ATIVIDADE],BS_ATIVIDADE[UNIDADE] ), "*") -> M | S15: {=_xlfn.XLOOKUP( 1, ( TabelaMap[SUB] = BS_CONTROLE[[#This Row],[SUB]]) * ( TabelaMap[KM Inicio] <= BS_CONTROLE[[#This Row],[KM - Inicio]]) * ( TabelaMap[KM Fim] >= BS_CONTROLE[[#This Row],[KM - Inicio]]), TabelaMap[Gerência], "-", 0 )} -> SP SUL | T15: {=_xlfn.XLOOKUP( 1, ( TabelaMap[SUB] = BS_CONTROLE[[#This Row],[SUB]]) * ( TabelaMap[KM Inicio] <= BS_CONTROLE[[#This Row],[KM - Inicio]]) * ( TabelaMap[KM Fim] >= BS_CONTROLE[[#This Row],[KM - Inicio]]), TabelaMap[Trecho Coordenação], "-", 0 )} -> ZBV-ZRX | U15: {=_xlfn.XLOOKUP( 1, ( TabelaMap[SUB] = BS_CONTROLE[[#This Row],[SUB]]) * ( TabelaMap[KM Inicio] <= BS_CONTROLE[[#This Row],[KM - Inicio]]) * ( TabelaMap[KM Fim] >= BS_CONTROLE[[#This Row],[KM - Inicio]]), TabelaMap[NOME SUB], "-", 0 )} -> RECANTO - ITIRAPINA (L1 PRINCIPAL) | V15: Ezequiel | W15: Socaria mecanizada | X15: Oportunidade | Y15: OPORTUNIDADE | AA15: 1 | AB15: FIXO | AC15: - | AD15: 0.29166667 | AE15: 6249 | AF15: - | AG15: - | AI15: =IF(BS_CONTROLE[[#This Row],[Atividade]]=0, "-", BS_CONTROLE[[#This Row],[Atividade]]) -> MECANIZAÇÃO - SOCADORA | AJ15: =IF(BS_CONTROLE[[#This Row],[Atividade]]=0, "-", BS_CONTROLE[[#This Row],[Atividade]]) -> MECANIZAÇÃO - SOCADORA | AK15: =BS_CONTROLE[[#This Row],[Local - Partida]] -> ZAC2 | AL15: =BS_CONTROLE[[#This Row],[Local - Encerramento]] -> ZAC2 | AM15: =IF(BS_CONTROLE[[#This Row],[Entre - Estações]]=0, "-", BS_CONTROLE[[#This Row],[Entre - Estações]]) -> ZAC-ZSW | AN15: =IF(BS_CONTROLE[[#This Row],[SB]]=0, "-", BS_CONTROLE[[#This Row],[SB]]) -> ZACZSW | AO15: =IF(BS_CONTROLE[[#This Row],[SUB]]=0, "-", BS_CONTROLE[[#This Row],[SUB]]) -> 70 | AP15: =BS_CONTROLE[[#This Row],[KM - Inicio]] -> 85.4 | AQ15: =BS_CONTROLE[[#This Row],[KM - Inicio]] -> 85.4 | AR15: 0.33402778 | AS15: 0 | AT15: 0 | AY15: =IF(D15="","*",IFERROR(IF(ISODD(COUNT(AS15:AX15)),"ERRO",SUM((AT15-AS15),(AV15-AU15),(AX15-AW15))),"ERRO")) -> 0 | BA15: 0 | BB15: =IFERROR(_xlfn.XLOOKUP(AI15, BS_ATIVIDADE[ATIVIDADE],BS_ATIVIDADE[UNIDADE] ), "*") -> M | BC15: {=_xlfn.XLOOKUP( 1, ( TabelaMap[SUB] = BS_CONTROLE[[#This Row],[SUB_5]]) * ( TabelaMap[KM Inicio] <= BS_CONTROLE[[#This Row],[KM - ínicio]]) * ( TabelaMap[KM Fim] >= BS_CONTROLE[[#This Row],[KM - ínicio]]), TabelaMap[Gerência], "-", 0 )} -> SP SUL | BD15: {=_xlfn.XLOOKUP( 1, ( TabelaMap[SUB] = BS_CONTROLE[[#This Row],[SUB_5]]) * ( TabelaMap[KM Inicio] <= BS_CONTROLE[[#This Row],[KM - ínicio]]) * ( TabelaMap[KM Fim] >= BS_CONTROLE[[#This Row],[KM - ínicio]]), TabelaMap[Trecho Coordenação], "-", 0 )} -> ZBV-ZRX | BE15: {=_xlfn.XLOOKUP( 1, ( TabelaMap[SUB] = BS_CONTROLE[[#This Row],[SUB_5]]) * ( TabelaMap[KM Inicio] <= BS_CONTROLE[[#This Row],[KM - Inicio]]) * ( TabelaMap[KM Fim] >= BS_CONTROLE[[#This Row],[KM - Inicio]]), TabelaMap[NOME SUB], "-", 0 )} -> RECANTO - ITIRAPINA (L1 PRINCIPAL) | BF15: Ezequiel | BH15: 0 | BJ15: MC1 08h01 / Sem oportunidade de faixa | BK15: MC1 08h01 / Sem oportunidade de faixa | BM15: Sem Oportunidade | BN15: Sem Oportunidade | BO15: Sem Oportunidade | BP15: MC1 08h01 / Sem oportunidade de faixa | BQ15: =IF(AND(BR15<1,BS15<1),"Produção e Intervalo",IF(BR15<1,"Intervalo",IF(BS15<1,"Produção","Aderente"))) -> Produção e Intervalo | BR15: =IF(OR(B15="",F15=""),"*",AY15/P15) -> 0 | BS15: =IF(OR(B15="",F15=""),"*",BA15/Q15) -> 0 | BT15: =IF(BN15="","",SUBSTITUTE(BM15," ","")&SUBSTITUTE(BN15," ","")) -> SemOportunidadeSemOportunidade
A16: =D16&B16 -> W5846055 | B16: 46055 | C16: =IF(BS_CONTROLE[[#This Row],[DATA]]="","",WEEKNUM(BS_CONTROLE[[#This Row],[DATA]])) -> 6 | D16: W58 | F16: PDM - DESCARGA - DORMENTE | G16: =IF(D16="","*",VLOOKUP(F16,BS_ATIVIDADE[],3,FALSE)) -> DORMENTE - DESCARGA | H16: 106109 | I16: 106109 | J16: 68 | K16: 54.5 | L16: 54 | M16: {=_xlfn.XLOOKUP( 1, ( TabelaMap[SUB] = BS_CONTROLE[[#This Row],[SUB]]) * ( TabelaMap[KM Inicio] <= BS_CONTROLE[[#This Row],[KM - Inicio]]) * ( TabelaMap[KM Fim] >= BS_CONTROLE[[#This Row],[KM - Inicio]]), TabelaMap[Trecho], "-", 0 )} -> ZBM | N16: {=_xlfn.XLOOKUP( 1, ( TabelaMap[SUB] = BS_CONTROLE[[#This Row],[SUB]]) * ( TabelaMap[KM Inicio] <= BS_CONTROLE[[#This Row],[KM - Inicio]]) * ( TabelaMap[KM Fim] >= BS_CONTROLE[[#This Row],[KM - Inicio]]), TabelaMap[SB], "-", 0 )} -> ZBM2 | O16: 0.35416667 | P16: 0.041666667 | Q16: 300 | R16: =IFERROR(_xlfn.XLOOKUP(F16, BS_ATIVIDADE[ATIVIDADE],BS_ATIVIDADE[UNIDADE] ), "*") -> Nº DE DORMENTES | S16: {=_xlfn.XLOOKUP( 1, ( TabelaMap[SUB] = BS_CONTROLE[[#This Row],[SUB]]) * ( TabelaMap[KM Inicio] <= BS_CONTROLE[[#This Row],[KM - Inicio]]) * ( TabelaMap[KM Fim] >= BS_CONTROLE[[#This Row],[KM - Inicio]]), TabelaMap[Gerência], "-", 0 )} -> SP SUL | T16: {=_xlfn.XLOOKUP( 1, ( TabelaMap[SUB] = BS_CONTROLE[[#This Row],[SUB]]) * ( TabelaMap[KM Inicio] <= BS_CONTROLE[[#This Row],[KM - Inicio]]) * ( TabelaMap[KM Fim] >= BS_CONTROLE[[#This Row],[KM - Inicio]]), TabelaMap[Trecho Coordenação], "-", 0 )} -> ZBV-ZRX | U16: {=_xlfn.XLOOKUP( 1, ( TabelaMap[SUB] = BS_CONTROLE[[#This Row],[SUB]]) * ( TabelaMap[KM Inicio] <= BS_CONTROLE[[#This Row],[KM - Inicio]]) * ( TabelaMap[KM Fim] >= BS_CONTROLE[[#This Row],[KM - Inicio]]), TabelaMap[NOME SUB], "-", 0 )} -> BOA VISTA VELHA - RECANTO | V16: Israel | W16: Descarga de dormentes na via 2 | X16: Oportunidade | Y16: OPORTUNIDADE | AA16: 1 | AB16: FIXO | AC16: - | AD16: 0.29166667 | AE16: 9341 | AF16: - | AG16: - | AI16: =IF(BS_CONTROLE[[#This Row],[Atividade]]=0, "-", BS_CONTROLE[[#This Row],[Atividade]]) -> PDM - DESCARGA - DORMENTE | AJ16: =IF(BS_CONTROLE[[#This Row],[Atividade]]=0, "-", BS_CONTROLE[[#This Row],[Atividade]]) -> PDM - DESCARGA - DORMENTE | AK16: =BS_CONTROLE[[#This Row],[Local - Partida]] -> 106109 | AL16: =BS_CONTROLE[[#This Row],[Local - Encerramento]] -> 106109 | AM16: =IF(BS_CONTROLE[[#This Row],[Entre - Estações]]=0, "-", BS_CONTROLE[[#This Row],[Entre - Estações]]) -> ZBM | AN16: =IF(BS_CONTROLE[[#This Row],[SB]]=0, "-", BS_CONTROLE[[#This Row],[SB]]) -> ZBM2 | AO16: =IF(BS_CONTROLE[[#This Row],[SUB]]=0, "-", BS_CONTROLE[[#This Row],[SUB]]) -> 68 | AP16: =BS_CONTROLE[[#This Row],[KM - Inicio]] -> 54.5 | AQ16: =BS_CONTROLE[[#This Row],[KM - Inicio]] -> 54.5 | AR16: 0.33333333 | AS16: 0 | AT16: 0 | AY16: =IF(D16="","*",IFERROR(IF(ISODD(COUNT(AS16:AX16)),"ERRO",SUM((AT16-AS16),(AV16-AU16),(AX16-AW16))),"ERRO")) -> 0 | BA16: 0 | BB16: =IFERROR(_xlfn.XLOOKUP(AI16, BS_ATIVIDADE[ATIVIDADE],BS_ATIVIDADE[UNIDADE] ), "*") -> Nº DE DORMENTES | BC16: {=_xlfn.XLOOKUP( 1, ( TabelaMap[SUB] = BS_CONTROLE[[#This Row],[SUB_5]]) * ( TabelaMap[KM Inicio] <= BS_CONTROLE[[#This Row],[KM - ínicio]]) * ( TabelaMap[KM Fim] >= BS_CONTROLE[[#This Row],[KM - ínicio]]), TabelaMap[Gerência], "-", 0 )} -> SP SUL | BD16: {=_xlfn.XLOOKUP( 1, ( TabelaMap[SUB] = BS_CONTROLE[[#This Row],[SUB_5]]) * ( TabelaMap[KM Inicio] <= BS_CONTROLE[[#This Row],[KM - ínicio]]) * ( TabelaMap[KM Fim] >= BS_CONTROLE[[#This Row],[KM - ínicio]]), TabelaMap[Trecho Coordenação], "-", 0 )} -> ZBV-ZRX | BE16: {=_xlfn.XLOOKUP( 1, ( TabelaMap[SUB] = BS_CONTROLE[[#This Row],[SUB_5]]) * ( TabelaMap[KM Inicio] <= BS_CONTROLE[[#This Row],[KM - Inicio]]) * ( TabelaMap[KM Fim] >= BS_CONTROLE[[#This Row],[KM - Inicio]]), TabelaMap[NOME SUB], "-", 0 )} -> BOA VISTA VELHA - RECANTO | BF16: Israel | BH16: 0 | BJ16: MC1 08h00 / Sem oportunidade de faixa | BK16: MC1 08h01 / Sem oportunidade de faixa | BM16: Sem Oportunidade | BN16: Sem Oportunidade | BO16: Sem Oportunidade | BP16: MC1 08h01 / Sem oportunidade de faixa | BQ16: =IF(AND(BR16<1,BS16<1),"Produção e Intervalo",IF(BR16<1,"Intervalo",IF(BS16<1,"Produção","Aderente"))) -> Produção e Intervalo | BR16: =IF(OR(B16="",F16=""),"*",AY16/P16) -> 0 | BS16: =IF(OR(B16="",F16=""),"*",BA16/Q16) -> 0 | BT16: =IF(BN16="","",SUBSTITUTE(BM16," ","")&SUBSTITUTE(BN16," ","")) -> SemOportunidadeSemOportunidade
A17: =D17&B17 -> W5846055 | B17: 46055 | C17: =IF(BS_CONTROLE[[#This Row],[DATA]]="","",WEEKNUM(BS_CONTROLE[[#This Row],[DATA]])) -> 6 | D17: W58 | F17: RECOLHIMENTO DE DORMENTE | G17: =IF(D17="","*",VLOOKUP(F17,BS_ATIVIDADE[],3,FALSE)) -> OUTROS | H17: 106109 | I17: 106109 | J17: 68 | K17: 57 | L17: 53 | M17: {=_xlfn.XLOOKUP( 1, ( TabelaMap[SUB] = BS_CONTROLE[[#This Row],[SUB]]) * ( TabelaMap[KM Inicio] <= BS_CONTROLE[[#This Row],[KM - Inicio]]) * ( TabelaMap[KM Fim] >= BS_CONTROLE[[#This Row],[KM - Inicio]]), TabelaMap[Trecho], "-", 0 )} -> ZBM-ZHO | N17: {=_xlfn.XLOOKUP( 1, ( TabelaMap[SUB] = BS_CONTROLE[[#This Row],[SUB]]) * ( TabelaMap[KM Inicio] <= BS_CONTROLE[[#This Row],[KM - Inicio]]) * ( TabelaMap[KM Fim] >= BS_CONTROLE[[#This Row],[KM - Inicio]]), TabelaMap[SB], "-", 0 )} -> K57ZHO | O17: - | P17: 0.041666667 | Q17: 100 | R17: =IFERROR(_xlfn.XLOOKUP(F17, BS_ATIVIDADE[ATIVIDADE],BS_ATIVIDADE[UNIDADE] ), "*") -> Nº DE PEÇAS | S17: {=_xlfn.XLOOKUP( 1, ( TabelaMap[SUB] = BS_CONTROLE[[#This Row],[SUB]]) * ( TabelaMap[KM Inicio] <= BS_CONTROLE[[#This Row],[KM - Inicio]]) * ( TabelaMap[KM Fim] >= BS_CONTROLE[[#This Row],[KM - Inicio]]), TabelaMap[Gerência], "-", 0 )} -> SP SUL | T17: {=_xlfn.XLOOKUP( 1, ( TabelaMap[SUB] = BS_CONTROLE[[#This Row],[SUB]]) * ( TabelaMap[KM Inicio] <= BS_CONTROLE[[#This Row],[KM - Inicio]]) * ( TabelaMap[KM Fim] >= BS_CONTROLE[[#This Row],[KM - Inicio]]), TabelaMap[Trecho Coordenação], "-", 0 )} -> ZBV-ZRX | U17: {=_xlfn.XLOOKUP( 1, ( TabelaMap[SUB] = BS_CONTROLE[[#This Row],[SUB]]) * ( TabelaMap[KM Inicio] <= BS_CONTROLE[[#This Row],[KM - Inicio]]) * ( TabelaMap[KM Fim] >= BS_CONTROLE[[#This Row],[KM - Inicio]]), TabelaMap[NOME SUB], "-", 0 )} -> BOA VISTA VELHA - RECANTO | V17: Israel | W17: Recolhimento de dormentes | X17: Oportunidade | Y17: OPORTUNIDADE | AA17: 1 | AB17: FIXO | AC17: - | AD17: 0.29166667 | AE17: 9341 | AF17: - | AG17: - | AI17: =IF(BS_CONTROLE[[#This Row],[Atividade]]=0, "-", BS_CONTROLE[[#This Row],[Atividade]]) -> RECOLHIMENTO DE DORMENTE | AJ17: =IF(BS_CONTROLE[[#This Row],[Atividade]]=0, "-", BS_CONTROLE[[#This Row],[Atividade]]) -> RECOLHIMENTO DE DORMENTE | AK17: =BS_CONTROLE[[#This Row],[Local - Partida]] -> 106109 | AL17: =BS_CONTROLE[[#This Row],[Local - Encerramento]] -> 106109 | AM17: =IF(BS_CONTROLE[[#This Row],[Entre - Estações]]=0, "-", BS_CONTROLE[[#This Row],[Entre - Estações]]) -> ZBM-ZHO | AN17: =IF(BS_CONTROLE[[#This Row],[SB]]=0, "-", BS_CONTROLE[[#This Row],[SB]]) -> K57ZHO | AO17: =IF(BS_CONTROLE[[#This Row],[SUB]]=0, "-", BS_CONTROLE[[#This Row],[SUB]]) -> 68 | AP17: =BS_CONTROLE[[#This Row],[KM - Inicio]] -> 57 | AQ17: =BS_CONTROLE[[#This Row],[KM - Inicio]] -> 57 | AR17: 0.33333333 | AS17: 0 | AT17: 0 | AY17: =IF(D17="","*",IFERROR(IF(ISODD(COUNT(AS17:AX17)),"ERRO",SUM((AT17-AS17),(AV17-AU17),(AX17-AW17))),"ERRO")) -> 0 | BA17: 0 | BB17: =IFERROR(_xlfn.XLOOKUP(AI17, BS_ATIVIDADE[ATIVIDADE],BS_ATIVIDADE[UNIDADE] ), "*") -> Nº DE PEÇAS | BC17: {=_xlfn.XLOOKUP( 1, ( TabelaMap[SUB] = BS_CONTROLE[[#This Row],[SUB_5]]) * ( TabelaMap[KM Inicio] <= BS_CONTROLE[[#This Row],[KM - ínicio]]) * ( TabelaMap[KM Fim] >= BS_CONTROLE[[#This Row],[KM - ínicio]]), TabelaMap[Gerência], "-", 0 )} -> SP SUL | BD17: {=_xlfn.XLOOKUP( 1, ( TabelaMap[SUB] = BS_CONTROLE[[#This Row],[SUB_5]]) * ( TabelaMap[KM Inicio] <= BS_CONTROLE[[#This Row],[KM - ínicio]]) * ( TabelaMap[KM Fim] >= BS_CONTROLE[[#This Row],[KM - ínicio]]), TabelaMap[Trecho Coordenação], "-", 0 )} -> ZBV-ZRX | BE17: {=_xlfn.XLOOKUP( 1, ( TabelaMap[SUB] = BS_CONTROLE[[#This Row],[SUB_5]]) * ( TabelaMap[KM Inicio] <= BS_CONTROLE[[#This Row],[KM - Inicio]]) * ( TabelaMap[KM Fim] >= BS_CONTROLE[[#This Row],[KM - Inicio]]), TabelaMap[NOME SUB], "-", 0 )} -> BOA VISTA VELHA - RECANTO | BF17: Israel | BH17: 0 | BJ17: MC1 08h00 / Sem oportunidade de faixa | BK17: MC1 08h01 / Sem oportunidade de faixa | BM17: Sem Oportunidade | BN17: Sem Oportunidade | BO17: Sem Oportunidade | BP17: MC1 08h01 / Sem oportunidade de faixa | BQ17: =IF(AND(BR17<1,BS17<1),"Produção e Intervalo",IF(BR17<1,"Intervalo",IF(BS17<1,"Produção","Aderente"))) -> Produção e Intervalo | BR17: =IF(OR(B17="",F17=""),"*",AY17/P17) -> 0 | BS17: =IF(OR(B17="",F17=""),"*",BA17/Q17) -> 0 | BT17: =IF(BN17="","",SUBSTITUTE(BM17," ","")&SUBSTITUTE(BN17," ","")) -> SemOportunidadeSemOportunidade
A18: =D18&B18 | C18: =IF(BS_CONTROLE[[#This Row],[DATA]]="","",WEEKNUM(BS_CONTROLE[[#This Row],[DATA]])) | E18: 13 | G18: =IF(D18="","*",VLOOKUP(F18,BS_ATIVIDADE[],3,FALSE)) -> * | M18: {=_xlfn.XLOOKUP( 1, ( TabelaMap[SUB] = BS_CONTROLE[[#This Row],[SUB]]) * ( TabelaMap[KM Inicio] <= BS_CONTROLE[[#This Row],[KM - Inicio]]) * ( TabelaMap[KM Fim] >= BS_CONTROLE[[#This Row],[KM - Inicio]]), TabelaMap[Trecho], "-", 0 )} -> - | N18: {=_xlfn.XLOOKUP( 1, ( TabelaMap[SUB] = BS_CONTROLE[[#This Row],[SUB]]) * ( TabelaMap[KM Inicio] <= BS_CONTROLE[[#This Row],[KM - Inicio]]) * ( TabelaMap[KM Fim] >= BS_CONTROLE[[#This Row],[KM - Inicio]]), TabelaMap[SB], "-", 0 )} -> - | R18: =IFERROR(_xlfn.XLOOKUP(F18, BS_ATIVIDADE[ATIVIDADE],BS_ATIVIDADE[UNIDADE] ), "*") -> * | S18: {=_xlfn.XLOOKUP( 1, ( TabelaMap[SUB] = BS_CONTROLE[[#This Row],[SUB]]) * ( TabelaMap[KM Inicio] <= BS_CONTROLE[[#This Row],[KM - Inicio]]) * ( TabelaMap[KM Fim] >= BS_CONTROLE[[#This Row],[KM - Inicio]]), TabelaMap[Gerência], "-", 0 )} -> - | T18: {=_xlfn.XLOOKUP( 1, ( TabelaMap[SUB] = BS_CONTROLE[[#This Row],[SUB]]) * ( TabelaMap[KM Inicio] <= BS_CONTROLE[[#This Row],[KM - Inicio]]) * ( TabelaMap[KM Fim] >= BS_CONTROLE[[#This Row],[KM - Inicio]]), TabelaMap[Trecho Coordenação], "-", 0 )} -> - | U18: {=_xlfn.XLOOKUP( 1, ( TabelaMap[SUB] = BS_CONTROLE[[#This Row],[SUB]]) * ( TabelaMap[KM Inicio] <= BS_CONTROLE[[#This Row],[KM - Inicio]]) * ( TabelaMap[KM Fim] >= BS_CONTROLE[[#This Row],[KM - Inicio]]), TabelaMap[NOME SUB], "-", 0 )} -> - | AI18: =IF(BS_CONTROLE[[#This Row],[Atividade]]=0, "-", BS_CONTROLE[[#This Row],[Atividade]]) -> - | AJ18: =IF(BS_CONTROLE[[#This Row],[Atividade]]=0, "-", BS_CONTROLE[[#This Row],[Atividade]]) -> - | AK18: =BS_CONTROLE[[#This Row],[Local - Partida]] -> 0 | AL18: =BS_CONTROLE[[#This Row],[Local - Encerramento]] -> 0 | AM18: =IF(BS_CONTROLE[[#This Row],[Entre - Estações]]=0, "-", BS_CONTROLE[[#This Row],[Entre - Estações]]) -> - | AN18: =IF(BS_CONTROLE[[#This Row],[SB]]=0, "-", BS_CONTROLE[[#This Row],[SB]]) -> - | AO18: =IF(BS_CONTROLE[[#This Row],[SUB]]=0, "-", BS_CONTROLE[[#This Row],[SUB]]) -> - | AP18: =BS_CONTROLE[[#This Row],[KM - Inicio]] -> 0 | AQ18: =BS_CONTROLE[[#This Row],[KM - Inicio]] -> 0 | AY18: =IF(D18="","*",IFERROR(IF(ISODD(COUNT(AS18:AX18)),"ERRO",SUM((AT18-AS18),(AV18-AU18),(AX18-AW18))),"ERRO")) -> * | BB18: =IFERROR(_xlfn.XLOOKUP(AI18, BS_ATIVIDADE[ATIVIDADE],BS_ATIVIDADE[UNIDADE] ), "*") -> * | BC18: {=_xlfn.XLOOKUP( 1, ( TabelaMap[SUB] = BS_CONTROLE[[#This Row],[SUB_5]]) * ( TabelaMap[KM Inicio] <= BS_CONTROLE[[#This Row],[KM - ínicio]]) * ( TabelaMap[KM Fim] >= BS_CONTROLE[[#This Row],[KM - ínicio]]), TabelaMap[Gerência], "-", 0 )} -> - | BD18: {=_xlfn.XLOOKUP( 1, ( TabelaMap[SUB] = BS_CONTROLE[[#This Row],[SUB_5]]) * ( TabelaMap[KM Inicio] <= BS_CONTROLE[[#This Row],[KM - ínicio]]) * ( TabelaMap[KM Fim] >= BS_CONTROLE[[#This Row],[KM - ínicio]]), TabelaMap[Trecho Coordenação], "-", 0 )} -> - | BE18: {=_xlfn.XLOOKUP( 1, ( TabelaMap[SUB] = BS_CONTROLE[[#This Row],[SUB_5]]) * ( TabelaMap[KM Inicio] <= BS_CONTROLE[[#This Row],[KM - Inicio]]) * ( TabelaMap[KM Fim] >= BS_CONTROLE[[#This Row],[KM - Inicio]]), TabelaMap[NOME SUB], "-", 0 )} -> - | BQ18: =IF(AND(BR18<1,BS18<1),"Produção e Intervalo",IF(BR18<1,"Intervalo",IF(BS18<1,"Produção","Aderente"))) -> Aderente | BR18: =IF(OR(B18="",F18=""),"*",AY18/P18) -> * | BS18: =IF(OR(B18="",F18=""),"*",BA18/Q18) -> * | BT18: =IF(BN18="","",SUBSTITUTE(BM18," ","")&SUBSTITUTE(BN18," ",""))
A19: =D19&B19 -> V4246055 | B19: 46055 | C19: =IF(BS_CONTROLE[[#This Row],[DATA]]="","",WEEKNUM(BS_CONTROLE[[#This Row],[DATA]])) -> 6 | D19: V42 | F19: MECANIZAÇÃO - SOCADORA | G19: =IF(D19="","*",VLOOKUP(F19,BS_ATIVIDADE[],3,FALSE)) -> MECANIZAÇÃO - SOCADORA | H19: ZYU1 | I19: ZYU1 | J19: 56 | K19: 206 | L19: 204 | M19: {=_xlfn.XLOOKUP( 1, ( TabelaMap[SUB] = BS_CONTROLE[[#This Row],[SUB]]) * ( TabelaMap[KM Inicio] <= BS_CONTROLE[[#This Row],[KM - Inicio]]) * ( TabelaMap[KM Fim] >= BS_CONTROLE[[#This Row],[KM - Inicio]]), TabelaMap[Trecho], "-", 0 )} -> ZYU-ZST | N19: {=_xlfn.XLOOKUP( 1, ( TabelaMap[SUB] = BS_CONTROLE[[#This Row],[SUB]]) * ( TabelaMap[KM Inicio] <= BS_CONTROLE[[#This Row],[KM - Inicio]]) * ( TabelaMap[KM Fim] >= BS_CONTROLE[[#This Row],[KM - Inicio]]), TabelaMap[SB], "-", 0 )} -> ZYU206 | O19: 0.35416667 | P19: 0.16666667 | Q19: 510 | R19: =IFERROR(_xlfn.XLOOKUP(F19, BS_ATIVIDADE[ATIVIDADE],BS_ATIVIDADE[UNIDADE] ), "*") -> M | S19: {=_xlfn.XLOOKUP( 1, ( TabelaMap[SUB] = BS_CONTROLE[[#This Row],[SUB]]) * ( TabelaMap[KM Inicio] <= BS_CONTROLE[[#This Row],[KM - Inicio]]) * ( TabelaMap[KM Fim] >= BS_CONTROLE[[#This Row],[KM - Inicio]]), TabelaMap[Gerência], "-", 0 )} -> SP SUL | T19: {=_xlfn.XLOOKUP( 1, ( TabelaMap[SUB] = BS_CONTROLE[[#This Row],[SUB]]) * ( TabelaMap[KM Inicio] <= BS_CONTROLE[[#This Row],[KM - Inicio]]) * ( TabelaMap[KM Fim] >= BS_CONTROLE[[#This Row],[KM - Inicio]]), TabelaMap[Trecho Coordenação], "-", 0 )} -> ZBV-ZKE | U19: {=_xlfn.XLOOKUP( 1, ( TabelaMap[SUB] = BS_CONTROLE[[#This Row],[SUB]]) * ( TabelaMap[KM Inicio] <= BS_CONTROLE[[#This Row],[KM - Inicio]]) * ( TabelaMap[KM Fim] >= BS_CONTROLE[[#This Row],[KM - Inicio]]), TabelaMap[NOME SUB], "-", 0 )} -> CANGUERA - BOA VISTA NOVA (L2 PRINCIPAL) | V19: Ezequiel | W19: Socaria mecanizada | X19: Oportunidade | Y19: OPORTUNIDADE | AA19: 1 | AB19: FIXO | AC19: - | AD19: 0.29166667 | AE19: 6242 | AF19: - | AG19: - | AI19: =IF(BS_CONTROLE[[#This Row],[Atividade]]=0, "-", BS_CONTROLE[[#This Row],[Atividade]]) -> MECANIZAÇÃO - SOCADORA | AJ19: =IF(BS_CONTROLE[[#This Row],[Atividade]]=0, "-", BS_CONTROLE[[#This Row],[Atividade]]) -> MECANIZAÇÃO - SOCADORA | AK19: =BS_CONTROLE[[#This Row],[Local - Partida]] -> ZYU1 | AL19: =BS_CONTROLE[[#This Row],[Local - Encerramento]] -> ZYU1 | AM19: =IF(BS_CONTROLE[[#This Row],[Entre - Estações]]=0, "-", BS_CONTROLE[[#This Row],[Entre - Estações]]) -> ZYU-ZST | AN19: =IF(BS_CONTROLE[[#This Row],[SB]]=0, "-", BS_CONTROLE[[#This Row],[SB]]) -> ZYU206 | AO19: =IF(BS_CONTROLE[[#This Row],[SUB]]=0, "-", BS_CONTROLE[[#This Row],[SUB]]) -> 56 | AP19: =BS_CONTROLE[[#This Row],[KM - Inicio]] -> 206 | AQ19: =BS_CONTROLE[[#This Row],[KM - Inicio]] -> 206 | AR19: 0.32430556 | AS19: 0 | AT19: 0 | AY19: =IF(D19="","*",IFERROR(IF(ISODD(COUNT(AS19:AX19)),"ERRO",SUM((AT19-AS19),(AV19-AU19),(AX19-AW19))),"ERRO")) -> 0 | BA19: 0 | BB19: =IFERROR(_xlfn.XLOOKUP(AI19, BS_ATIVIDADE[ATIVIDADE],BS_ATIVIDADE[UNIDADE] ), "*") -> M | BC19: {=_xlfn.XLOOKUP( 1, ( TabelaMap[SUB] = BS_CONTROLE[[#This Row],[SUB_5]]) * ( TabelaMap[KM Inicio] <= BS_CONTROLE[[#This Row],[KM - ínicio]]) * ( TabelaMap[KM Fim] >= BS_CONTROLE[[#This Row],[KM - ínicio]]), TabelaMap[Gerência], "-", 0 )} -> SP SUL | BD19: {=_xlfn.XLOOKUP( 1, ( TabelaMap[SUB] = BS_CONTROLE[[#This Row],[SUB_5]]) * ( TabelaMap[KM Inicio] <= BS_CONTROLE[[#This Row],[KM - ínicio]]) * ( TabelaMap[KM Fim] >= BS_CONTROLE[[#This Row],[KM - ínicio]]), TabelaMap[Trecho Coordenação], "-", 0 )} -> ZBV-ZKE | BE19: {=_xlfn.XLOOKUP( 1, ( TabelaMap[SUB] = BS_CONTROLE[[#This Row],[SUB_5]]) * ( TabelaMap[KM Inicio] <= BS_CONTROLE[[#This Row],[KM - Inicio]]) * ( TabelaMap[KM Fim] >= BS_CONTROLE[[#This Row],[KM - Inicio]]), TabelaMap[NOME SUB], "-", 0 )} -> CANGUERA - BOA VISTA NOVA (L2 PRINCIPAL) | BF19: Ezequiel | BH19: 0 | BJ19: MC1 07h47 / Sem oportunidade de faixa | BK19: MC1 07h47 / Sem oportunidade de faixa | BM19: Sem Oportunidade | BN19: Sem Oportunidade | BO19: Sem Oportunidade | BP19: MC1 07h47 / Sem oportunidade de faixa | BQ19: =IF(AND(BR19<1,BS19<1),"Produção e Intervalo",IF(BR19<1,"Intervalo",IF(BS19<1,"Produção","Aderente"))) -> Produção e Intervalo | BR19: =IF(OR(B19="",F19=""),"*",AY19/P19) -> 0 | BS19: =IF(OR(B19="",F19=""),"*",BA19/Q19) -> 0 | BT19: =IF(BN19="","",SUBSTITUTE(BM19," ","")&SUBSTITUTE(BN19," ","")) -> SemOportunidadeSemOportunidade
A20: =D20&B20 -> EDSON (TP-780)46055 | B20: 46055 | C20: =IF(BS_CONTROLE[[#This Row],[DATA]]="","",WEEKNUM(BS_CONTROLE[[#This Row],[DATA]])) -> 6 | D20: EDSON (TP-780) | F20: PDM - SUBSTITUIÇÃO - DORMENTE | G20: =IF(D20="","*",VLOOKUP(F20,BS_ATIVIDADE[],3,FALSE)) -> DORMENTE - SUBSTITUIÇÂO | H20: - | I20: - | J20: 56 | K20: 205 | L20: - | M20: {=_xlfn.XLOOKUP( 1, ( TabelaMap[SUB] = BS_CONTROLE[[#This Row],[SUB]]) * ( TabelaMap[KM Inicio] <= BS_CONTROLE[[#This Row],[KM - Inicio]]) * ( TabelaMap[KM Fim] >= BS_CONTROLE[[#This Row],[KM - Inicio]]), TabelaMap[Trecho], "-", 0 )} -> ZYU-ZST | N20: {=_xlfn.XLOOKUP( 1, ( TabelaMap[SUB] = BS_CONTROLE[[#This Row],[SUB]]) * ( TabelaMap[KM Inicio] <= BS_CONTROLE[[#This Row],[KM - Inicio]]) * ( TabelaMap[KM Fim] >= BS_CONTROLE[[#This Row],[KM - Inicio]]), TabelaMap[SB], "-", 0 )} -> ZYU206 | O20: 0.375 | P20: 0.16666667 | Q20: 40 | R20: =IFERROR(_xlfn.XLOOKUP(F20, BS_ATIVIDADE[ATIVIDADE],BS_ATIVIDADE[UNIDADE] ), "*") -> Nº DE DORMENTES | S20: {=_xlfn.XLOOKUP( 1, ( TabelaMap[SUB] = BS_CONTROLE[[#This Row],[SUB]]) * ( TabelaMap[KM Inicio] <= BS_CONTROLE[[#This Row],[KM - Inicio]]) * ( TabelaMap[KM Fim] >= BS_CONTROLE[[#This Row],[KM - Inicio]]), TabelaMap[Gerência], "-", 0 )} -> SP SUL | T20: {=_xlfn.XLOOKUP( 1, ( TabelaMap[SUB] = BS_CONTROLE[[#This Row],[SUB]]) * ( TabelaMap[KM Inicio] <= BS_CONTROLE[[#This Row],[KM - Inicio]]) * ( TabelaMap[KM Fim] >= BS_CONTROLE[[#This Row],[KM - Inicio]]), TabelaMap[Trecho Coordenação], "-", 0 )} -> ZBV-ZKE | U20: {=_xlfn.XLOOKUP( 1, ( TabelaMap[SUB] = BS_CONTROLE[[#This Row],[SUB]]) * ( TabelaMap[KM Inicio] <= BS_CONTROLE[[#This Row],[KM - Inicio]]) * ( TabelaMap[KM Fim] >= BS_CONTROLE[[#This Row],[KM - Inicio]]), TabelaMap[NOME SUB], "-", 0 )} -> CANGUERA - BOA VISTA NOVA (L2 PRINCIPAL) | V20: Edson | W20: Substituição de dormentes | X20: Oportunidade | Y20: OPORTUNIDADE | AA20: - | AB20: - | AC20: - | AD20: - | AE20: - | AF20: - | AG20: - | AI20: =IF(BS_CONTROLE[[#This Row],[Atividade]]=0, "-", BS_CONTROLE[[#This Row],[Atividade]]) -> PDM - SUBSTITUIÇÃO - DORMENTE | AJ20: =IF(BS_CONTROLE[[#This Row],[Atividade]]=0, "-", BS_CONTROLE[[#This Row],[Atividade]]) -> PDM - SUBSTITUIÇÃO - DORMENTE | AK20: =BS_CONTROLE[[#This Row],[Local - Partida]] -> - | AL20: =BS_CONTROLE[[#This Row],[Local - Encerramento]] -> - | AM20: =IF(BS_CONTROLE[[#This Row],[Entre - Estações]]=0, "-", BS_CONTROLE[[#This Row],[Entre - Estações]]) -> ZYU-ZST | AN20: =IF(BS_CONTROLE[[#This Row],[SB]]=0, "-", BS_CONTROLE[[#This Row],[SB]]) -> ZYU206 | AO20: =IF(BS_CONTROLE[[#This Row],[SUB]]=0, "-", BS_CONTROLE[[#This Row],[SUB]]) -> 56 | AP20: =BS_CONTROLE[[#This Row],[KM - Inicio]] -> 205 | AQ20: =BS_CONTROLE[[#This Row],[KM - Inicio]] -> 205 | AR20: 0.44861111 | AS20: 0 | AT20: 0 | AY20: =IF(D20="","*",IFERROR(IF(ISODD(COUNT(AS20:AX20)),"ERRO",SUM((AT20-AS20),(AV20-AU20),(AX20-AW20))),"ERRO")) -> 0 | BA20: 0 | BB20: =IFERROR(_xlfn.XLOOKUP(AI20, BS_ATIVIDADE[ATIVIDADE],BS_ATIVIDADE[UNIDADE] ), "*") -> Nº DE DORMENTES | BC20: {=_xlfn.XLOOKUP( 1, ( TabelaMap[SUB] = BS_CONTROLE[[#This Row],[SUB_5]]) * ( TabelaMap[KM Inicio] <= BS_CONTROLE[[#This Row],[KM - ínicio]]) * ( TabelaMap[KM Fim] >= BS_CONTROLE[[#This Row],[KM - ínicio]]), TabelaMap[Gerência], "-", 0 )} -> SP SUL | BD20: {=_xlfn.XLOOKUP( 1, ( TabelaMap[SUB] = BS_CONTROLE[[#This Row],[SUB_5]]) * ( TabelaMap[KM Inicio] <= BS_CONTROLE[[#This Row],[KM - ínicio]]) * ( TabelaMap[KM Fim] >= BS_CONTROLE[[#This Row],[KM - ínicio]]), TabelaMap[Trecho Coordenação], "-", 0 )} -> ZBV-ZKE | BE20: {=_xlfn.XLOOKUP( 1, ( TabelaMap[SUB] = BS_CONTROLE[[#This Row],[SUB_5]]) * ( TabelaMap[KM Inicio] <= BS_CONTROLE[[#This Row],[KM - Inicio]]) * ( TabelaMap[KM Fim] >= BS_CONTROLE[[#This Row],[KM - Inicio]]), TabelaMap[NOME SUB], "-", 0 )} -> CANGUERA - BOA VISTA NOVA (L2 PRINCIPAL) | BF20: Edson | BH20: 0 | BJ20: TP em preparação / | BK20: TP pronto 10h46 / Sem oportunidade de faixa | BM20: Sem Oportunidade | BN20: Sem Oportunidade | BO20: Sem Oportunidade | BP20: TP pronto 10h46 / Sem oportunidade de faixa | BQ20: =IF(AND(BR20<1,BS20<1),"Produção e Intervalo",IF(BR20<1,"Intervalo",IF(BS20<1,"Produção","Aderente"))) -> Produção e Intervalo | BR20: =IF(OR(B20="",F20=""),"*",AY20/P20) -> 0 | BS20: =IF(OR(B20="",F20=""),"*",BA20/Q20) -> 0 | BT20: =IF(BN20="","",SUBSTITUTE(BM20," ","")&SUBSTITUTE(BN20," ","")) -> SemOportunidadeSemOportunidade
A21: =D21&B21 -> W5946055 | B21: 46055 | C21: =IF(BS_CONTROLE[[#This Row],[DATA]]="","",WEEKNUM(BS_CONTROLE[[#This Row],[DATA]])) -> 6 | D21: W59 | F21: DESLOCAMENTO | G21: =IF(D21="","*",VLOOKUP(F21,BS_ATIVIDADE[],3,FALSE)) -> OUTROS | H21: ZYU1 | I21: ZYU1 | J21: 56 | K21: 201.7 | L21: 147 | M21: ZYU-ZKE | N21: ZYUZKE | O21: 0.35416667 | P21: 0.041666667 | Q21: 1 | R21: =IFERROR(_xlfn.XLOOKUP(F21, BS_ATIVIDADE[ATIVIDADE],BS_ATIVIDADE[UNIDADE] ), "*") -> BINÁRIO | S21: {=_xlfn.XLOOKUP( 1, ( TabelaMap[SUB] = BS_CONTROLE[[#This Row],[SUB]]) * ( TabelaMap[KM Inicio] <= BS_CONTROLE[[#This Row],[KM - Inicio]]) * ( TabelaMap[KM Fim] >= BS_CONTROLE[[#This Row],[KM - Inicio]]), TabelaMap[Gerência], "-", 0 )} -> SP SUL | T21: {=_xlfn.XLOOKUP( 1, ( TabelaMap[SUB] = BS_CONTROLE[[#This Row],[SUB]]) * ( TabelaMap[KM Inicio] <= BS_CONTROLE[[#This Row],[KM - Inicio]]) * ( TabelaMap[KM Fim] >= BS_CONTROLE[[#This Row],[KM - Inicio]]), TabelaMap[Trecho Coordenação], "-", 0 )} -> ZBV-ZKE | U21: {=_xlfn.XLOOKUP( 1, ( TabelaMap[SUB] = BS_CONTROLE[[#This Row],[SUB]]) * ( TabelaMap[KM Inicio] <= BS_CONTROLE[[#This Row],[KM - Inicio]]) * ( TabelaMap[KM Fim] >= BS_CONTROLE[[#This Row],[KM - Inicio]]), TabelaMap[NOME SUB], "-", 0 )} -> CANGUERA - BOA VISTA NOVA (L2 PRINCIPAL) | V21: Jonas | W21: Deslocamento para abastecer locomotiva | X21: Oportunidade | Y21: OPORTUNIDADE | AA21: 1 | AB21: FIXO | AC21: - | AD21: 0.29166667 | AE21: 7629 | AF21: - | AG21: - | AI21: =IF(BS_CONTROLE[[#This Row],[Atividade]]=0, "-", BS_CONTROLE[[#This Row],[Atividade]]) -> DESLOCAMENTO | AJ21: =IF(BS_CONTROLE[[#This Row],[Atividade]]=0, "-", BS_CONTROLE[[#This Row],[Atividade]]) -> DESLOCAMENTO | AK21: =BS_CONTROLE[[#This Row],[Local - Partida]] -> ZYU1 | AL21: =BS_CONTROLE[[#This Row],[Local - Encerramento]] -> ZYU1 | AM21: =IF(BS_CONTROLE[[#This Row],[Entre - Estações]]=0, "-", BS_CONTROLE[[#This Row],[Entre - Estações]]) -> ZYU-ZKE | AN21: =IF(BS_CONTROLE[[#This Row],[SB]]=0, "-", BS_CONTROLE[[#This Row],[SB]]) -> ZYUZKE | AO21: =IF(BS_CONTROLE[[#This Row],[SUB]]=0, "-", BS_CONTROLE[[#This Row],[SUB]]) -> 56 | AP21: =BS_CONTROLE[[#This Row],[KM - Inicio]] -> 201.7 | AQ21: =BS_CONTROLE[[#This Row],[KM - Inicio]] -> 201.7 | AR21: 0.36180556 | AS21: 0.41805556 | AT21: 0.45972222 | AY21: =IF(D21="","*",IFERROR(IF(ISODD(COUNT(AS21:AX21)),"ERRO",SUM((AT21-AS21),(AV21-AU21),(AX21-AW21))),"ERRO")) -> 0.041666667 | BA21: 1 | BB21: =IFERROR(_xlfn.XLOOKUP(AI21, BS_ATIVIDADE[ATIVIDADE],BS_ATIVIDADE[UNIDADE] ), "*") -> BINÁRIO | BC21: {=_xlfn.XLOOKUP( 1, ( TabelaMap[SUB] = BS_CONTROLE[[#This Row],[SUB_5]]) * ( TabelaMap[KM Inicio] <= BS_CONTROLE[[#This Row],[KM - ínicio]]) * ( TabelaMap[KM Fim] >= BS_CONTROLE[[#This Row],[KM - ínicio]]), TabelaMap[Gerência], "-", 0 )} -> SP SUL | BD21: {=_xlfn.XLOOKUP( 1, ( TabelaMap[SUB] = BS_CONTROLE[[#This Row],[SUB_5]]) * ( TabelaMap[KM Inicio] <= BS_CONTROLE[[#This Row],[KM - ínicio]]) * ( TabelaMap[KM Fim] >= BS_CONTROLE[[#This Row],[KM - ínicio]]), TabelaMap[Trecho Coordenação], "-", 0 )} -> ZBV-ZKE | BE21: {=_xlfn.XLOOKUP( 1, ( TabelaMap[SUB] = BS_CONTROLE[[#This Row],[SUB_5]]) * ( TabelaMap[KM Inicio] <= BS_CONTROLE[[#This Row],[KM - Inicio]]) * ( TabelaMap[KM Fim] >= BS_CONTROLE[[#This Row],[KM - Inicio]]), TabelaMap[NOME SUB], "-", 0 )} -> CANGUERA - BOA VISTA NOVA (L2 PRINCIPAL) | BF21: Jonas | BH21: 2 | BJ21: MC1 08h41 / autorizado entrada na via 09h49 / Em deslocamento para ZKE realizar abastecimento. | BK21: MC1 08h41 / autorizado entrada na via 09h49 / Em deslocamento para ZKE realizar abastecimento. | BM21: OK | BN21: OK | BO21: OK | BP21: - | BQ21: =IF(AND(BR21<1,BS21<1),"Produção e Intervalo",IF(BR21<1,"Intervalo",IF(BS21<1,"Produção","Aderente"))) -> Intervalo | BR21: =IF(OR(B21="",F21=""),"*",AY21/P21) -> 1 | BS21: =IF(OR(B21="",F21=""),"*",BA21/Q21) -> 1 | BT21: =IF(BN21="","",SUBSTITUTE(BM21," ","")&SUBSTITUTE(BN21," ","")) -> OKOK
A22: =D22&B22 -> ROBSON (TF-701)46055 | B22: 46055 | C22: =IF(BS_CONTROLE[[#This Row],[DATA]]="","",WEEKNUM(BS_CONTROLE[[#This Row],[DATA]])) -> 6 | D22: ROBSON (TF-701) | F22: LIMPEZA | G22: =IF(D22="","*",VLOOKUP(F22,BS_ATIVIDADE[],3,FALSE)) -> OUTROS | H22: - | I22: - | J22: 56 | K22: 168 | L22: - | M22: {=_xlfn.XLOOKUP( 1, ( TabelaMap[SUB] = BS_CONTROLE[[#This Row],[SUB]]) * ( TabelaMap[KM Inicio] <= BS_CONTROLE[[#This Row],[KM - Inicio]]) * ( TabelaMap[KM Fim] >= BS_CONTROLE[[#This Row],[KM - Inicio]]), TabelaMap[Trecho], "-", 0 )} -> ZER-ZDI | N22: {=_xlfn.XLOOKUP( 1, ( TabelaMap[SUB] = BS_CONTROLE[[#This Row],[SUB]]) * ( TabelaMap[KM Inicio] <= BS_CONTROLE[[#This Row],[KM - Inicio]]) * ( TabelaMap[KM Fim] >= BS_CONTROLE[[#This Row],[KM - Inicio]]), TabelaMap[SB], "-", 0 )} -> ZER169 | O22: 0.375 | P22: 0.16666667 | Q22: 1 | R22: =IFERROR(_xlfn.XLOOKUP(F22, BS_ATIVIDADE[ATIVIDADE],BS_ATIVIDADE[UNIDADE] ), "*") -> BINÁRIO | S22: {=_xlfn.XLOOKUP( 1, ( TabelaMap[SUB] = BS_CONTROLE[[#This Row],[SUB]]) * ( TabelaMap[KM Inicio] <= BS_CONTROLE[[#This Row],[KM - Inicio]]) * ( TabelaMap[KM Fim] >= BS_CONTROLE[[#This Row],[KM - Inicio]]), TabelaMap[Gerência], "-", 0 )} -> SP SUL | T22: {=_xlfn.XLOOKUP( 1, ( TabelaMap[SUB] = BS_CONTROLE[[#This Row],[SUB]]) * ( TabelaMap[KM Inicio] <= BS_CONTROLE[[#This Row],[KM - Inicio]]) * ( TabelaMap[KM Fim] >= BS_CONTROLE[[#This Row],[KM - Inicio]]), TabelaMap[Trecho Coordenação], "-", 0 )} -> ZBV-ZKE | U22: {=_xlfn.XLOOKUP( 1, ( TabelaMap[SUB] = BS_CONTROLE[[#This Row],[SUB]]) * ( TabelaMap[KM Inicio] <= BS_CONTROLE[[#This Row],[KM - Inicio]]) * ( TabelaMap[KM Fim] >= BS_CONTROLE[[#This Row],[KM - Inicio]]), TabelaMap[NOME SUB], "-", 0 )} -> CANGUERA - BOA VISTA NOVA (L2 PRINCIPAL) | V22: Robson | W22: Limpeza na ponte | X22: Oportunidade | Y22: OPORTUNIDADE | AA22: - | AB22: - | AC22: - | AD22: - | AE22: - | AF22: - | AG22: - | AI22: =IF(BS_CONTROLE[[#This Row],[Atividade]]=0, "-", BS_CONTROLE[[#This Row],[Atividade]]) -> LIMPEZA | AJ22: =IF(BS_CONTROLE[[#This Row],[Atividade]]=0, "-", BS_CONTROLE[[#This Row],[Atividade]]) -> LIMPEZA | AK22: =BS_CONTROLE[[#This Row],[Local - Partida]] -> - | AL22: =BS_CONTROLE[[#This Row],[Local - Encerramento]] -> - | AM22: =IF(BS_CONTROLE[[#This Row],[Entre - Estações]]=0, "-", BS_CONTROLE[[#This Row],[Entre - Estações]]) -> ZER-ZDI | AN22: =IF(BS_CONTROLE[[#This Row],[SB]]=0, "-", BS_CONTROLE[[#This Row],[SB]]) -> ZER169 | AO22: =IF(BS_CONTROLE[[#This Row],[SUB]]=0, "-", BS_CONTROLE[[#This Row],[SUB]]) -> 56 | AP22: =BS_CONTROLE[[#This Row],[KM - Inicio]] -> 168 | AQ22: =BS_CONTROLE[[#This Row],[KM - Inicio]] -> 168 | AR22: 0.44861111 | AS22: 0 | AT22: 0 | AY22: =IF(D22="","*",IFERROR(IF(ISODD(COUNT(AS22:AX22)),"ERRO",SUM((AT22-AS22),(AV22-AU22),(AX22-AW22))),"ERRO")) -> 0 | BA22: 0 | BB22: =IFERROR(_xlfn.XLOOKUP(AI22, BS_ATIVIDADE[ATIVIDADE],BS_ATIVIDADE[UNIDADE] ), "*") -> BINÁRIO | BC22: {=_xlfn.XLOOKUP( 1, ( TabelaMap[SUB] = BS_CONTROLE[[#This Row],[SUB_5]]) * ( TabelaMap[KM Inicio] <= BS_CONTROLE[[#This Row],[KM - ínicio]]) * ( TabelaMap[KM Fim] >= BS_CONTROLE[[#This Row],[KM - ínicio]]), TabelaMap[Gerência], "-", 0 )} -> SP SUL | BD22: {=_xlfn.XLOOKUP( 1, ( TabelaMap[SUB] = BS_CONTROLE[[#This Row],[SUB_5]]) * ( TabelaMap[KM Inicio] <= BS_CONTROLE[[#This Row],[KM - ínicio]]) * ( TabelaMap[KM Fim] >= BS_CONTROLE[[#This Row],[KM - ínicio]]), TabelaMap[Trecho Coordenação], "-", 0 )} -> ZBV-ZKE | BE22: {=_xlfn.XLOOKUP( 1, ( TabelaMap[SUB] = BS_CONTROLE[[#This Row],[SUB_5]]) * ( TabelaMap[KM Inicio] <= BS_CONTROLE[[#This Row],[KM - Inicio]]) * ( TabelaMap[KM Fim] >= BS_CONTROLE[[#This Row],[KM - Inicio]]), TabelaMap[NOME SUB], "-", 0 )} -> CANGUERA - BOA VISTA NOVA (L2 PRINCIPAL) | BF22: Robson | BH22: 0 | BJ22: TP em preparação | BK22: TP pronto 10h46 / Sem oportunidade de faixa | BM22: Sem Oportunidade | BN22: Sem Oportunidade | BO22: Sem Oportunidade | BP22: TP pronto 10h46 / Sem oportunidade de faixa | BQ22: =IF(AND(BR22<1,BS22<1),"Produção e Intervalo",IF(BR22<1,"Intervalo",IF(BS22<1,"Produção","Aderente"))) -> Produção e Intervalo | BR22: =IF(OR(B22="",F22=""),"*",AY22/P22) -> 0 | BS22: =IF(OR(B22="",F22=""),"*",BA22/Q22) -> 0 | BT22: =IF(BN22="","",SUBSTITUTE(BM22," ","")&SUBSTITUTE(BN22," ","")) -> SemOportunidadeSemOportunidade
A23: =D23&B23 -> OSMAR (TMA-677)46055 | B23: 46055 | C23: =IF(BS_CONTROLE[[#This Row],[DATA]]="","",WEEKNUM(BS_CONTROLE[[#This Row],[DATA]])) -> 6 | D23: OSMAR (TMA-677) | F23: PDM - AMV - MEIA CHAVE | G23: =IF(D23="","*",VLOOKUP(F23,BS_ATIVIDADE[],3,FALSE)) -> AMV | H23: - | I23: - | J23: 56 | K23: 157.9 | L23: - | M23: {=_xlfn.XLOOKUP( 1, ( TabelaMap[SUB] = BS_CONTROLE[[#This Row],[SUB]]) * ( TabelaMap[KM Inicio] <= BS_CONTROLE[[#This Row],[KM - Inicio]]) * ( TabelaMap[KM Fim] >= BS_CONTROLE[[#This Row],[KM - Inicio]]), TabelaMap[Trecho], "-", 0 )} -> ZGA-ZCX | N23: {=_xlfn.XLOOKUP( 1, ( TabelaMap[SUB] = BS_CONTROLE[[#This Row],[SUB]]) * ( TabelaMap[KM Inicio] <= BS_CONTROLE[[#This Row],[KM - Inicio]]) * ( TabelaMap[KM Fim] >= BS_CONTROLE[[#This Row],[KM - Inicio]]), TabelaMap[SB], "-", 0 )} -> 154ZPS | O23: 0.45833333 | P23: 0.125 | Q23: 1 | R23: =IFERROR(_xlfn.XLOOKUP(F23, BS_ATIVIDADE[ATIVIDADE],BS_ATIVIDADE[UNIDADE] ), "*") -> Nº DE PEÇAS | S23: {=_xlfn.XLOOKUP( 1, ( TabelaMap[SUB] = BS_CONTROLE[[#This Row],[SUB]]) * ( TabelaMap[KM Inicio] <= BS_CONTROLE[[#This Row],[KM - Inicio]]) * ( TabelaMap[KM Fim] >= BS_CONTROLE[[#This Row],[KM - Inicio]]), TabelaMap[Gerência], "-", 0 )} -> SP SUL | T23: {=_xlfn.XLOOKUP( 1, ( TabelaMap[SUB] = BS_CONTROLE[[#This Row],[SUB]]) * ( TabelaMap[KM Inicio] <= BS_CONTROLE[[#This Row],[KM - Inicio]]) * ( TabelaMap[KM Fim] >= BS_CONTROLE[[#This Row],[KM - Inicio]]), TabelaMap[Trecho Coordenação], "-", 0 )} -> ZBV-ZKE | U23: {=_xlfn.XLOOKUP( 1, ( TabelaMap[SUB] = BS_CONTROLE[[#This Row],[SUB]]) * ( TabelaMap[KM Inicio] <= BS_CONTROLE[[#This Row],[KM - Inicio]]) * ( TabelaMap[KM Fim] >= BS_CONTROLE[[#This Row],[KM - Inicio]]), TabelaMap[NOME SUB], "-", 0 )} -> CANGUERA - BOA VISTA NOVA (L2 PRINCIPAL) | V23: Osmar | W23: Substituição de meia chave | X23: Oportunidade | Y23: OPORTUNIDADE | AA23: - | AB23: - | AC23: - | AD23: - | AE23: - | AF23: - | AG23: - | AI23: =IF(BS_CONTROLE[[#This Row],[Atividade]]=0, "-", BS_CONTROLE[[#This Row],[Atividade]]) -> PDM - AMV - MEIA CHAVE | AJ23: =IF(BS_CONTROLE[[#This Row],[Atividade]]=0, "-", BS_CONTROLE[[#This Row],[Atividade]]) -> PDM - AMV - MEIA CHAVE | AK23: =BS_CONTROLE[[#This Row],[Local - Partida]] -> - | AL23: =BS_CONTROLE[[#This Row],[Local - Encerramento]] -> - | AM23: =IF(BS_CONTROLE[[#This Row],[Entre - Estações]]=0, "-", BS_CONTROLE[[#This Row],[Entre - Estações]]) -> ZGA-ZCX | AN23: =IF(BS_CONTROLE[[#This Row],[SB]]=0, "-", BS_CONTROLE[[#This Row],[SB]]) -> 154ZPS | AO23: =IF(BS_CONTROLE[[#This Row],[SUB]]=0, "-", BS_CONTROLE[[#This Row],[SUB]]) -> 56 | AP23: =BS_CONTROLE[[#This Row],[KM - Inicio]] -> 157.9 | AQ23: =BS_CONTROLE[[#This Row],[KM - Inicio]] -> 157.9 | AR23: 0 | AS23: 0 | AT23: 0 | AY23: =IF(D23="","*",IFERROR(IF(ISODD(COUNT(AS23:AX23)),"ERRO",SUM((AT23-AS23),(AV23-AU23),(AX23-AW23))),"ERRO")) -> 0 | BA23: 0 | BB23: =IFERROR(_xlfn.XLOOKUP(AI23, BS_ATIVIDADE[ATIVIDADE],BS_ATIVIDADE[UNIDADE] ), "*") -> Nº DE PEÇAS | BC23: {=_xlfn.XLOOKUP( 1, ( TabelaMap[SUB] = BS_CONTROLE[[#This Row],[SUB_5]]) * ( TabelaMap[KM Inicio] <= BS_CONTROLE[[#This Row],[KM - ínicio]]) * ( TabelaMap[KM Fim] >= BS_CONTROLE[[#This Row],[KM - ínicio]]), TabelaMap[Gerência], "-", 0 )} -> SP SUL | BD23: {=_xlfn.XLOOKUP( 1, ( TabelaMap[SUB] = BS_CONTROLE[[#This Row],[SUB_5]]) * ( TabelaMap[KM Inicio] <= BS_CONTROLE[[#This Row],[KM - ínicio]]) * ( TabelaMap[KM Fim] >= BS_CONTROLE[[#This Row],[KM - ínicio]]), TabelaMap[Trecho Coordenação], "-", 0 )} -> ZBV-ZKE | BE23: {=_xlfn.XLOOKUP( 1, ( TabelaMap[SUB] = BS_CONTROLE[[#This Row],[SUB_5]]) * ( TabelaMap[KM Inicio] <= BS_CONTROLE[[#This Row],[KM - Inicio]]) * ( TabelaMap[KM Fim] >= BS_CONTROLE[[#This Row],[KM - Inicio]]), TabelaMap[NOME SUB], "-", 0 )} -> CANGUERA - BOA VISTA NOVA (L2 PRINCIPAL) | BF23: Osmar | BH23: 0 | BJ23: TP não solicita intervalo, devido sem equipe da T.O para acompanhamento. | BK23: TP não solicita intervalo, devido sem equipe da T.O para acompanhamento. | BM23: TO | BN23: Operação | BO23: Alteração de programação da turma | BP23: TP não solicita intervalo, devido sem equipe da T.O para acompanhamento. | BQ23: =IF(AND(BR23<1,BS23<1),"Produção e Intervalo",IF(BR23<1,"Intervalo",IF(BS23<1,"Produção","Aderente"))) -> Produção e Intervalo | BR23: =IF(OR(B23="",F23=""),"*",AY23/P23) -> 0 | BS23: =IF(OR(B23="",F23=""),"*",BA23/Q23) -> 0 | BT23: =IF(BN23="","",SUBSTITUTE(BM23," ","")&SUBSTITUTE(BN23," ","")) -> TOOperação
A24: =D24&B24 | C24: =IF(BS_CONTROLE[[#This Row],[DATA]]="","",WEEKNUM(BS_CONTROLE[[#This Row],[DATA]])) | E24: 19 | G24: =IF(D24="","*",VLOOKUP(F24,BS_ATIVIDADE[],3,FALSE)) -> * | M24: {=_xlfn.XLOOKUP( 1, ( TabelaMap[SUB] = BS_CONTROLE[[#This Row],[SUB]]) * ( TabelaMap[KM Inicio] <= BS_CONTROLE[[#This Row],[KM - Inicio]]) * ( TabelaMap[KM Fim] >= BS_CONTROLE[[#This Row],[KM - Inicio]]), TabelaMap[Trecho], "-", 0 )} -> - | N24: {=_xlfn.XLOOKUP( 1, ( TabelaMap[SUB] = BS_CONTROLE[[#This Row],[SUB]]) * ( TabelaMap[KM Inicio] <= BS_CONTROLE[[#This Row],[KM - Inicio]]) * ( TabelaMap[KM Fim] >= BS_CONTROLE[[#This Row],[KM - Inicio]]), TabelaMap[SB], "-", 0 )} -> - | R24: =IFERROR(_xlfn.XLOOKUP(F24, BS_ATIVIDADE[ATIVIDADE],BS_ATIVIDADE[UNIDADE] ), "*") -> * | S24: {=_xlfn.XLOOKUP( 1, ( TabelaMap[SUB] = BS_CONTROLE[[#This Row],[SUB]]) * ( TabelaMap[KM Inicio] <= BS_CONTROLE[[#This Row],[KM - Inicio]]) * ( TabelaMap[KM Fim] >= BS_CONTROLE[[#This Row],[KM - Inicio]]), TabelaMap[Gerência], "-", 0 )} -> - | T24: {=_xlfn.XLOOKUP( 1, ( TabelaMap[SUB] = BS_CONTROLE[[#This Row],[SUB]]) * ( TabelaMap[KM Inicio] <= BS_CONTROLE[[#This Row],[KM - Inicio]]) * ( TabelaMap[KM Fim] >= BS_CONTROLE[[#This Row],[KM - Inicio]]), TabelaMap[Trecho Coordenação], "-", 0 )} -> - | U24: {=_xlfn.XLOOKUP( 1, ( TabelaMap[SUB] = BS_CONTROLE[[#This Row],[SUB]]) * ( TabelaMap[KM Inicio] <= BS_CONTROLE[[#This Row],[KM - Inicio]]) * ( TabelaMap[KM Fim] >= BS_CONTROLE[[#This Row],[KM - Inicio]]), TabelaMap[NOME SUB], "-", 0 )} -> - | AI24: =IF(BS_CONTROLE[[#This Row],[Atividade]]=0, "-", BS_CONTROLE[[#This Row],[Atividade]]) -> - | AJ24: =IF(BS_CONTROLE[[#This Row],[Atividade]]=0, "-", BS_CONTROLE[[#This Row],[Atividade]]) -> - | AK24: =BS_CONTROLE[[#This Row],[Local - Partida]] -> 0 | AL24: =BS_CONTROLE[[#This Row],[Local - Encerramento]] -> 0 | AM24: =IF(BS_CONTROLE[[#This Row],[Entre - Estações]]=0, "-", BS_CONTROLE[[#This Row],[Entre - Estações]]) -> - | AN24: =IF(BS_CONTROLE[[#This Row],[SB]]=0, "-", BS_CONTROLE[[#This Row],[SB]]) -> - | AO24: =IF(BS_CONTROLE[[#This Row],[SUB]]=0, "-", BS_CONTROLE[[#This Row],[SUB]]) -> - | AP24: =BS_CONTROLE[[#This Row],[KM - Inicio]] -> 0 | AQ24: =BS_CONTROLE[[#This Row],[KM - Inicio]] -> 0 | AY24: =IF(D24="","*",IFERROR(IF(ISODD(COUNT(AS24:AX24)),"ERRO",SUM((AT24-AS24),(AV24-AU24),(AX24-AW24))),"ERRO")) -> * | BB24: =IFERROR(_xlfn.XLOOKUP(AI24, BS_ATIVIDADE[ATIVIDADE],BS_ATIVIDADE[UNIDADE] ), "*") -> * | BC24: {=_xlfn.XLOOKUP( 1, ( TabelaMap[SUB] = BS_CONTROLE[[#This Row],[SUB_5]]) * ( TabelaMap[KM Inicio] <= BS_CONTROLE[[#This Row],[KM - ínicio]]) * ( TabelaMap[KM Fim] >= BS_CONTROLE[[#This Row],[KM - ínicio]]), TabelaMap[Gerência], "-", 0 )} -> - | BD24: {=_xlfn.XLOOKUP( 1, ( TabelaMap[SUB] = BS_CONTROLE[[#This Row],[SUB_5]]) * ( TabelaMap[KM Inicio] <= BS_CONTROLE[[#This Row],[KM - ínicio]]) * ( TabelaMap[KM Fim] >= BS_CONTROLE[[#This Row],[KM - ínicio]]), TabelaMap[Trecho Coordenação], "-", 0 )} -> - | BE24: {=_xlfn.XLOOKUP( 1, ( TabelaMap[SUB] = BS_CONTROLE[[#This Row],[SUB_5]]) * ( TabelaMap[KM Inicio] <= BS_CONTROLE[[#This Row],[KM - Inicio]]) * ( TabelaMap[KM Fim] >= BS_CONTROLE[[#This Row],[KM - Inicio]]), TabelaMap[NOME SUB], "-", 0 )} -> - | BQ24: =IF(AND(BR24<1,BS24<1),"Produção e Intervalo",IF(BR24<1,"Intervalo",IF(BS24<1,"Produção","Aderente"))) -> Aderente | BR24: =IF(OR(B24="",F24=""),"*",AY24/P24) -> * | BS24: =IF(OR(B24="",F24=""),"*",BA24/Q24) -> * | BT24: =IF(BN24="","",SUBSTITUTE(BM24," ","")&SUBSTITUTE(BN24," ",""))
A25: =D25&B25 | C25: =IF(BS_CONTROLE[[#This Row],[DATA]]="","",WEEKNUM(BS_CONTROLE[[#This Row],[DATA]])) | E25: 20 | G25: =IF(D25="","*",VLOOKUP(F25,BS_ATIVIDADE[],3,FALSE)) -> * | M25: {=_xlfn.XLOOKUP( 1, ( TabelaMap[SUB] = BS_CONTROLE[[#This Row],[SUB]]) * ( TabelaMap[KM Inicio] <= BS_CONTROLE[[#This Row],[KM - Inicio]]) * ( TabelaMap[KM Fim] >= BS_CONTROLE[[#This Row],[KM - Inicio]]), TabelaMap[Trecho], "-", 0 )} -> - | N25: {=_xlfn.XLOOKUP( 1, ( TabelaMap[SUB] = BS_CONTROLE[[#This Row],[SUB]]) * ( TabelaMap[KM Inicio] <= BS_CONTROLE[[#This Row],[KM - Inicio]]) * ( TabelaMap[KM Fim] >= BS_CONTROLE[[#This Row],[KM - Inicio]]), TabelaMap[SB], "-", 0 )} -> - | R25: =IFERROR(_xlfn.XLOOKUP(F25, BS_ATIVIDADE[ATIVIDADE],BS_ATIVIDADE[UNIDADE] ), "*") -> * | S25: {=_xlfn.XLOOKUP( 1, ( TabelaMap[SUB] = BS_CONTROLE[[#This Row],[SUB]]) * ( TabelaMap[KM Inicio] <= BS_CONTROLE[[#This Row],[KM - Inicio]]) * ( TabelaMap[KM Fim] >= BS_CONTROLE[[#This Row],[KM - Inicio]]), TabelaMap[Gerência], "-", 0 )} -> - | T25: {=_xlfn.XLOOKUP( 1, ( TabelaMap[SUB] = BS_CONTROLE[[#This Row],[SUB]]) * ( TabelaMap[KM Inicio] <= BS_CONTROLE[[#This Row],[KM - Inicio]]) * ( TabelaMap[KM Fim] >= BS_CONTROLE[[#This Row],[KM - Inicio]]), TabelaMap[Trecho Coordenação], "-", 0 )} -> - | U25: {=_xlfn.XLOOKUP( 1, ( TabelaMap[SUB] = BS_CONTROLE[[#This Row],[SUB]]) * ( TabelaMap[KM Inicio] <= BS_CONTROLE[[#This Row],[KM - Inicio]]) * ( TabelaMap[KM Fim] >= BS_CONTROLE[[#This Row],[KM - Inicio]]), TabelaMap[NOME SUB], "-", 0 )} -> - | AI25: =IF(BS_CONTROLE[[#This Row],[Atividade]]=0, "-", BS_CONTROLE[[#This Row],[Atividade]]) -> - | AJ25: =IF(BS_CONTROLE[[#This Row],[Atividade]]=0, "-", BS_CONTROLE[[#This Row],[Atividade]]) -> - | AK25: =BS_CONTROLE[[#This Row],[Local - Partida]] -> 0 | AL25: =BS_CONTROLE[[#This Row],[Local - Encerramento]] -> 0 | AM25: =IF(BS_CONTROLE[[#This Row],[Entre - Estações]]=0, "-", BS_CONTROLE[[#This Row],[Entre - Estações]]) -> - | AN25: =IF(BS_CONTROLE[[#This Row],[SB]]=0, "-", BS_CONTROLE[[#This Row],[SB]]) -> - | AO25: =IF(BS_CONTROLE[[#This Row],[SUB]]=0, "-", BS_CONTROLE[[#This Row],[SUB]]) -> - | AP25: =BS_CONTROLE[[#This Row],[KM - Inicio]] -> 0 | AQ25: =BS_CONTROLE[[#This Row],[KM - Inicio]] -> 0 | AY25: =IF(D25="","*",IFERROR(IF(ISODD(COUNT(AS25:AX25)),"ERRO",SUM((AT25-AS25),(AV25-AU25),(AX25-AW25))),"ERRO")) -> * | BB25: =IFERROR(_xlfn.XLOOKUP(AI25, BS_ATIVIDADE[ATIVIDADE],BS_ATIVIDADE[UNIDADE] ), "*") -> * | BC25: {=_xlfn.XLOOKUP( 1, ( TabelaMap[SUB] = BS_CONTROLE[[#This Row],[SUB_5]]) * ( TabelaMap[KM Inicio] <= BS_CONTROLE[[#This Row],[KM - ínicio]]) * ( TabelaMap[KM Fim] >= BS_CONTROLE[[#This Row],[KM - ínicio]]), TabelaMap[Gerência], "-", 0 )} -> - | BD25: {=_xlfn.XLOOKUP( 1, ( TabelaMap[SUB] = BS_CONTROLE[[#This Row],[SUB_5]]) * ( TabelaMap[KM Inicio] <= BS_CONTROLE[[#This Row],[KM - ínicio]]) * ( TabelaMap[KM Fim] >= BS_CONTROLE[[#This Row],[KM - ínicio]]), TabelaMap[Trecho Coordenação], "-", 0 )} -> - | BE25: {=_xlfn.XLOOKUP( 1, ( TabelaMap[SUB] = BS_CONTROLE[[#This Row],[SUB_5]]) * ( TabelaMap[KM Inicio] <= BS_CONTROLE[[#This Row],[KM - Inicio]]) * ( TabelaMap[KM Fim] >= BS_CONTROLE[[#This Row],[KM - Inicio]]), TabelaMap[NOME SUB], "-", 0 )} -> - | BQ25: =IF(AND(BR25<1,BS25<1),"Produção e Intervalo",IF(BR25<1,"Intervalo",IF(BS25<1,"Produção","Aderente"))) -> Aderente | BR25: =IF(OR(B25="",F25=""),"*",AY25/P25) -> * | BS25: =IF(OR(B25="",F25=""),"*",BA25/Q25) -> * | BT25: =IF(BN25="","",SUBSTITUTE(BM25," ","")&SUBSTITUTE(BN25," ",""))
A26: =D26&B26 -> E1746055 | B26: 46055 | C26: =IF(BS_CONTROLE[[#This Row],[DATA]]="","",WEEKNUM(BS_CONTROLE[[#This Row],[DATA]])) -> 6 | D26: E17 | E26: 4 | F26: CAMINHÃO DE SOLDA | G26: =IF(D26="","*",VLOOKUP(F26,BS_ATIVIDADE[],3,FALSE)) -> CAMINHÂO - SOLDA | H26: 102ZKW2 | I26: 102ZKW2 | J26: 55 | K26: 81 | L26: 82 | M26: {=_xlfn.XLOOKUP( 1, ( TabelaMap[SUB] = BS_CONTROLE[[#This Row],[SUB]]) * ( TabelaMap[KM Inicio] <= BS_CONTROLE[[#This Row],[KM - Inicio]]) * ( TabelaMap[KM Fim] >= BS_CONTROLE[[#This Row],[KM - Inicio]]), TabelaMap[Trecho], "-", 0 )} -> ZKE-ZWW | N26: {=_xlfn.XLOOKUP( 1, ( TabelaMap[SUB] = BS_CONTROLE[[#This Row],[SUB]]) * ( TabelaMap[KM Inicio] <= BS_CONTROLE[[#This Row],[KM - Inicio]]) * ( TabelaMap[KM Fim] >= BS_CONTROLE[[#This Row],[KM - Inicio]]), TabelaMap[SB], "-", 0 )} -> K83K802 | O26: 0.375 | P26: 0.16666667 | Q26: 3 | R26: =IFERROR(_xlfn.XLOOKUP(F26, BS_ATIVIDADE[ATIVIDADE],BS_ATIVIDADE[UNIDADE] ), "*") -> Nº DE SOLDA | S26: {=_xlfn.XLOOKUP( 1, ( TabelaMap[SUB] = BS_CONTROLE[[#This Row],[SUB]]) * ( TabelaMap[KM Inicio] <= BS_CONTROLE[[#This Row],[KM - Inicio]]) * ( TabelaMap[KM Fim] >= BS_CONTROLE[[#This Row],[KM - Inicio]]), TabelaMap[Gerência], "-", 0 )} -> SP SUL | T26: {=_xlfn.XLOOKUP( 1, ( TabelaMap[SUB] = BS_CONTROLE[[#This Row],[SUB]]) * ( TabelaMap[KM Inicio] <= BS_CONTROLE[[#This Row],[KM - Inicio]]) * ( TabelaMap[KM Fim] >= BS_CONTROLE[[#This Row],[KM - Inicio]]), TabelaMap[Trecho Coordenação], "-", 0 )} -> ZKE-ZEV | U26: {=_xlfn.XLOOKUP( 1, ( TabelaMap[SUB] = BS_CONTROLE[[#This Row],[SUB]]) * ( TabelaMap[KM Inicio] <= BS_CONTROLE[[#This Row],[KM - Inicio]]) * ( TabelaMap[KM Fim] >= BS_CONTROLE[[#This Row],[KM - Inicio]]), TabelaMap[NOME SUB], "-", 0 )} -> CANGUERA - EVANGELISTA DE SOUZA (L2 PRINCIPAL) | V26: Higor | W26: Caminhão de solda | X26: Oportunidade | Y26: OPORTUNIDADE | AA26: 1 | AB26: FIXO | AD26: 0.33333333 | AE26: - | AF26: - | AG26: - | AI26: =IF(BS_CONTROLE[[#This Row],[Atividade]]=0, "-", BS_CONTROLE[[#This Row],[Atividade]]) -> CAMINHÃO DE SOLDA | AJ26: =IF(BS_CONTROLE[[#This Row],[Atividade]]=0, "-", BS_CONTROLE[[#This Row],[Atividade]]) -> CAMINHÃO DE SOLDA | AK26: =BS_CONTROLE[[#This Row],[Local - Partida]] -> 102ZKW2 | AL26: =BS_CONTROLE[[#This Row],[Local - Encerramento]] -> 102ZKW2 | AM26: =IF(BS_CONTROLE[[#This Row],[Entre - Estações]]=0, "-", BS_CONTROLE[[#This Row],[Entre - Estações]]) -> ZKE-ZWW | AN26: =IF(BS_CONTROLE[[#This Row],[SB]]=0, "-", BS_CONTROLE[[#This Row],[SB]]) -> K83K802 | AO26: =IF(BS_CONTROLE[[#This Row],[SUB]]=0, "-", BS_CONTROLE[[#This Row],[SUB]]) -> 55 | AP26: =BS_CONTROLE[[#This Row],[KM - Inicio]] -> 81 | AQ26: =BS_CONTROLE[[#This Row],[KM - Inicio]] -> 81 | AR26: 0.52083333 | AS26: 0 | AT26: 0 | AY26: =IF(D26="","*",IFERROR(IF(ISODD(COUNT(AS26:AX26)),"ERRO",SUM((AT26-AS26),(AV26-AU26),(AX26-AW26))),"ERRO")) -> 0 | BA26: 0 | BB26: =IFERROR(_xlfn.XLOOKUP(AI26, BS_ATIVIDADE[ATIVIDADE],BS_ATIVIDADE[UNIDADE] ), "*") -> Nº DE SOLDA | BC26: {=_xlfn.XLOOKUP( 1, ( TabelaMap[SUB] = BS_CONTROLE[[#This Row],[SUB_5]]) * ( TabelaMap[KM Inicio] <= BS_CONTROLE[[#This Row],[KM - ínicio]]) * ( TabelaMap[KM Fim] >= BS_CONTROLE[[#This Row],[KM - ínicio]]), TabelaMap[Gerência], "-", 0 )} -> SP SUL | BD26: {=_xlfn.XLOOKUP( 1, ( TabelaMap[SUB] = BS_CONTROLE[[#This Row],[SUB_5]]) * ( TabelaMap[KM Inicio] <= BS_CONTROLE[[#This Row],[KM - ínicio]]) * ( TabelaMap[KM Fim] >= BS_CONTROLE[[#This Row],[KM - ínicio]]), TabelaMap[Trecho Coordenação], "-", 0 )} -> ZKE-ZEV | BE26: {=_xlfn.XLOOKUP( 1, ( TabelaMap[SUB] = BS_CONTROLE[[#This Row],[SUB_5]]) * ( TabelaMap[KM Inicio] <= BS_CONTROLE[[#This Row],[KM - Inicio]]) * ( TabelaMap[KM Fim] >= BS_CONTROLE[[#This Row],[KM - Inicio]]), TabelaMap[NOME SUB], "-", 0 )} -> CANGUERA - EVANGELISTA DE SOUZA (L2 PRINCIPAL) | BF26: Higor | BH26: 0 | BJ26: Aguardando chegada dos tampões para solicitar MC1. | BK26: Aguardou a descarga dos tampões, MC1 12h30 / Sem oportunidade de faixa | BM26: Sem Oportunidade | BN26: Sem Oportunidade | BO26: Sem Oportunidade | BP26: Aguardou a descarga dos tampões, MC1 12h30 / Sem oportunidade de faixa | BQ26: =IF(AND(BR26<1,BS26<1),"Produção e Intervalo",IF(BR26<1,"Intervalo",IF(BS26<1,"Produção","Aderente"))) -> Produção e Intervalo | BR26: =IF(OR(B26="",F26=""),"*",AY26/P26) -> 0 | BS26: =IF(OR(B26="",F26=""),"*",BA26/Q26) -> 0 | BT26: =IF(BN26="","",SUBSTITUTE(BM26," ","")&SUBSTITUTE(BN26," ","")) -> SemOportunidadeSemOportunidade
A27: =D27&B27 -> V8946055 | B27: 46055 | C27: =IF(BS_CONTROLE[[#This Row],[DATA]]="","",WEEKNUM(BS_CONTROLE[[#This Row],[DATA]])) -> 6 | D27: V89 | F27: MECANIZAÇÃO - SOCADORA | G27: =IF(D27="","*",VLOOKUP(F27,BS_ATIVIDADE[],3,FALSE)) -> MECANIZAÇÃO - SOCADORA | H27: 102ZKW2 | I27: 102ZKW2 | J27: 48 | K27: 92.745 | L27: 93.587 | M27: {=_xlfn.XLOOKUP( 1, ( TabelaMap[SUB] = BS_CONTROLE[[#This Row],[SUB]]) * ( TabelaMap[KM Inicio] <= BS_CONTROLE[[#This Row],[KM - Inicio]]) * ( TabelaMap[KM Fim] >= BS_CONTROLE[[#This Row],[KM - Inicio]]), TabelaMap[Trecho], "-", 0 )} -> ZWW-ZKW | N27: {=_xlfn.XLOOKUP( 1, ( TabelaMap[SUB] = BS_CONTROLE[[#This Row],[SUB]]) * ( TabelaMap[KM Inicio] <= BS_CONTROLE[[#This Row],[KM - Inicio]]) * ( TabelaMap[KM Fim] >= BS_CONTROLE[[#This Row],[KM - Inicio]]), TabelaMap[SB], "-", 0 )} -> K93K911 | O27: 0.5 | P27: 0.16666667 | Q27: 960 | R27: =IFERROR(_xlfn.XLOOKUP(F27, BS_ATIVIDADE[ATIVIDADE],BS_ATIVIDADE[UNIDADE] ), "*") -> M | S27: {=_xlfn.XLOOKUP( 1, ( TabelaMap[SUB] = BS_CONTROLE[[#This Row],[SUB]]) * ( TabelaMap[KM Inicio] <= BS_CONTROLE[[#This Row],[KM - Inicio]]) * ( TabelaMap[KM Fim] >= BS_CONTROLE[[#This Row],[KM - Inicio]]), TabelaMap[Gerência], "-", 0 )} -> SP SUL | T27: {=_xlfn.XLOOKUP( 1, ( TabelaMap[SUB] = BS_CONTROLE[[#This Row],[SUB]]) * ( TabelaMap[KM Inicio] <= BS_CONTROLE[[#This Row],[KM - Inicio]]) * ( TabelaMap[KM Fim] >= BS_CONTROLE[[#This Row],[KM - Inicio]]), TabelaMap[Trecho Coordenação], "-", 0 )} -> ZKE-ZEV | U27: {=_xlfn.XLOOKUP( 1, ( TabelaMap[SUB] = BS_CONTROLE[[#This Row],[SUB]]) * ( TabelaMap[KM Inicio] <= BS_CONTROLE[[#This Row],[KM - Inicio]]) * ( TabelaMap[KM Fim] >= BS_CONTROLE[[#This Row],[KM - Inicio]]), TabelaMap[NOME SUB], "-", 0 )} -> CANGUERA - EVANGELISTA DE SOUZA (L1 PRINCIPAL) | V27: Antonioni | W27: Socaria mecanizada | X27: Contrato | Y27: OPORTUNIDADE | AI27: =IF(BS_CONTROLE[[#This Row],[Atividade]]=0, "-", BS_CONTROLE[[#This Row],[Atividade]]) -> MECANIZAÇÃO - SOCADORA | AJ27: =IF(BS_CONTROLE[[#This Row],[Atividade]]=0, "-", BS_CONTROLE[[#This Row],[Atividade]]) -> MECANIZAÇÃO - SOCADORA | AK27: =BS_CONTROLE[[#This Row],[Local - Partida]] -> 102ZKW2 | AL27: =BS_CONTROLE[[#This Row],[Local - Encerramento]] -> 102ZKW2 | AM27: =IF(BS_CONTROLE[[#This Row],[Entre - Estações]]=0, "-", BS_CONTROLE[[#This Row],[Entre - Estações]]) -> ZWW-ZKW | AN27: =IF(BS_CONTROLE[[#This Row],[SB]]=0, "-", BS_CONTROLE[[#This Row],[SB]]) -> K93K911 | AO27: =IF(BS_CONTROLE[[#This Row],[SUB]]=0, "-", BS_CONTROLE[[#This Row],[SUB]]) -> 48 | AP27: =BS_CONTROLE[[#This Row],[KM - Inicio]] -> 92.745 | AQ27: =BS_CONTROLE[[#This Row],[KM - Inicio]] -> 92.745 | AR27: 0.41527778 | AS27: 0.46319444 | AT27: 0.65347222 | AY27: =IF(D27="","*",IFERROR(IF(ISODD(COUNT(AS27:AX27)),"ERRO",SUM((AT27-AS27),(AV27-AU27),(AX27-AW27))),"ERRO")) -> 0.19027778 | BA27: 122 | BB27: =IFERROR(_xlfn.XLOOKUP(AI27, BS_ATIVIDADE[ATIVIDADE],BS_ATIVIDADE[UNIDADE] ), "*") -> M | BC27: {=_xlfn.XLOOKUP( 1, ( TabelaMap[SUB] = BS_CONTROLE[[#This Row],[SUB_5]]) * ( TabelaMap[KM Inicio] <= BS_CONTROLE[[#This Row],[KM - ínicio]]) * ( TabelaMap[KM Fim] >= BS_CONTROLE[[#This Row],[KM - ínicio]]), TabelaMap[Gerência], "-", 0 )} -> SP SUL | BD27: {=_xlfn.XLOOKUP( 1, ( TabelaMap[SUB] = BS_CONTROLE[[#This Row],[SUB_5]]) * ( TabelaMap[KM Inicio] <= BS_CONTROLE[[#This Row],[KM - ínicio]]) * ( TabelaMap[KM Fim] >= BS_CONTROLE[[#This Row],[KM - ínicio]]), TabelaMap[Trecho Coordenação], "-", 0 )} -> ZKE-ZEV | BE27: {=_xlfn.XLOOKUP( 1, ( TabelaMap[SUB] = BS_CONTROLE[[#This Row],[SUB_5]]) * ( TabelaMap[KM Inicio] <= BS_CONTROLE[[#This Row],[KM - Inicio]]) * ( TabelaMap[KM Fim] >= BS_CONTROLE[[#This Row],[KM - Inicio]]), TabelaMap[NOME SUB], "-", 0 )} -> CANGUERA - EVANGELISTA DE SOUZA (L1 PRINCIPAL) | BF27: Antonioni | BH27: 2 | BJ27: MC1 09h58 / autorizado entrada na via 10h15 / Em intervalo das 11h07 até 13h07. | BK27: MC1 09h58 / autorizado entrada na via 10h15 / Realizado intervalo das 11h07 até 15h41. | BM27: Mecanização | BN27: Ativos | BO27: Avaria em veículo (Mecanização) | BQ27: =IF(AND(BR27<1,BS27<1),"Produção e Intervalo",IF(BR27<1,"Intervalo",IF(BS27<1,"Produção","Aderente"))) -> Produção | BR27: =IF(OR(B27="",F27=""),"*",AY27/P27) -> 1.1416667 | BS27: =IF(OR(B27="",F27=""),"*",BA27/Q27) -> 0.12708333 | BT27: =IF(BN27="","",SUBSTITUTE(BM27," ","")&SUBSTITUTE(BN27," ","")) -> MecanizaçãoAtivos
A28: =D28&B28 -> E42 | C28: =IF(BS_CONTROLE[[#This Row],[DATA]]="","",WEEKNUM(BS_CONTROLE[[#This Row],[DATA]])) | D28: E42 | F28: TRILHEIRO - DESCARGA | G28: =IF(D28="","*",VLOOKUP(F28,BS_ATIVIDADE[],3,FALSE)) -> TRILHEIRO - DESCARGA | H28: 102ZKW2 | I28: ZCP1 | J28: 55 | K28: 95.385 | L28: 99.831 | M28: {=_xlfn.XLOOKUP( 1, ( TabelaMap[SUB] = BS_CONTROLE[[#This Row],[SUB]]) * ( TabelaMap[KM Inicio] <= BS_CONTROLE[[#This Row],[KM - Inicio]]) * ( TabelaMap[KM Fim] >= BS_CONTROLE[[#This Row],[KM - Inicio]]), TabelaMap[Trecho], "-", 0 )} -> ZKW | N28: ZKW2/102ZKW2 | O28: 0.39583333 | P28: 0.083333333 | Q28: 1248 | R28: =IFERROR(_xlfn.XLOOKUP(F28, BS_ATIVIDADE[ATIVIDADE],BS_ATIVIDADE[UNIDADE] ), "*") -> M | S28: {=_xlfn.XLOOKUP( 1, ( TabelaMap[SUB] = BS_CONTROLE[[#This Row],[SUB]]) * ( TabelaMap[KM Inicio] <= BS_CONTROLE[[#This Row],[KM - Inicio]]) * ( TabelaMap[KM Fim] >= BS_CONTROLE[[#This Row],[KM - Inicio]]), TabelaMap[Gerência], "-", 0 )} -> SP SUL | T28: {=_xlfn.XLOOKUP( 1, ( TabelaMap[SUB] = BS_CONTROLE[[#This Row],[SUB]]) * ( TabelaMap[KM Inicio] <= BS_CONTROLE[[#This Row],[KM - Inicio]]) * ( TabelaMap[KM Fim] >= BS_CONTROLE[[#This Row],[KM - Inicio]]), TabelaMap[Trecho Coordenação], "-", 0 )} -> ZKE-ZEV | U28: {=_xlfn.XLOOKUP( 1, ( TabelaMap[SUB] = BS_CONTROLE[[#This Row],[SUB]]) * ( TabelaMap[KM Inicio] <= BS_CONTROLE[[#This Row],[KM - Inicio]]) * ( TabelaMap[KM Fim] >= BS_CONTROLE[[#This Row],[KM - Inicio]]), TabelaMap[NOME SUB], "-", 0 )} -> CANGUERA - EVANGELISTA DE SOUZA (L2 PRINCIPAL) | V28: Felipe | W28: Descarga de trilho | X28: Oportunidade | AA28: 2 | AB28: ESCALA | AC28: AGD ACIONAMENTO PCM | AD28: 0.33333333 | AE28: - | AI28: =IF(BS_CONTROLE[[#This Row],[Atividade]]=0, "-", BS_CONTROLE[[#This Row],[Atividade]]) -> TRILHEIRO - DESCARGA | AJ28: =IF(BS_CONTROLE[[#This Row],[Atividade]]=0, "-", BS_CONTROLE[[#This Row],[Atividade]]) -> TRILHEIRO - DESCARGA | AK28: =BS_CONTROLE[[#This Row],[Local - Partida]] -> 102ZKW2 | AL28: =BS_CONTROLE[[#This Row],[Local - Encerramento]] -> ZCP1 | AM28: =IF(BS_CONTROLE[[#This Row],[Entre - Estações]]=0, "-", BS_CONTROLE[[#This Row],[Entre - Estações]]) -> ZKW | AN28: =IF(BS_CONTROLE[[#This Row],[SB]]=0, "-", BS_CONTROLE[[#This Row],[SB]]) -> ZKW2/102ZKW2 | AO28: =IF(BS_CONTROLE[[#This Row],[SUB]]=0, "-", BS_CONTROLE[[#This Row],[SUB]]) -> 55 | AP28: =BS_CONTROLE[[#This Row],[KM - Inicio]] -> 95.385 | AQ28: =BS_CONTROLE[[#This Row],[KM - Inicio]] -> 95.385 | AY28: =IF(D28="","*",IFERROR(IF(ISODD(COUNT(AS28:AX28)),"ERRO",SUM((AT28-AS28),(AV28-AU28),(AX28-AW28))),"ERRO")) -> 0 | BB28: =IFERROR(_xlfn.XLOOKUP(AI28, BS_ATIVIDADE[ATIVIDADE],BS_ATIVIDADE[UNIDADE] ), "*") -> M | BC28: {=_xlfn.XLOOKUP( 1, ( TabelaMap[SUB] = BS_CONTROLE[[#This Row],[SUB_5]]) * ( TabelaMap[KM Inicio] <= BS_CONTROLE[[#This Row],[KM - ínicio]]) * ( TabelaMap[KM Fim] >= BS_CONTROLE[[#This Row],[KM - ínicio]]), TabelaMap[Gerência], "-", 0 )} -> SP SUL | BD28: {=_xlfn.XLOOKUP( 1, ( TabelaMap[SUB] = BS_CONTROLE[[#This Row],[SUB_5]]) * ( TabelaMap[KM Inicio] <= BS_CONTROLE[[#This Row],[KM - ínicio]]) * ( TabelaMap[KM Fim] >= BS_CONTROLE[[#This Row],[KM - ínicio]]), TabelaMap[Trecho Coordenação], "-", 0 )} -> ZKE-ZEV | BE28: {=_xlfn.XLOOKUP( 1, ( TabelaMap[SUB] = BS_CONTROLE[[#This Row],[SUB_5]]) * ( TabelaMap[KM Inicio] <= BS_CONTROLE[[#This Row],[KM - Inicio]]) * ( TabelaMap[KM Fim] >= BS_CONTROLE[[#This Row],[KM - Inicio]]), TabelaMap[NOME SUB], "-", 0 )} -> CANGUERA - EVANGELISTA DE SOUZA (L2 PRINCIPAL) | BF28: Felipe | BQ28: =IF(AND(BR28<1,BS28<1),"Produção e Intervalo",IF(BR28<1,"Intervalo",IF(BS28<1,"Produção","Aderente"))) -> Aderente | BR28: =IF(OR(B28="",F28=""),"*",AY28/P28) -> * | BS28: =IF(OR(B28="",F28=""),"*",BA28/Q28) -> *
A29: =D29&B29 -> ISMAEL(TP-726) | C29: =IF(BS_CONTROLE[[#This Row],[DATA]]="","",WEEKNUM(BS_CONTROLE[[#This Row],[DATA]])) | D29: ISMAEL(TP-726) | F29: PDM - SOLDA | G29: =IF(D29="","*",VLOOKUP(F29,BS_ATIVIDADE[],3,FALSE)) -> SOLDA | H29: - | I29: - | J29: 55 | K29: 94.664 | L29: - | M29: {=_xlfn.XLOOKUP( 1, ( TabelaMap[SUB] = BS_CONTROLE[[#This Row],[SUB]]) * ( TabelaMap[KM Inicio] <= BS_CONTROLE[[#This Row],[KM - Inicio]]) * ( TabelaMap[KM Fim] >= BS_CONTROLE[[#This Row],[KM - Inicio]]), TabelaMap[Trecho], "-", 0 )} -> ZWW-ZKW | N29: {=_xlfn.XLOOKUP( 1, ( TabelaMap[SUB] = BS_CONTROLE[[#This Row],[SUB]]) * ( TabelaMap[KM Inicio] <= BS_CONTROLE[[#This Row],[KM - Inicio]]) * ( TabelaMap[KM Fim] >= BS_CONTROLE[[#This Row],[KM - Inicio]]), TabelaMap[SB], "-", 0 )} -> ZKWK932 | O29: 0.375 | P29: 0.125 | Q29: 2 | R29: =IFERROR(_xlfn.XLOOKUP(F29, BS_ATIVIDADE[ATIVIDADE],BS_ATIVIDADE[UNIDADE] ), "*") -> Nº DE SOLDA | S29: {=_xlfn.XLOOKUP( 1, ( TabelaMap[SUB] = BS_CONTROLE[[#This Row],[SUB]]) * ( TabelaMap[KM Inicio] <= BS_CONTROLE[[#This Row],[KM - Inicio]]) * ( TabelaMap[KM Fim] >= BS_CONTROLE[[#This Row],[KM - Inicio]]), TabelaMap[Gerência], "-", 0 )} -> SP SUL | T29: {=_xlfn.XLOOKUP( 1, ( TabelaMap[SUB] = BS_CONTROLE[[#This Row],[SUB]]) * ( TabelaMap[KM Inicio] <= BS_CONTROLE[[#This Row],[KM - Inicio]]) * ( TabelaMap[KM Fim] >= BS_CONTROLE[[#This Row],[KM - Inicio]]), TabelaMap[Trecho Coordenação], "-", 0 )} -> ZKE-ZEV | U29: {=_xlfn.XLOOKUP( 1, ( TabelaMap[SUB] = BS_CONTROLE[[#This Row],[SUB]]) * ( TabelaMap[KM Inicio] <= BS_CONTROLE[[#This Row],[KM - Inicio]]) * ( TabelaMap[KM Fim] >= BS_CONTROLE[[#This Row],[KM - Inicio]]), TabelaMap[NOME SUB], "-", 0 )} -> CANGUERA - EVANGELISTA DE SOUZA (L2 PRINCIPAL) | V29: Ismael | W29: Execução de solda - Condicionado a temperatura | X29: Oportunidade | AA29: 1 | AB29: FIXO | AC29: - | AD29: 0.45833333 | AE29: 6239 | AF29: - | AG29: - | AI29: =IF(BS_CONTROLE[[#This Row],[Atividade]]=0, "-", BS_CONTROLE[[#This Row],[Atividade]]) -> PDM - SOLDA | AJ29: =IF(BS_CONTROLE[[#This Row],[Atividade]]=0, "-", BS_CONTROLE[[#This Row],[Atividade]]) -> PDM - SOLDA | AK29: =BS_CONTROLE[[#This Row],[Local - Partida]] -> - | AL29: =BS_CONTROLE[[#This Row],[Local - Encerramento]] -> - | AM29: =IF(BS_CONTROLE[[#This Row],[Entre - Estações]]=0, "-", BS_CONTROLE[[#This Row],[Entre - Estações]]) -> ZWW-ZKW | AN29: =IF(BS_CONTROLE[[#This Row],[SB]]=0, "-", BS_CONTROLE[[#This Row],[SB]]) -> ZKWK932 | AO29: =IF(BS_CONTROLE[[#This Row],[SUB]]=0, "-", BS_CONTROLE[[#This Row],[SUB]]) -> 55 | AP29: =BS_CONTROLE[[#This Row],[KM - Inicio]] -> 94.664 | AQ29: =BS_CONTROLE[[#This Row],[KM - Inicio]] -> 94.664 | AY29: =IF(D29="","*",IFERROR(IF(ISODD(COUNT(AS29:AX29)),"ERRO",SUM((AT29-AS29),(AV29-AU29),(AX29-AW29))),"ERRO")) -> 0 | BB29: =IFERROR(_xlfn.XLOOKUP(AI29, BS_ATIVIDADE[ATIVIDADE],BS_ATIVIDADE[UNIDADE] ), "*") -> Nº DE SOLDA | BC29: {=_xlfn.XLOOKUP( 1, ( TabelaMap[SUB] = BS_CONTROLE[[#This Row],[SUB_5]]) * ( TabelaMap[KM Inicio] <= BS_CONTROLE[[#This Row],[KM - ínicio]]) * ( TabelaMap[KM Fim] >= BS_CONTROLE[[#This Row],[KM - ínicio]]), TabelaMap[Gerência], "-", 0 )} -> SP SUL | BD29: {=_xlfn.XLOOKUP( 1, ( TabelaMap[SUB] = BS_CONTROLE[[#This Row],[SUB_5]]) * ( TabelaMap[KM Inicio] <= BS_CONTROLE[[#This Row],[KM - ínicio]]) * ( TabelaMap[KM Fim] >= BS_CONTROLE[[#This Row],[KM - ínicio]]), TabelaMap[Trecho Coordenação], "-", 0 )} -> ZKE-ZEV | BE29: {=_xlfn.XLOOKUP( 1, ( TabelaMap[SUB] = BS_CONTROLE[[#This Row],[SUB_5]]) * ( TabelaMap[KM Inicio] <= BS_CONTROLE[[#This Row],[KM - Inicio]]) * ( TabelaMap[KM Fim] >= BS_CONTROLE[[#This Row],[KM - Inicio]]), TabelaMap[NOME SUB], "-", 0 )} -> CANGUERA - EVANGELISTA DE SOUZA (L2 PRINCIPAL) | BF29: Ismael | BQ29: =IF(AND(BR29<1,BS29<1),"Produção e Intervalo",IF(BR29<1,"Intervalo",IF(BS29<1,"Produção","Aderente"))) -> Aderente | BR29: =IF(OR(B29="",F29=""),"*",AY29/P29) -> * | BS29: =IF(OR(B29="",F29=""),"*",BA29/Q29) -> * | BT29: =IF(BN29="","",SUBSTITUTE(BM29," ","")&SUBSTITUTE(BN29," ",""))
A30: =D30&B30 -> CAIQUE (TP-869)46055 | B30: 46055 | C30: =IF(BS_CONTROLE[[#This Row],[DATA]]="","",WEEKNUM(BS_CONTROLE[[#This Row],[DATA]])) -> 6 | D30: CAIQUE (TP-869) | F30: MODERNIZAÇÃO - SOLDA | G30: =IF(D30="","*",VLOOKUP(F30,BS_ATIVIDADE[],3,FALSE)) -> MODERNIZAÇÃO | H30: - | I30: - | J30: 48 | K30: 123.363 | L30: - | M30: {=_xlfn.XLOOKUP( 1, ( TabelaMap[SUB] = BS_CONTROLE[[#This Row],[SUB]]) * ( TabelaMap[KM Inicio] <= BS_CONTROLE[[#This Row],[KM - Inicio]]) * ( TabelaMap[KM Fim] >= BS_CONTROLE[[#This Row],[KM - Inicio]]), TabelaMap[Trecho], "-", 0 )} -> ZWI-ZEM | N30: {=_xlfn.XLOOKUP( 1, ( TabelaMap[SUB] = BS_CONTROLE[[#This Row],[SUB]]) * ( TabelaMap[KM Inicio] <= BS_CONTROLE[[#This Row],[KM - Inicio]]) * ( TabelaMap[KM Fim] >= BS_CONTROLE[[#This Row],[KM - Inicio]]), TabelaMap[SB], "-", 0 )} -> 1241231 | O30: 0.35416667 | P30: 0.0625 | Q30: 1 | R30: =IFERROR(_xlfn.XLOOKUP(F30, BS_ATIVIDADE[ATIVIDADE],BS_ATIVIDADE[UNIDADE] ), "*") -> Nº DE SOLDA | S30: {=_xlfn.XLOOKUP( 1, ( TabelaMap[SUB] = BS_CONTROLE[[#This Row],[SUB]]) * ( TabelaMap[KM Inicio] <= BS_CONTROLE[[#This Row],[KM - Inicio]]) * ( TabelaMap[KM Fim] >= BS_CONTROLE[[#This Row],[KM - Inicio]]), TabelaMap[Gerência], "-", 0 )} -> SP SUL | T30: {=_xlfn.XLOOKUP( 1, ( TabelaMap[SUB] = BS_CONTROLE[[#This Row],[SUB]]) * ( TabelaMap[KM Inicio] <= BS_CONTROLE[[#This Row],[KM - Inicio]]) * ( TabelaMap[KM Fim] >= BS_CONTROLE[[#This Row],[KM - Inicio]]), TabelaMap[Trecho Coordenação], "-", 0 )} -> ZKE-ZEV | U30: {=_xlfn.XLOOKUP( 1, ( TabelaMap[SUB] = BS_CONTROLE[[#This Row],[SUB]]) * ( TabelaMap[KM Inicio] <= BS_CONTROLE[[#This Row],[KM - Inicio]]) * ( TabelaMap[KM Fim] >= BS_CONTROLE[[#This Row],[KM - Inicio]]), TabelaMap[NOME SUB], "-", 0 )} -> CANGUERA - EVANGELISTA DE SOUZA (L1 PRINCIPAL) | V30: Caique | W30: Execução de solda - Condicionado a temperatura | X30: Oportunidade | Y30: OPORTUNIDADE | AA30: - | AB30: - | AC30: - | AD30: - | AE30: - | AF30: - | AG30: - | AI30: =IF(BS_CONTROLE[[#This Row],[Atividade]]=0, "-", BS_CONTROLE[[#This Row],[Atividade]]) -> MODERNIZAÇÃO - SOLDA | AJ30: =IF(BS_CONTROLE[[#This Row],[Atividade]]=0, "-", BS_CONTROLE[[#This Row],[Atividade]]) -> MODERNIZAÇÃO - SOLDA | AK30: =BS_CONTROLE[[#This Row],[Local - Partida]] -> - | AL30: =BS_CONTROLE[[#This Row],[Local - Encerramento]] -> - | AM30: =IF(BS_CONTROLE[[#This Row],[Entre - Estações]]=0, "-", BS_CONTROLE[[#This Row],[Entre - Estações]]) -> ZWI-ZEM | AN30: =IF(BS_CONTROLE[[#This Row],[SB]]=0, "-", BS_CONTROLE[[#This Row],[SB]]) -> 1241231 | AO30: =IF(BS_CONTROLE[[#This Row],[SUB]]=0, "-", BS_CONTROLE[[#This Row],[SUB]]) -> 48 | AP30: =BS_CONTROLE[[#This Row],[KM - Inicio]] -> 123.363 | AQ30: =BS_CONTROLE[[#This Row],[KM - Inicio]] -> 123.363 | AR30: 0 | AS30: 0 | AT30: 0 | AY30: =IF(D30="","*",IFERROR(IF(ISODD(COUNT(AS30:AX30)),"ERRO",SUM((AT30-AS30),(AV30-AU30),(AX30-AW30))),"ERRO")) -> 0 | BA30: 0 | BB30: =IFERROR(_xlfn.XLOOKUP(AI30, BS_ATIVIDADE[ATIVIDADE],BS_ATIVIDADE[UNIDADE] ), "*") -> Nº DE SOLDA | BC30: {=_xlfn.XLOOKUP( 1, ( TabelaMap[SUB] = BS_CONTROLE[[#This Row],[SUB_5]]) * ( TabelaMap[KM Inicio] <= BS_CONTROLE[[#This Row],[KM - ínicio]]) * ( TabelaMap[KM Fim] >= BS_CONTROLE[[#This Row],[KM - ínicio]]), TabelaMap[Gerência], "-", 0 )} -> SP SUL | BD30: {=_xlfn.XLOOKUP( 1, ( TabelaMap[SUB] = BS_CONTROLE[[#This Row],[SUB_5]]) * ( TabelaMap[KM Inicio] <= BS_CONTROLE[[#This Row],[KM - ínicio]]) * ( TabelaMap[KM Fim] >= BS_CONTROLE[[#This Row],[KM - ínicio]]), TabelaMap[Trecho Coordenação], "-", 0 )} -> ZKE-ZEV | BE30: {=_xlfn.XLOOKUP( 1, ( TabelaMap[SUB] = BS_CONTROLE[[#This Row],[SUB_5]]) * ( TabelaMap[KM Inicio] <= BS_CONTROLE[[#This Row],[KM - Inicio]]) * ( TabelaMap[KM Fim] >= BS_CONTROLE[[#This Row],[KM - Inicio]]), TabelaMap[NOME SUB], "-", 0 )} -> CANGUERA - EVANGELISTA DE SOUZA (L1 PRINCIPAL) | BF30: Caique | BH30: 0 | BJ30: TP não solicita intervalo / condições climáticas (chuva) | BK30: TP não solicita intervalo / condições climáticas (chuva) | BM30: Condições Climática | BN30: Chuva | BO30: Chuva | BP30: TP não solicita intervalo / condições climáticas (chuva) | BQ30: =IF(AND(BR30<1,BS30<1),"Produção e Intervalo",IF(BR30<1,"Intervalo",IF(BS30<1,"Produção","Aderente"))) -> Produção e Intervalo | BR30: =IF(OR(B30="",F30=""),"*",AY30/P30) -> 0 | BS30: =IF(OR(B30="",F30=""),"*",BA30/Q30) -> 0 | BT30: =IF(BN30="","",SUBSTITUTE(BM30," ","")&SUBSTITUTE(BN30," ","")) -> CondiçõesClimáticaChuva
A31: =D31&B31 | C31: =IF(BS_CONTROLE[[#This Row],[DATA]]="","",WEEKNUM(BS_CONTROLE[[#This Row],[DATA]])) | E31: 25 | G31: =IF(D31="","*",VLOOKUP(F31,BS_ATIVIDADE[],3,FALSE)) -> * | M31: {=_xlfn.XLOOKUP( 1, ( TabelaMap[SUB] = BS_CONTROLE[[#This Row],[SUB]]) * ( TabelaMap[KM Inicio] <= BS_CONTROLE[[#This Row],[KM - Inicio]]) * ( TabelaMap[KM Fim] >= BS_CONTROLE[[#This Row],[KM - Inicio]]), TabelaMap[Trecho], "-", 0 )} -> - | N31: {=_xlfn.XLOOKUP( 1, ( TabelaMap[SUB] = BS_CONTROLE[[#This Row],[SUB]]) * ( TabelaMap[KM Inicio] <= BS_CONTROLE[[#This Row],[KM - Inicio]]) * ( TabelaMap[KM Fim] >= BS_CONTROLE[[#This Row],[KM - Inicio]]), TabelaMap[SB], "-", 0 )} -> - | R31: =IFERROR(_xlfn.XLOOKUP(F31, BS_ATIVIDADE[ATIVIDADE],BS_ATIVIDADE[UNIDADE] ), "*") -> * | S31: {=_xlfn.XLOOKUP( 1, ( TabelaMap[SUB] = BS_CONTROLE[[#This Row],[SUB]]) * ( TabelaMap[KM Inicio] <= BS_CONTROLE[[#This Row],[KM - Inicio]]) * ( TabelaMap[KM Fim] >= BS_CONTROLE[[#This Row],[KM - Inicio]]), TabelaMap[Gerência], "-", 0 )} -> - | T31: {=_xlfn.XLOOKUP( 1, ( TabelaMap[SUB] = BS_CONTROLE[[#This Row],[SUB]]) * ( TabelaMap[KM Inicio] <= BS_CONTROLE[[#This Row],[KM - Inicio]]) * ( TabelaMap[KM Fim] >= BS_CONTROLE[[#This Row],[KM - Inicio]]), TabelaMap[Trecho Coordenação], "-", 0 )} -> - | U31: {=_xlfn.XLOOKUP( 1, ( TabelaMap[SUB] = BS_CONTROLE[[#This Row],[SUB]]) * ( TabelaMap[KM Inicio] <= BS_CONTROLE[[#This Row],[KM - Inicio]]) * ( TabelaMap[KM Fim] >= BS_CONTROLE[[#This Row],[KM - Inicio]]), TabelaMap[NOME SUB], "-", 0 )} -> - | AI31: =IF(BS_CONTROLE[[#This Row],[Atividade]]=0, "-", BS_CONTROLE[[#This Row],[Atividade]]) -> - | AJ31: =IF(BS_CONTROLE[[#This Row],[Atividade]]=0, "-", BS_CONTROLE[[#This Row],[Atividade]]) -> - | AK31: =BS_CONTROLE[[#This Row],[Local - Partida]] -> 0 | AL31: =BS_CONTROLE[[#This Row],[Local - Encerramento]] -> 0 | AM31: =IF(BS_CONTROLE[[#This Row],[Entre - Estações]]=0, "-", BS_CONTROLE[[#This Row],[Entre - Estações]]) -> - | AN31: =IF(BS_CONTROLE[[#This Row],[SB]]=0, "-", BS_CONTROLE[[#This Row],[SB]]) -> - | AO31: =IF(BS_CONTROLE[[#This Row],[SUB]]=0, "-", BS_CONTROLE[[#This Row],[SUB]]) -> - | AP31: =BS_CONTROLE[[#This Row],[KM - Inicio]] -> 0 | AQ31: =BS_CONTROLE[[#This Row],[KM - Inicio]] -> 0 | AY31: =IF(D31="","*",IFERROR(IF(ISODD(COUNT(AS31:AX31)),"ERRO",SUM((AT31-AS31),(AV31-AU31),(AX31-AW31))),"ERRO")) -> * | BB31: =IFERROR(_xlfn.XLOOKUP(AI31, BS_ATIVIDADE[ATIVIDADE],BS_ATIVIDADE[UNIDADE] ), "*") -> * | BC31: {=_xlfn.XLOOKUP( 1, ( TabelaMap[SUB] = BS_CONTROLE[[#This Row],[SUB_5]]) * ( TabelaMap[KM Inicio] <= BS_CONTROLE[[#This Row],[KM - ínicio]]) * ( TabelaMap[KM Fim] >= BS_CONTROLE[[#This Row],[KM - ínicio]]), TabelaMap[Gerência], "-", 0 )} -> - | BD31: {=_xlfn.XLOOKUP( 1, ( TabelaMap[SUB] = BS_CONTROLE[[#This Row],[SUB_5]]) * ( TabelaMap[KM Inicio] <= BS_CONTROLE[[#This Row],[KM - ínicio]]) * ( TabelaMap[KM Fim] >= BS_CONTROLE[[#This Row],[KM - ínicio]]), TabelaMap[Trecho Coordenação], "-", 0 )} -> - | BE31: {=_xlfn.XLOOKUP( 1, ( TabelaMap[SUB] = BS_CONTROLE[[#This Row],[SUB_5]]) * ( TabelaMap[KM Inicio] <= BS_CONTROLE[[#This Row],[KM - Inicio]]) * ( TabelaMap[KM Fim] >= BS_CONTROLE[[#This Row],[KM - Inicio]]), TabelaMap[NOME SUB], "-", 0 )} -> - | BQ31: =IF(AND(BR31<1,BS31<1),"Produção e Intervalo",IF(BR31<1,"Intervalo",IF(BS31<1,"Produção","Aderente"))) -> Aderente | BR31: =IF(OR(B31="",F31=""),"*",AY31/P31) -> * | BS31: =IF(OR(B31="",F31=""),"*",BA31/Q31) -> * | BT31: =IF(BN31="","",SUBSTITUTE(BM31," ","")&SUBSTITUTE(BN31," ",""))
A32: =D32&B32 | C32: =IF(BS_CONTROLE[[#This Row],[DATA]]="","",WEEKNUM(BS_CONTROLE[[#This Row],[DATA]])) | E32: 26 | G32: =IF(D32="","*",VLOOKUP(F32,BS_ATIVIDADE[],3,FALSE)) -> * | M32: {=_xlfn.XLOOKUP( 1, ( TabelaMap[SUB] = BS_CONTROLE[[#This Row],[SUB]]) * ( TabelaMap[KM Inicio] <= BS_CONTROLE[[#This Row],[KM - Inicio]]) * ( TabelaMap[KM Fim] >= BS_CONTROLE[[#This Row],[KM - Inicio]]), TabelaMap[Trecho], "-", 0 )} -> - | N32: {=_xlfn.XLOOKUP( 1, ( TabelaMap[SUB] = BS_CONTROLE[[#This Row],[SUB]]) * ( TabelaMap[KM Inicio] <= BS_CONTROLE[[#This Row],[KM - Inicio]]) * ( TabelaMap[KM Fim] >= BS_CONTROLE[[#This Row],[KM - Inicio]]), TabelaMap[SB], "-", 0 )} -> - | R32: =IFERROR(_xlfn.XLOOKUP(F32, BS_ATIVIDADE[ATIVIDADE],BS_ATIVIDADE[UNIDADE] ), "*") -> * | S32: {=_xlfn.XLOOKUP( 1, ( TabelaMap[SUB] = BS_CONTROLE[[#This Row],[SUB]]) * ( TabelaMap[KM Inicio] <= BS_CONTROLE[[#This Row],[KM - Inicio]]) * ( TabelaMap[KM Fim] >= BS_CONTROLE[[#This Row],[KM - Inicio]]), TabelaMap[Gerência], "-", 0 )} -> - | T32: {=_xlfn.XLOOKUP( 1, ( TabelaMap[SUB] = BS_CONTROLE[[#This Row],[SUB]]) * ( TabelaMap[KM Inicio] <= BS_CONTROLE[[#This Row],[KM - Inicio]]) * ( TabelaMap[KM Fim] >= BS_CONTROLE[[#This Row],[KM - Inicio]]), TabelaMap[Trecho Coordenação], "-", 0 )} -> - | U32: {=_xlfn.XLOOKUP( 1, ( TabelaMap[SUB] = BS_CONTROLE[[#This Row],[SUB]]) * ( TabelaMap[KM Inicio] <= BS_CONTROLE[[#This Row],[KM - Inicio]]) * ( TabelaMap[KM Fim] >= BS_CONTROLE[[#This Row],[KM - Inicio]]), TabelaMap[NOME SUB], "-", 0 )} -> - | AI32: =IF(BS_CONTROLE[[#This Row],[Atividade]]=0, "-", BS_CONTROLE[[#This Row],[Atividade]]) -> - | AJ32: =IF(BS_CONTROLE[[#This Row],[Atividade]]=0, "-", BS_CONTROLE[[#This Row],[Atividade]]) -> - | AK32: =BS_CONTROLE[[#This Row],[Local - Partida]] -> 0 | AL32: =BS_CONTROLE[[#This Row],[Local - Encerramento]] -> 0 | AM32: =IF(BS_CONTROLE[[#This Row],[Entre - Estações]]=0, "-", BS_CONTROLE[[#This Row],[Entre - Estações]]) -> - | AN32: =IF(BS_CONTROLE[[#This Row],[SB]]=0, "-", BS_CONTROLE[[#This Row],[SB]]) -> - | AO32: =IF(BS_CONTROLE[[#This Row],[SUB]]=0, "-", BS_CONTROLE[[#This Row],[SUB]]) -> - | AP32: =BS_CONTROLE[[#This Row],[KM - Inicio]] -> 0 | AQ32: =BS_CONTROLE[[#This Row],[KM - Inicio]] -> 0 | AY32: =IF(D32="","*",IFERROR(IF(ISODD(COUNT(AS32:AX32)),"ERRO",SUM((AT32-AS32),(AV32-AU32),(AX32-AW32))),"ERRO")) -> * | BB32: =IFERROR(_xlfn.XLOOKUP(AI32, BS_ATIVIDADE[ATIVIDADE],BS_ATIVIDADE[UNIDADE] ), "*") -> * | BC32: {=_xlfn.XLOOKUP( 1, ( TabelaMap[SUB] = BS_CONTROLE[[#This Row],[SUB_5]]) * ( TabelaMap[KM Inicio] <= BS_CONTROLE[[#This Row],[KM - ínicio]]) * ( TabelaMap[KM Fim] >= BS_CONTROLE[[#This Row],[KM - ínicio]]), TabelaMap[Gerência], "-", 0 )} -> - | BD32: {=_xlfn.XLOOKUP( 1, ( TabelaMap[SUB] = BS_CONTROLE[[#This Row],[SUB_5]]) * ( TabelaMap[KM Inicio] <= BS_CONTROLE[[#This Row],[KM - ínicio]]) * ( TabelaMap[KM Fim] >= BS_CONTROLE[[#This Row],[KM - ínicio]]), TabelaMap[Trecho Coordenação], "-", 0 )} -> - | BE32: {=_xlfn.XLOOKUP( 1, ( TabelaMap[SUB] = BS_CONTROLE[[#This Row],[SUB_5]]) * ( TabelaMap[KM Inicio] <= BS_CONTROLE[[#This Row],[KM - Inicio]]) * ( TabelaMap[KM Fim] >= BS_CONTROLE[[#This Row],[KM - Inicio]]), TabelaMap[NOME SUB], "-", 0 )} -> - | BQ32: =IF(AND(BR32<1,BS32<1),"Produção e Intervalo",IF(BR32<1,"Intervalo",IF(BS32<1,"Produção","Aderente"))) -> Aderente | BR32: =IF(OR(B32="",F32=""),"*",AY32/P32) -> * | BS32: =IF(OR(B32="",F32=""),"*",BA32/Q32) -> * | BT32: =IF(BN32="","",SUBSTITUTE(BM32," ","")&SUBSTITUTE(BN32," ",""))
A33: =D33&B33 -> W6046055 | B33: 46055 | C33: =IF(BS_CONTROLE[[#This Row],[DATA]]="","",WEEKNUM(BS_CONTROLE[[#This Row],[DATA]])) -> 6 | D33: W60 | F33: RECOLHIMENTO DE MATERIAL | G33: =IF(D33="","*",VLOOKUP(F33,BS_ATIVIDADE[],3,FALSE)) -> OUTROS | H33: ZEM1302 | I33: ZEM1302 | J33: 55 | K33: 142.6 | L33: 144 | M33: {=_xlfn.XLOOKUP( 1, ( TabelaMap[SUB] = BS_CONTROLE[[#This Row],[SUB]]) * ( TabelaMap[KM Inicio] <= BS_CONTROLE[[#This Row],[KM - Inicio]]) * ( TabelaMap[KM Fim] >= BS_CONTROLE[[#This Row],[KM - Inicio]]), TabelaMap[Trecho], "-", 0 )} -> ZEM-ZEJ | N33: {=_xlfn.XLOOKUP( 1, ( TabelaMap[SUB] = BS_CONTROLE[[#This Row],[SUB]]) * ( TabelaMap[KM Inicio] <= BS_CONTROLE[[#This Row],[KM - Inicio]]) * ( TabelaMap[KM Fim] >= BS_CONTROLE[[#This Row],[KM - Inicio]]), TabelaMap[SB], "-", 0 )} -> 144ZMS2 | O33: 0.35416667 | P33: 0.041666667 | Q33: 1 | R33: =IFERROR(_xlfn.XLOOKUP(F33, BS_ATIVIDADE[ATIVIDADE],BS_ATIVIDADE[UNIDADE] ), "*") -> BINÁRIO | S33: {=_xlfn.XLOOKUP( 1, ( TabelaMap[SUB] = BS_CONTROLE[[#This Row],[SUB]]) * ( TabelaMap[KM Inicio] <= BS_CONTROLE[[#This Row],[KM - Inicio]]) * ( TabelaMap[KM Fim] >= BS_CONTROLE[[#This Row],[KM - Inicio]]), TabelaMap[Gerência], "-", 0 )} -> SP SUL | T33: {=_xlfn.XLOOKUP( 1, ( TabelaMap[SUB] = BS_CONTROLE[[#This Row],[SUB]]) * ( TabelaMap[KM Inicio] <= BS_CONTROLE[[#This Row],[KM - Inicio]]) * ( TabelaMap[KM Fim] >= BS_CONTROLE[[#This Row],[KM - Inicio]]), TabelaMap[Trecho Coordenação], "-", 0 )} -> ZKE-ZEV | U33: {=_xlfn.XLOOKUP( 1, ( TabelaMap[SUB] = BS_CONTROLE[[#This Row],[SUB]]) * ( TabelaMap[KM Inicio] <= BS_CONTROLE[[#This Row],[KM - Inicio]]) * ( TabelaMap[KM Fim] >= BS_CONTROLE[[#This Row],[KM - Inicio]]), TabelaMap[NOME SUB], "-", 0 )} -> CANGUERA - EVANGELISTA DE SOUZA (L2 PRINCIPAL) | V33: Felipe | W33: Recolhimento de trilho | X33: Oportunidade | Y33: OPORTUNIDADE | AA33: 1 | AB33: FIXO | AC33: - | AD33: 0.29166667 | AE33: 7694 | AF33: - | AG33: - | AI33: =IF(BS_CONTROLE[[#This Row],[Atividade]]=0, "-", BS_CONTROLE[[#This Row],[Atividade]]) -> RECOLHIMENTO DE MATERIAL | AJ33: =IF(BS_CONTROLE[[#This Row],[Atividade]]=0, "-", BS_CONTROLE[[#This Row],[Atividade]]) -> RECOLHIMENTO DE MATERIAL | AK33: =BS_CONTROLE[[#This Row],[Local - Partida]] -> ZEM1302 | AL33: =BS_CONTROLE[[#This Row],[Local - Encerramento]] -> ZEM1302 | AM33: =IF(BS_CONTROLE[[#This Row],[Entre - Estações]]=0, "-", BS_CONTROLE[[#This Row],[Entre - Estações]]) -> ZEM-ZEJ | AN33: =IF(BS_CONTROLE[[#This Row],[SB]]=0, "-", BS_CONTROLE[[#This Row],[SB]]) -> 144ZMS2 | AO33: =IF(BS_CONTROLE[[#This Row],[SUB]]=0, "-", BS_CONTROLE[[#This Row],[SUB]]) -> 55 | AP33: =BS_CONTROLE[[#This Row],[KM - Inicio]] -> 142.6 | AQ33: =BS_CONTROLE[[#This Row],[KM - Inicio]] -> 142.6 | AR33: 0 | AS33: 0 | AT33: 0 | AY33: =IF(D33="","*",IFERROR(IF(ISODD(COUNT(AS33:AX33)),"ERRO",SUM((AT33-AS33),(AV33-AU33),(AX33-AW33))),"ERRO")) -> 0 | BA33: 0 | BB33: =IFERROR(_xlfn.XLOOKUP(AI33, BS_ATIVIDADE[ATIVIDADE],BS_ATIVIDADE[UNIDADE] ), "*") -> BINÁRIO | BC33: {=_xlfn.XLOOKUP( 1, ( TabelaMap[SUB] = BS_CONTROLE[[#This Row],[SUB_5]]) * ( TabelaMap[KM Inicio] <= BS_CONTROLE[[#This Row],[KM - ínicio]]) * ( TabelaMap[KM Fim] >= BS_CONTROLE[[#This Row],[KM - ínicio]]), TabelaMap[Gerência], "-", 0 )} -> SP SUL | BD33: {=_xlfn.XLOOKUP( 1, ( TabelaMap[SUB] = BS_CONTROLE[[#This Row],[SUB_5]]) * ( TabelaMap[KM Inicio] <= BS_CONTROLE[[#This Row],[KM - ínicio]]) * ( TabelaMap[KM Fim] >= BS_CONTROLE[[#This Row],[KM - ínicio]]), TabelaMap[Trecho Coordenação], "-", 0 )} -> ZKE-ZEV | BE33: {=_xlfn.XLOOKUP( 1, ( TabelaMap[SUB] = BS_CONTROLE[[#This Row],[SUB_5]]) * ( TabelaMap[KM Inicio] <= BS_CONTROLE[[#This Row],[KM - Inicio]]) * ( TabelaMap[KM Fim] >= BS_CONTROLE[[#This Row],[KM - Inicio]]), TabelaMap[NOME SUB], "-", 0 )} -> CANGUERA - EVANGELISTA DE SOUZA (L2 PRINCIPAL) | BF33: Felipe | BH33: 0 | BJ33: Aguardando atendimento da MEC / loco não traciona | BK33: Não solicita MC1/ avaria de locomotiva (não traciona) | BM33: Mecânica | BN33: Locomotiva | BO33: Avaria | BP33: Não solicita MC1/ avaria de locomotiva (não traciona) | BQ33: =IF(AND(BR33<1,BS33<1),"Produção e Intervalo",IF(BR33<1,"Intervalo",IF(BS33<1,"Produção","Aderente"))) -> Produção e Intervalo | BR33: =IF(OR(B33="",F33=""),"*",AY33/P33) -> 0 | BS33: =IF(OR(B33="",F33=""),"*",BA33/Q33) -> 0 | BT33: =IF(BN33="","",SUBSTITUTE(BM33," ","")&SUBSTITUTE(BN33," ","")) -> MecânicaLocomotiva
A34: =D34&B34 -> W6046055 | B34: 46055 | C34: =IF(BS_CONTROLE[[#This Row],[DATA]]="","",WEEKNUM(BS_CONTROLE[[#This Row],[DATA]])) -> 6 | D34: W60 | F34: PDM - DESCARGA - DORMENTE | G34: =IF(D34="","*",VLOOKUP(F34,BS_ATIVIDADE[],3,FALSE)) -> DORMENTE - DESCARGA | H34: ZEM1302 | I34: ZEM1302 | J34: 48 | K34: 147 | L34: 151 | M34: {=_xlfn.XLOOKUP( 1, ( TabelaMap[SUB] = BS_CONTROLE[[#This Row],[SUB]]) * ( TabelaMap[KM Inicio] <= BS_CONTROLE[[#This Row],[KM - Inicio]]) * ( TabelaMap[KM Fim] >= BS_CONTROLE[[#This Row],[KM - Inicio]]), TabelaMap[Trecho], "-", 0 )} -> ZEJ | N34: {=_xlfn.XLOOKUP( 1, ( TabelaMap[SUB] = BS_CONTROLE[[#This Row],[SUB]]) * ( TabelaMap[KM Inicio] <= BS_CONTROLE[[#This Row],[KM - Inicio]]) * ( TabelaMap[KM Fim] >= BS_CONTROLE[[#This Row],[KM - Inicio]]), TabelaMap[SB], "-", 0 )} -> ZEJ1 | O34: - | P34: 0.041666667 | Q34: 600 | R34: =IFERROR(_xlfn.XLOOKUP(F34, BS_ATIVIDADE[ATIVIDADE],BS_ATIVIDADE[UNIDADE] ), "*") -> Nº DE DORMENTES | S34: {=_xlfn.XLOOKUP( 1, ( TabelaMap[SUB] = BS_CONTROLE[[#This Row],[SUB]]) * ( TabelaMap[KM Inicio] <= BS_CONTROLE[[#This Row],[KM - Inicio]]) * ( TabelaMap[KM Fim] >= BS_CONTROLE[[#This Row],[KM - Inicio]]), TabelaMap[Gerência], "-", 0 )} -> SP SUL | T34: {=_xlfn.XLOOKUP( 1, ( TabelaMap[SUB] = BS_CONTROLE[[#This Row],[SUB]]) * ( TabelaMap[KM Inicio] <= BS_CONTROLE[[#This Row],[KM - Inicio]]) * ( TabelaMap[KM Fim] >= BS_CONTROLE[[#This Row],[KM - Inicio]]), TabelaMap[Trecho Coordenação], "-", 0 )} -> ZKE-ZEV | U34: {=_xlfn.XLOOKUP( 1, ( TabelaMap[SUB] = BS_CONTROLE[[#This Row],[SUB]]) * ( TabelaMap[KM Inicio] <= BS_CONTROLE[[#This Row],[KM - Inicio]]) * ( TabelaMap[KM Fim] >= BS_CONTROLE[[#This Row],[KM - Inicio]]), TabelaMap[NOME SUB], "-", 0 )} -> CANGUERA - EVANGELISTA DE SOUZA (L1 PRINCIPAL) | V34: Felipe | W34: Descarga de dormentes | X34: Oportunidade | Y34: OPORTUNIDADE | AA34: 1 | AB34: FIXO | AC34: - | AD34: 0.29166667 | AE34: 7694 | AF34: - | AG34: - | AI34: =IF(BS_CONTROLE[[#This Row],[Atividade]]=0, "-", BS_CONTROLE[[#This Row],[Atividade]]) -> PDM - DESCARGA - DORMENTE | AJ34: =IF(BS_CONTROLE[[#This Row],[Atividade]]=0, "-", BS_CONTROLE[[#This Row],[Atividade]]) -> PDM - DESCARGA - DORMENTE | AK34: =BS_CONTROLE[[#This Row],[Local - Partida]] -> ZEM1302 | AL34: =BS_CONTROLE[[#This Row],[Local - Encerramento]] -> ZEM1302 | AM34: =IF(BS_CONTROLE[[#This Row],[Entre - Estações]]=0, "-", BS_CONTROLE[[#This Row],[Entre - Estações]]) -> ZEJ | AN34: =IF(BS_CONTROLE[[#This Row],[SB]]=0, "-", BS_CONTROLE[[#This Row],[SB]]) -> ZEJ1 | AO34: =IF(BS_CONTROLE[[#This Row],[SUB]]=0, "-", BS_CONTROLE[[#This Row],[SUB]]) -> 48 | AP34: =BS_CONTROLE[[#This Row],[KM - Inicio]] -> 147 | AQ34: =BS_CONTROLE[[#This Row],[KM - Inicio]] -> 147 | AR34: 0 | AS34: 0 | AT34: 0 | AY34: =IF(D34="","*",IFERROR(IF(ISODD(COUNT(AS34:AX34)),"ERRO",SUM((AT34-AS34),(AV34-AU34),(AX34-AW34))),"ERRO")) -> 0 | BA34: 0 | BB34: =IFERROR(_xlfn.XLOOKUP(AI34, BS_ATIVIDADE[ATIVIDADE],BS_ATIVIDADE[UNIDADE] ), "*") -> Nº DE DORMENTES | BC34: {=_xlfn.XLOOKUP( 1, ( TabelaMap[SUB] = BS_CONTROLE[[#This Row],[SUB_5]]) * ( TabelaMap[KM Inicio] <= BS_CONTROLE[[#This Row],[KM - ínicio]]) * ( TabelaMap[KM Fim] >= BS_CONTROLE[[#This Row],[KM - ínicio]]), TabelaMap[Gerência], "-", 0 )} -> SP SUL | BD34: {=_xlfn.XLOOKUP( 1, ( TabelaMap[SUB] = BS_CONTROLE[[#This Row],[SUB_5]]) * ( TabelaMap[KM Inicio] <= BS_CONTROLE[[#This Row],[KM - ínicio]]) * ( TabelaMap[KM Fim] >= BS_CONTROLE[[#This Row],[KM - ínicio]]), TabelaMap[Trecho Coordenação], "-", 0 )} -> ZKE-ZEV | BE34: {=_xlfn.XLOOKUP( 1, ( TabelaMap[SUB] = BS_CONTROLE[[#This Row],[SUB_5]]) * ( TabelaMap[KM Inicio] <= BS_CONTROLE[[#This Row],[KM - Inicio]]) * ( TabelaMap[KM Fim] >= BS_CONTROLE[[#This Row],[KM - Inicio]]), TabelaMap[NOME SUB], "-", 0 )} -> CANGUERA - EVANGELISTA DE SOUZA (L1 PRINCIPAL) | BF34: Felipe | BH34: 0 | BJ34: Aguardando atendimento da MEC / loco não traciona | BK34: Não solicita MC1/ avaria de locomotiva (não traciona) | BM34: Mecânica | BN34: Locomotiva | BO34: Avaria | BP34: Não solicita MC1/ avaria de locomotiva (não traciona) | BQ34: =IF(AND(BR34<1,BS34<1),"Produção e Intervalo",IF(BR34<1,"Intervalo",IF(BS34<1,"Produção","Aderente"))) -> Produção e Intervalo | BR34: =IF(OR(B34="",F34=""),"*",AY34/P34) -> 0 | BS34: =IF(OR(B34="",F34=""),"*",BA34/Q34) -> 0 | BT34: =IF(BN34="","",SUBSTITUTE(BM34," ","")&SUBSTITUTE(BN34," ","")) -> MecânicaLocomotiva
A35: =D35&B35 -> W9646055 | B35: 46055 | C35: =IF(BS_CONTROLE[[#This Row],[DATA]]="","",WEEKNUM(BS_CONTROLE[[#This Row],[DATA]])) -> 6 | D35: W96 | F35: MODERNIZAÇÃO - DORMENTE - DESCARGA | G35: =IF(D35="","*",VLOOKUP(F35,BS_ATIVIDADE[],3,FALSE)) -> MODERNIZAÇÃO | H35: ZEM1 | I35: ZEM1 | J35: 48 | K35: 151.5 | M35: {=_xlfn.XLOOKUP( 1, ( TabelaMap[SUB] = BS_CONTROLE[[#This Row],[SUB]]) * ( TabelaMap[KM Inicio] <= BS_CONTROLE[[#This Row],[KM - Inicio]]) * ( TabelaMap[KM Fim] >= BS_CONTROLE[[#This Row],[KM - Inicio]]), TabelaMap[Trecho], "-", 0 )} -> ZEJ-ZRB | N35: ZRB1501 | O35: 0.3125 | P35: 0.20833333 | Q35: 1000 | R35: =IFERROR(_xlfn.XLOOKUP(F35, BS_ATIVIDADE[ATIVIDADE],BS_ATIVIDADE[UNIDADE] ), "*") -> Nº DE DORMENTES | S35: {=_xlfn.XLOOKUP( 1, ( TabelaMap[SUB] = BS_CONTROLE[[#This Row],[SUB]]) * ( TabelaMap[KM Inicio] <= BS_CONTROLE[[#This Row],[KM - Inicio]]) * ( TabelaMap[KM Fim] >= BS_CONTROLE[[#This Row],[KM - Inicio]]), TabelaMap[Gerência], "-", 0 )} -> SP SUL | T35: {=_xlfn.XLOOKUP( 1, ( TabelaMap[SUB] = BS_CONTROLE[[#This Row],[SUB]]) * ( TabelaMap[KM Inicio] <= BS_CONTROLE[[#This Row],[KM - Inicio]]) * ( TabelaMap[KM Fim] >= BS_CONTROLE[[#This Row],[KM - Inicio]]), TabelaMap[Trecho Coordenação], "-", 0 )} -> ZKE-ZEV | U35: {=_xlfn.XLOOKUP( 1, ( TabelaMap[SUB] = BS_CONTROLE[[#This Row],[SUB]]) * ( TabelaMap[KM Inicio] <= BS_CONTROLE[[#This Row],[KM - Inicio]]) * ( TabelaMap[KM Fim] >= BS_CONTROLE[[#This Row],[KM - Inicio]]), TabelaMap[NOME SUB], "-", 0 )} -> CANGUERA - EVANGELISTA DE SOUZA (L1 PRINCIPAL) | V35: Alisson | W35: Descarga de dormentes | X35: Oportunidade | Y35: OPORTUNIDADE | AA35: 1 | AB35: FIXO | AC35: - | AD35: 0.29166667 | AE35: - | AF35: - | AG35: - | AI35: =IF(BS_CONTROLE[[#This Row],[Atividade]]=0, "-", BS_CONTROLE[[#This Row],[Atividade]]) -> MODERNIZAÇÃO - DORMENTE - DESCARGA | AJ35: =IF(BS_CONTROLE[[#This Row],[Atividade]]=0, "-", BS_CONTROLE[[#This Row],[Atividade]]) -> MODERNIZAÇÃO - DORMENTE - DESCARGA | AK35: =BS_CONTROLE[[#This Row],[Local - Partida]] -> ZEM1 | AL35: =BS_CONTROLE[[#This Row],[Local - Encerramento]] -> ZEM1 | AM35: =IF(BS_CONTROLE[[#This Row],[Entre - Estações]]=0, "-", BS_CONTROLE[[#This Row],[Entre - Estações]]) -> ZEJ-ZRB | AN35: =IF(BS_CONTROLE[[#This Row],[SB]]=0, "-", BS_CONTROLE[[#This Row],[SB]]) -> ZRB1501 | AO35: =IF(BS_CONTROLE[[#This Row],[SUB]]=0, "-", BS_CONTROLE[[#This Row],[SUB]]) -> 48 | AP35: =BS_CONTROLE[[#This Row],[KM - Inicio]] -> 151.5 | AQ35: =BS_CONTROLE[[#This Row],[KM - Inicio]] -> 151.5 | AR35: 0.57083333 | AS35: 0.69444444 | AT35: 0.72222222 | AY35: =IF(D35="","*",IFERROR(IF(ISODD(COUNT(AS35:AX35)),"ERRO",SUM((AT35-AS35),(AV35-AU35),(AX35-AW35))),"ERRO")) -> 0.027777778 | BA35: 0 | BB35: =IFERROR(_xlfn.XLOOKUP(AI35, BS_ATIVIDADE[ATIVIDADE],BS_ATIVIDADE[UNIDADE] ), "*") -> Nº DE DORMENTES | BC35: {=_xlfn.XLOOKUP( 1, ( TabelaMap[SUB] = BS_CONTROLE[[#This Row],[SUB_5]]) * ( TabelaMap[KM Inicio] <= BS_CONTROLE[[#This Row],[KM - ínicio]]) * ( TabelaMap[KM Fim] >= BS_CONTROLE[[#This Row],[KM - ínicio]]), TabelaMap[Gerência], "-", 0 )} -> SP SUL | BD35: {=_xlfn.XLOOKUP( 1, ( TabelaMap[SUB] = BS_CONTROLE[[#This Row],[SUB_5]]) * ( TabelaMap[KM Inicio] <= BS_CONTROLE[[#This Row],[KM - ínicio]]) * ( TabelaMap[KM Fim] >= BS_CONTROLE[[#This Row],[KM - ínicio]]), TabelaMap[Trecho Coordenação], "-", 0 )} -> ZKE-ZEV | BE35: {=_xlfn.XLOOKUP( 1, ( TabelaMap[SUB] = BS_CONTROLE[[#This Row],[SUB_5]]) * ( TabelaMap[KM Inicio] <= BS_CONTROLE[[#This Row],[KM - Inicio]]) * ( TabelaMap[KM Fim] >= BS_CONTROLE[[#This Row],[KM - Inicio]]), TabelaMap[NOME SUB], "-", 0 )} -> CANGUERA - EVANGELISTA DE SOUZA (L1 PRINCIPAL) | BF35: Alisson | BH35: 0 | BJ35: MC1 09h30 / Sem oportunidade de faixa | BK35: MC1 13h42 / Realizou 40min de faixa, porém não realizou descarga de dormentes. | BM35: CCO Circulação | BN35: Intervalo Oportunidade | BO35: Concedido intervalo parcial | BP35: Realizado intervalo parcial. | BQ35: =IF(AND(BR35<1,BS35<1),"Produção e Intervalo",IF(BR35<1,"Intervalo",IF(BS35<1,"Produção","Aderente"))) -> Produção e Intervalo | BR35: =IF(OR(B35="",F35=""),"*",AY35/P35) -> 0.13333333 | BS35: =IF(OR(B35="",F35=""),"*",BA35/Q35) -> 0 | BT35: =IF(BN35="","",SUBSTITUTE(BM35," ","")&SUBSTITUTE(BN35," ","")) -> CCOCirculaçãoIntervaloOportunidade
A36: =D36&B36 -> W6146055 | B36: 46055 | C36: =IF(BS_CONTROLE[[#This Row],[DATA]]="","",WEEKNUM(BS_CONTROLE[[#This Row],[DATA]])) -> 6 | D36: W61 | F36: DESLOCAMENTO | G36: =IF(D36="","*",VLOOKUP(F36,BS_ATIVIDADE[],3,FALSE)) -> OUTROS | H36: K67ZEV2 | I36: K67ZEV2 | J36: 92 | K36: 83.7 | L36: - | M36: {=_xlfn.XLOOKUP( 1, ( TabelaMap[SUB] = BS_CONTROLE[[#This Row],[SUB]]) * ( TabelaMap[KM Inicio] <= BS_CONTROLE[[#This Row],[KM - Inicio]]) * ( TabelaMap[KM Fim] >= BS_CONTROLE[[#This Row],[KM - Inicio]]), TabelaMap[Trecho], "-", 0 )} -> ZXW-ZGP | N36: {=_xlfn.XLOOKUP( 1, ( TabelaMap[SUB] = BS_CONTROLE[[#This Row],[SUB]]) * ( TabelaMap[KM Inicio] <= BS_CONTROLE[[#This Row],[KM - Inicio]]) * ( TabelaMap[KM Fim] >= BS_CONTROLE[[#This Row],[KM - Inicio]]), TabelaMap[SB], "-", 0 )} -> K84ZXW2 | O36: 0.33333333 | P36: 0.041666667 | Q36: 1 | R36: =IFERROR(_xlfn.XLOOKUP(F36, BS_ATIVIDADE[ATIVIDADE],BS_ATIVIDADE[UNIDADE] ), "*") -> BINÁRIO | S36: {=_xlfn.XLOOKUP( 1, ( TabelaMap[SUB] = BS_CONTROLE[[#This Row],[SUB]]) * ( TabelaMap[KM Inicio] <= BS_CONTROLE[[#This Row],[KM - Inicio]]) * ( TabelaMap[KM Fim] >= BS_CONTROLE[[#This Row],[KM - Inicio]]), TabelaMap[Gerência], "-", 0 )} -> SP SUL | T36: {=_xlfn.XLOOKUP( 1, ( TabelaMap[SUB] = BS_CONTROLE[[#This Row],[SUB]]) * ( TabelaMap[KM Inicio] <= BS_CONTROLE[[#This Row],[KM - Inicio]]) * ( TabelaMap[KM Fim] >= BS_CONTROLE[[#This Row],[KM - Inicio]]), TabelaMap[Trecho Coordenação], "-", 0 )} -> ZEV-ZPT | U36: {=_xlfn.XLOOKUP( 1, ( TabelaMap[SUB] = BS_CONTROLE[[#This Row],[SUB]]) * ( TabelaMap[KM Inicio] <= BS_CONTROLE[[#This Row],[KM - Inicio]]) * ( TabelaMap[KM Fim] >= BS_CONTROLE[[#This Row],[KM - Inicio]]), TabelaMap[NOME SUB], "-", 0 )} -> EVANGELISTA DE SOUZA - PARATINGA (L2 PRINCIPAL) | V36: Moises | W36: Deslocamento das turmas | X36: Contrato | Y36: NÃO | AA36: 1 | AB36: FIXO | AC36: ACIONAMENTO | AD36: 0.29166667 | AI36: =IF(BS_CONTROLE[[#This Row],[Atividade]]=0, "-", BS_CONTROLE[[#This Row],[Atividade]]) -> DESLOCAMENTO | AJ36: =IF(BS_CONTROLE[[#This Row],[Atividade]]=0, "-", BS_CONTROLE[[#This Row],[Atividade]]) -> DESLOCAMENTO | AK36: =BS_CONTROLE[[#This Row],[Local - Partida]] -> K67ZEV2 | AL36: =BS_CONTROLE[[#This Row],[Local - Encerramento]] -> K67ZEV2 | AM36: =IF(BS_CONTROLE[[#This Row],[Entre - Estações]]=0, "-", BS_CONTROLE[[#This Row],[Entre - Estações]]) -> ZXW-ZGP | AN36: =IF(BS_CONTROLE[[#This Row],[SB]]=0, "-", BS_CONTROLE[[#This Row],[SB]]) -> K84ZXW2 | AO36: =IF(BS_CONTROLE[[#This Row],[SUB]]=0, "-", BS_CONTROLE[[#This Row],[SUB]]) -> 92 | AP36: =BS_CONTROLE[[#This Row],[KM - Inicio]] -> 83.7 | AQ36: =BS_CONTROLE[[#This Row],[KM - Inicio]] -> 83.7 | AR36: 0.35069444 | AS36: 0.39097222 | AT36: 0.43263889 | AY36: =IF(D36="","*",IFERROR(IF(ISODD(COUNT(AS36:AX36)),"ERRO",SUM((AT36-AS36),(AV36-AU36),(AX36-AW36))),"ERRO")) -> 0.041666667 | BA36: 1 | BB36: =IFERROR(_xlfn.XLOOKUP(AI36, BS_ATIVIDADE[ATIVIDADE],BS_ATIVIDADE[UNIDADE] ), "*") -> BINÁRIO | BC36: {=_xlfn.XLOOKUP( 1, ( TabelaMap[SUB] = BS_CONTROLE[[#This Row],[SUB_5]]) * ( TabelaMap[KM Inicio] <= BS_CONTROLE[[#This Row],[KM - ínicio]]) * ( TabelaMap[KM Fim] >= BS_CONTROLE[[#This Row],[KM - ínicio]]), TabelaMap[Gerência], "-", 0 )} -> SP SUL | BD36: {=_xlfn.XLOOKUP( 1, ( TabelaMap[SUB] = BS_CONTROLE[[#This Row],[SUB_5]]) * ( TabelaMap[KM Inicio] <= BS_CONTROLE[[#This Row],[KM - ínicio]]) * ( TabelaMap[KM Fim] >= BS_CONTROLE[[#This Row],[KM - ínicio]]), TabelaMap[Trecho Coordenação], "-", 0 )} -> ZEV-ZPT | BE36: {=_xlfn.XLOOKUP( 1, ( TabelaMap[SUB] = BS_CONTROLE[[#This Row],[SUB_5]]) * ( TabelaMap[KM Inicio] <= BS_CONTROLE[[#This Row],[KM - Inicio]]) * ( TabelaMap[KM Fim] >= BS_CONTROLE[[#This Row],[KM - Inicio]]), TabelaMap[NOME SUB], "-", 0 )} -> EVANGELISTA DE SOUZA - PARATINGA (L2 PRINCIPAL) | BF36: Moises | BH36: 2 | BJ36: MC1 08h25 / autorizado entrada na via 09h23 / Em deslocamento das turmas. | BK36: MC1 08h25 / autorizado entrada na via 09h23 / Em deslocamento das turmas. | BM36: OK | BN36: OK | BO36: OK | BP36: - | BQ36: =IF(AND(BR36<1,BS36<1),"Produção e Intervalo",IF(BR36<1,"Intervalo",IF(BS36<1,"Produção","Aderente"))) -> Aderente | BR36: =IF(OR(B36="",F36=""),"*",AY36/P36) -> 1 | BS36: =IF(OR(B36="",F36=""),"*",BA36/Q36) -> 1 | BT36: =IF(BN36="","",SUBSTITUTE(BM36," ","")&SUBSTITUTE(BN36," ","")) -> OKOK
A37: =D37&B37 -> W6246055 | B37: 46055 | C37: =IF(BS_CONTROLE[[#This Row],[DATA]]="","",WEEKNUM(BS_CONTROLE[[#This Row],[DATA]])) -> 6 | D37: W62 | F37: DESLOCAMENTO | G37: =IF(D37="","*",VLOOKUP(F37,BS_ATIVIDADE[],3,FALSE)) -> OUTROS | H37: ZPT1051 | I37: ZPTZDR | J37: 92 | K37: 83.7 | L37: - | M37: {=_xlfn.XLOOKUP( 1, ( TabelaMap[SUB] = BS_CONTROLE[[#This Row],[SUB]]) * ( TabelaMap[KM Inicio] <= BS_CONTROLE[[#This Row],[KM - Inicio]]) * ( TabelaMap[KM Fim] >= BS_CONTROLE[[#This Row],[KM - Inicio]]), TabelaMap[Trecho], "-", 0 )} -> ZXW-ZGP | N37: {=_xlfn.XLOOKUP( 1, ( TabelaMap[SUB] = BS_CONTROLE[[#This Row],[SUB]]) * ( TabelaMap[KM Inicio] <= BS_CONTROLE[[#This Row],[KM - Inicio]]) * ( TabelaMap[KM Fim] >= BS_CONTROLE[[#This Row],[KM - Inicio]]), TabelaMap[SB], "-", 0 )} -> K84ZXW2 | O37: 0.33333333 | P37: 0.041666667 | Q37: 1 | R37: =IFERROR(_xlfn.XLOOKUP(F37, BS_ATIVIDADE[ATIVIDADE],BS_ATIVIDADE[UNIDADE] ), "*") -> BINÁRIO | S37: {=_xlfn.XLOOKUP( 1, ( TabelaMap[SUB] = BS_CONTROLE[[#This Row],[SUB]]) * ( TabelaMap[KM Inicio] <= BS_CONTROLE[[#This Row],[KM - Inicio]]) * ( TabelaMap[KM Fim] >= BS_CONTROLE[[#This Row],[KM - Inicio]]), TabelaMap[Gerência], "-", 0 )} -> SP SUL | T37: {=_xlfn.XLOOKUP( 1, ( TabelaMap[SUB] = BS_CONTROLE[[#This Row],[SUB]]) * ( TabelaMap[KM Inicio] <= BS_CONTROLE[[#This Row],[KM - Inicio]]) * ( TabelaMap[KM Fim] >= BS_CONTROLE[[#This Row],[KM - Inicio]]), TabelaMap[Trecho Coordenação], "-", 0 )} -> ZEV-ZPT | U37: {=_xlfn.XLOOKUP( 1, ( TabelaMap[SUB] = BS_CONTROLE[[#This Row],[SUB]]) * ( TabelaMap[KM Inicio] <= BS_CONTROLE[[#This Row],[KM - Inicio]]) * ( TabelaMap[KM Fim] >= BS_CONTROLE[[#This Row],[KM - Inicio]]), TabelaMap[NOME SUB], "-", 0 )} -> EVANGELISTA DE SOUZA - PARATINGA (L2 PRINCIPAL) | V37: Moises | W37: Deslocamento das turmas | X37: Contrato | Y37: NÃO | AA37: 1 | AB37: FIXO | AC37: ACIONAMENTO | AD37: 0.29166667 | AI37: =IF(BS_CONTROLE[[#This Row],[Atividade]]=0, "-", BS_CONTROLE[[#This Row],[Atividade]]) -> DESLOCAMENTO | AJ37: =IF(BS_CONTROLE[[#This Row],[Atividade]]=0, "-", BS_CONTROLE[[#This Row],[Atividade]]) -> DESLOCAMENTO | AK37: =BS_CONTROLE[[#This Row],[Local - Partida]] -> ZPT1051 | AL37: =BS_CONTROLE[[#This Row],[Local - Encerramento]] -> ZPTZDR | AM37: =IF(BS_CONTROLE[[#This Row],[Entre - Estações]]=0, "-", BS_CONTROLE[[#This Row],[Entre - Estações]]) -> ZXW-ZGP | AN37: =IF(BS_CONTROLE[[#This Row],[SB]]=0, "-", BS_CONTROLE[[#This Row],[SB]]) -> K84ZXW2 | AO37: =IF(BS_CONTROLE[[#This Row],[SUB]]=0, "-", BS_CONTROLE[[#This Row],[SUB]]) -> 92 | AP37: =BS_CONTROLE[[#This Row],[KM - Inicio]] -> 83.7 | AQ37: =BS_CONTROLE[[#This Row],[KM - Inicio]] -> 83.7 | AR37: 0.35625 | AS37: 0.41875 | AT37: 0.46041667 | AY37: =IF(D37="","*",IFERROR(IF(ISODD(COUNT(AS37:AX37)),"ERRO",SUM((AT37-AS37),(AV37-AU37),(AX37-AW37))),"ERRO")) -> 0.041666667 | BA37: 1 | BB37: =IFERROR(_xlfn.XLOOKUP(AI37, BS_ATIVIDADE[ATIVIDADE],BS_ATIVIDADE[UNIDADE] ), "*") -> BINÁRIO | BC37: {=_xlfn.XLOOKUP( 1, ( TabelaMap[SUB] = BS_CONTROLE[[#This Row],[SUB_5]]) * ( TabelaMap[KM Inicio] <= BS_CONTROLE[[#This Row],[KM - ínicio]]) * ( TabelaMap[KM Fim] >= BS_CONTROLE[[#This Row],[KM - ínicio]]), TabelaMap[Gerência], "-", 0 )} -> SP SUL | BD37: {=_xlfn.XLOOKUP( 1, ( TabelaMap[SUB] = BS_CONTROLE[[#This Row],[SUB_5]]) * ( TabelaMap[KM Inicio] <= BS_CONTROLE[[#This Row],[KM - ínicio]]) * ( TabelaMap[KM Fim] >= BS_CONTROLE[[#This Row],[KM - ínicio]]), TabelaMap[Trecho Coordenação], "-", 0 )} -> ZEV-ZPT | BE37: {=_xlfn.XLOOKUP( 1, ( TabelaMap[SUB] = BS_CONTROLE[[#This Row],[SUB_5]]) * ( TabelaMap[KM Inicio] <= BS_CONTROLE[[#This Row],[KM - Inicio]]) * ( TabelaMap[KM Fim] >= BS_CONTROLE[[#This Row],[KM - Inicio]]), TabelaMap[NOME SUB], "-", 0 )} -> EVANGELISTA DE SOUZA - PARATINGA (L2 PRINCIPAL) | BF37: Moises | BH37: 2 | BJ37: MC1 08h33 / autorizado entrada na via 10h03 / Em deslocamento | BK37: MC1 08h33 / autorizado entrada na via 10h03 / Em deslocamento | BM37: OK | BN37: OK | BO37: OK | BP37: - | BQ37: =IF(AND(BR37<1,BS37<1),"Produção e Intervalo",IF(BR37<1,"Intervalo",IF(BS37<1,"Produção","Aderente"))) -> Intervalo | BR37: =IF(OR(B37="",F37=""),"*",AY37/P37) -> 1 | BS37: =IF(OR(B37="",F37=""),"*",BA37/Q37) -> 1 | BT37: =IF(BN37="","",SUBSTITUTE(BM37," ","")&SUBSTITUTE(BN37," ","")) -> OKOK
A38: =D38&B38 -> CAIQUE (TMA-677)46055 | B38: 46055 | C38: =IF(BS_CONTROLE[[#This Row],[DATA]]="","",WEEKNUM(BS_CONTROLE[[#This Row],[DATA]])) -> 6 | D38: CAIQUE (TMA-677) | F38: PDM - AMV - MEIA CHAVE | G38: =IF(D38="","*",VLOOKUP(F38,BS_ATIVIDADE[],3,FALSE)) -> AMV | H38: - | I38: - | J38: 54 | K38: 81.815 | L38: - | M38: {=_xlfn.XLOOKUP( 1, ( TabelaMap[SUB] = BS_CONTROLE[[#This Row],[SUB]]) * ( TabelaMap[KM Inicio] <= BS_CONTROLE[[#This Row],[KM - Inicio]]) * ( TabelaMap[KM Fim] >= BS_CONTROLE[[#This Row],[KM - Inicio]]), TabelaMap[Trecho], "-", 0 )} -> ZEZ-ZXW | N38: {=_xlfn.XLOOKUP( 1, ( TabelaMap[SUB] = BS_CONTROLE[[#This Row],[SUB]]) * ( TabelaMap[KM Inicio] <= BS_CONTROLE[[#This Row],[KM - Inicio]]) * ( TabelaMap[KM Fim] >= BS_CONTROLE[[#This Row],[KM - Inicio]]), TabelaMap[SB], "-", 0 )} -> ZXWK791 | O38: 0.45833333 | P38: 0.125 | Q38: 1 | R38: =IFERROR(_xlfn.XLOOKUP(F38, BS_ATIVIDADE[ATIVIDADE],BS_ATIVIDADE[UNIDADE] ), "*") -> Nº DE PEÇAS | S38: {=_xlfn.XLOOKUP( 1, ( TabelaMap[SUB] = BS_CONTROLE[[#This Row],[SUB]]) * ( TabelaMap[KM Inicio] <= BS_CONTROLE[[#This Row],[KM - Inicio]]) * ( TabelaMap[KM Fim] >= BS_CONTROLE[[#This Row],[KM - Inicio]]), TabelaMap[Gerência], "-", 0 )} -> SP SUL | T38: {=_xlfn.XLOOKUP( 1, ( TabelaMap[SUB] = BS_CONTROLE[[#This Row],[SUB]]) * ( TabelaMap[KM Inicio] <= BS_CONTROLE[[#This Row],[KM - Inicio]]) * ( TabelaMap[KM Fim] >= BS_CONTROLE[[#This Row],[KM - Inicio]]), TabelaMap[Trecho Coordenação], "-", 0 )} -> ZEV-ZPT | U38: {=_xlfn.XLOOKUP( 1, ( TabelaMap[SUB] = BS_CONTROLE[[#This Row],[SUB]]) * ( TabelaMap[KM Inicio] <= BS_CONTROLE[[#This Row],[KM - Inicio]]) * ( TabelaMap[KM Fim] >= BS_CONTROLE[[#This Row],[KM - Inicio]]), TabelaMap[NOME SUB], "-", 0 )} -> EVANGELISTA DE SOUZA - PARATINGA (L1 PRINCIPAL) | V38: Moises | W38: PDM - Substituição de meia chave | X38: Oportunidade | Y38: OPORTUNIDADE | AA38: - | AB38: - | AC38: - | AD38: - | AE38: - | AF38: - | AG38: - | AI38: =IF(BS_CONTROLE[[#This Row],[Atividade]]=0, "-", BS_CONTROLE[[#This Row],[Atividade]]) -> PDM - AMV - MEIA CHAVE | AJ38: =IF(BS_CONTROLE[[#This Row],[Atividade]]=0, "-", BS_CONTROLE[[#This Row],[Atividade]]) -> PDM - AMV - MEIA CHAVE | AK38: =BS_CONTROLE[[#This Row],[Local - Partida]] -> - | AL38: =BS_CONTROLE[[#This Row],[Local - Encerramento]] -> - | AM38: =IF(BS_CONTROLE[[#This Row],[Entre - Estações]]=0, "-", BS_CONTROLE[[#This Row],[Entre - Estações]]) -> ZEZ-ZXW | AN38: =IF(BS_CONTROLE[[#This Row],[SB]]=0, "-", BS_CONTROLE[[#This Row],[SB]]) -> ZXWK791 | AO38: =IF(BS_CONTROLE[[#This Row],[SUB]]=0, "-", BS_CONTROLE[[#This Row],[SUB]]) -> 54 | AP38: =BS_CONTROLE[[#This Row],[KM - Inicio]] -> 81.815 | AQ38: =BS_CONTROLE[[#This Row],[KM - Inicio]] -> 81.815 | AR38: 0 | AS38: 0 | AT38: 0 | AY38: =IF(D38="","*",IFERROR(IF(ISODD(COUNT(AS38:AX38)),"ERRO",SUM((AT38-AS38),(AV38-AU38),(AX38-AW38))),"ERRO")) -> 0 | BA38: 0 | BB38: =IFERROR(_xlfn.XLOOKUP(AI38, BS_ATIVIDADE[ATIVIDADE],BS_ATIVIDADE[UNIDADE] ), "*") -> Nº DE PEÇAS | BC38: {=_xlfn.XLOOKUP( 1, ( TabelaMap[SUB] = BS_CONTROLE[[#This Row],[SUB_5]]) * ( TabelaMap[KM Inicio] <= BS_CONTROLE[[#This Row],[KM - ínicio]]) * ( TabelaMap[KM Fim] >= BS_CONTROLE[[#This Row],[KM - ínicio]]), TabelaMap[Gerência], "-", 0 )} -> SP SUL | BD38: {=_xlfn.XLOOKUP( 1, ( TabelaMap[SUB] = BS_CONTROLE[[#This Row],[SUB_5]]) * ( TabelaMap[KM Inicio] <= BS_CONTROLE[[#This Row],[KM - ínicio]]) * ( TabelaMap[KM Fim] >= BS_CONTROLE[[#This Row],[KM - ínicio]]), TabelaMap[Trecho Coordenação], "-", 0 )} -> ZEV-ZPT | BE38: {=_xlfn.XLOOKUP( 1, ( TabelaMap[SUB] = BS_CONTROLE[[#This Row],[SUB_5]]) * ( TabelaMap[KM Inicio] <= BS_CONTROLE[[#This Row],[KM - Inicio]]) * ( TabelaMap[KM Fim] >= BS_CONTROLE[[#This Row],[KM - Inicio]]), TabelaMap[NOME SUB], "-", 0 )} -> EVANGELISTA DE SOUZA - PARATINGA (L1 PRINCIPAL) | BF38: Moises | BH38: 0 | BJ38: TP em preparação | BK38: TP não solicita intervalo, equipe embarcado no W62, chegou tarde no local de trabalho. | BM38: Super | BN38: Execução | BO38: Alteração de programação | BP38: TP não solicita intervalo, equipe embarcado no W62, chegou tarde no local de trabalho. | BQ38: =IF(AND(BR38<1,BS38<1),"Produção e Intervalo",IF(BR38<1,"Intervalo",IF(BS38<1,"Produção","Aderente"))) -> Produção e Intervalo | BR38: =IF(OR(B38="",F38=""),"*",AY38/P38) -> 0 | BS38: =IF(OR(B38="",F38=""),"*",BA38/Q38) -> 0 | BT38: =IF(BN38="","",SUBSTITUTE(BM38," ","")&SUBSTITUTE(BN38," ","")) -> SuperExecução
A39: =D39&B39 -> HUELTON (TP-725)46055 | B39: 46055 | C39: =IF(BS_CONTROLE[[#This Row],[DATA]]="","",WEEKNUM(BS_CONTROLE[[#This Row],[DATA]])) -> 6 | D39: HUELTON (TP-725) | F39: PDM - SOLDA | G39: =IF(D39="","*",VLOOKUP(F39,BS_ATIVIDADE[],3,FALSE)) -> SOLDA | H39: - | I39: - | J39: 54 | K39: 65.3 | L39: - | M39: {=_xlfn.XLOOKUP( 1, ( TabelaMap[SUB] = BS_CONTROLE[[#This Row],[SUB]]) * ( TabelaMap[KM Inicio] <= BS_CONTROLE[[#This Row],[KM - Inicio]]) * ( TabelaMap[KM Fim] >= BS_CONTROLE[[#This Row],[KM - Inicio]]), TabelaMap[Trecho], "-", 0 )} -> ZPG-MRS | N39: {=_xlfn.XLOOKUP( 1, ( TabelaMap[SUB] = BS_CONTROLE[[#This Row],[SUB]]) * ( TabelaMap[KM Inicio] <= BS_CONTROLE[[#This Row],[KM - Inicio]]) * ( TabelaMap[KM Fim] >= BS_CONTROLE[[#This Row],[KM - Inicio]]), TabelaMap[SB], "-", 0 )} -> K67ZEV1 | O39: 0.375 | P39: 0.0625 | Q39: 1 | R39: =IFERROR(_xlfn.XLOOKUP(F39, BS_ATIVIDADE[ATIVIDADE],BS_ATIVIDADE[UNIDADE] ), "*") -> Nº DE SOLDA | S39: {=_xlfn.XLOOKUP( 1, ( TabelaMap[SUB] = BS_CONTROLE[[#This Row],[SUB]]) * ( TabelaMap[KM Inicio] <= BS_CONTROLE[[#This Row],[KM - Inicio]]) * ( TabelaMap[KM Fim] >= BS_CONTROLE[[#This Row],[KM - Inicio]]), TabelaMap[Gerência], "-", 0 )} -> SP SUL | T39: {=_xlfn.XLOOKUP( 1, ( TabelaMap[SUB] = BS_CONTROLE[[#This Row],[SUB]]) * ( TabelaMap[KM Inicio] <= BS_CONTROLE[[#This Row],[KM - Inicio]]) * ( TabelaMap[KM Fim] >= BS_CONTROLE[[#This Row],[KM - Inicio]]), TabelaMap[Trecho Coordenação], "-", 0 )} -> ZEV-ZPT | U39: {=_xlfn.XLOOKUP( 1, ( TabelaMap[SUB] = BS_CONTROLE[[#This Row],[SUB]]) * ( TabelaMap[KM Inicio] <= BS_CONTROLE[[#This Row],[KM - Inicio]]) * ( TabelaMap[KM Fim] >= BS_CONTROLE[[#This Row],[KM - Inicio]]), TabelaMap[NOME SUB], "-", 0 )} -> EVANGELISTA DE SOUZA - PARATINGA (L1 PRINCIPAL) | V39: Moises | W39: Execução de solda - Condicionado a temperatura | X39: Oportunidade | Y39: OPORTUNIDADE | AA39: - | AB39: - | AC39: - | AD39: - | AE39: - | AF39: - | AG39: - | AI39: =IF(BS_CONTROLE[[#This Row],[Atividade]]=0, "-", BS_CONTROLE[[#This Row],[Atividade]]) -> PDM - SOLDA | AJ39: =IF(BS_CONTROLE[[#This Row],[Atividade]]=0, "-", BS_CONTROLE[[#This Row],[Atividade]]) -> PDM - SOLDA | AK39: =BS_CONTROLE[[#This Row],[Local - Partida]] -> - | AL39: =BS_CONTROLE[[#This Row],[Local - Encerramento]] -> - | AM39: =IF(BS_CONTROLE[[#This Row],[Entre - Estações]]=0, "-", BS_CONTROLE[[#This Row],[Entre - Estações]]) -> ZPG-MRS | AN39: =IF(BS_CONTROLE[[#This Row],[SB]]=0, "-", BS_CONTROLE[[#This Row],[SB]]) -> K67ZEV1 | AO39: =IF(BS_CONTROLE[[#This Row],[SUB]]=0, "-", BS_CONTROLE[[#This Row],[SUB]]) -> 54 | AP39: =BS_CONTROLE[[#This Row],[KM - Inicio]] -> 65.3 | AQ39: =BS_CONTROLE[[#This Row],[KM - Inicio]] -> 65.3 | AR39: 0.41666667 | AS39: 0 | AT39: 0 | AY39: =IF(D39="","*",IFERROR(IF(ISODD(COUNT(AS39:AX39)),"ERRO",SUM((AT39-AS39),(AV39-AU39),(AX39-AW39))),"ERRO")) -> 0 | BA39: 0 | BB39: =IFERROR(_xlfn.XLOOKUP(AI39, BS_ATIVIDADE[ATIVIDADE],BS_ATIVIDADE[UNIDADE] ), "*") -> Nº DE SOLDA | BC39: {=_xlfn.XLOOKUP( 1, ( TabelaMap[SUB] = BS_CONTROLE[[#This Row],[SUB_5]]) * ( TabelaMap[KM Inicio] <= BS_CONTROLE[[#This Row],[KM - ínicio]]) * ( TabelaMap[KM Fim] >= BS_CONTROLE[[#This Row],[KM - ínicio]]), TabelaMap[Gerência], "-", 0 )} -> SP SUL | BD39: {=_xlfn.XLOOKUP( 1, ( TabelaMap[SUB] = BS_CONTROLE[[#This Row],[SUB_5]]) * ( TabelaMap[KM Inicio] <= BS_CONTROLE[[#This Row],[KM - ínicio]]) * ( TabelaMap[KM Fim] >= BS_CONTROLE[[#This Row],[KM - ínicio]]), TabelaMap[Trecho Coordenação], "-", 0 )} -> ZEV-ZPT | BE39: {=_xlfn.XLOOKUP( 1, ( TabelaMap[SUB] = BS_CONTROLE[[#This Row],[SUB_5]]) * ( TabelaMap[KM Inicio] <= BS_CONTROLE[[#This Row],[KM - Inicio]]) * ( TabelaMap[KM Fim] >= BS_CONTROLE[[#This Row],[KM - Inicio]]), TabelaMap[NOME SUB], "-", 0 )} -> EVANGELISTA DE SOUZA - PARATINGA (L1 PRINCIPAL) | BF39: Moises | BH39: 0 | BJ39: TP pronto 10h00 / Sem oportunidade de faixa | BK39: TP pronto 10h00 / Sem oportunidade de faixa | BM39: Sem Oportunidade | BN39: Sem Oportunidade | BO39: Sem Oportunidade | BP39: TP pronto 10h00 / Sem oportunidade de faixa | BQ39: =IF(AND(BR39<1,BS39<1),"Produção e Intervalo",IF(BR39<1,"Intervalo",IF(BS39<1,"Produção","Aderente"))) -> Produção e Intervalo | BR39: =IF(OR(B39="",F39=""),"*",AY39/P39) -> 0 | BS39: =IF(OR(B39="",F39=""),"*",BA39/Q39) -> 0 | BT39: =IF(BN39="","",SUBSTITUTE(BM39," ","")&SUBSTITUTE(BN39," ","")) -> SemOportunidadeSemOportunidade
A40: =D40&B40 -> EXPANSÃO TURMA 146055 | B40: 46055 | C40: =IF(BS_CONTROLE[[#This Row],[DATA]]="","",WEEKNUM(BS_CONTROLE[[#This Row],[DATA]])) -> 6 | D40: EXPANSÃO TURMA 1 | E40: 650 | F40: EXPANSÃO - SOLDA | G40: =IF(D40="","*",VLOOKUP(F40,BS_ATIVIDADE[],3,FALSE)) -> EXPANSÃO | H40: - | J40: 53 | K40: 123.8 | L40: - | M40: {=_xlfn.XLOOKUP( 1, ( TabelaMap[SUB] = BS_CONTROLE[[#This Row],[SUB]]) * ( TabelaMap[KM Inicio] <= BS_CONTROLE[[#This Row],[KM - Inicio]]) * ( TabelaMap[KM Fim] >= BS_CONTROLE[[#This Row],[KM - Inicio]]), TabelaMap[Trecho], "-", 0 )} -> ZZV-ZPG | N40: ZPGRUM3 | O40: 0.33333333 | P40: 0.083333333 | Q40: 1 | R40: =IFERROR(_xlfn.XLOOKUP(F40, BS_ATIVIDADE[ATIVIDADE],BS_ATIVIDADE[UNIDADE] ), "*") -> Nº DE SOLDA | S40: {=_xlfn.XLOOKUP( 1, ( TabelaMap[SUB] = BS_CONTROLE[[#This Row],[SUB]]) * ( TabelaMap[KM Inicio] <= BS_CONTROLE[[#This Row],[KM - Inicio]]) * ( TabelaMap[KM Fim] >= BS_CONTROLE[[#This Row],[KM - Inicio]]), TabelaMap[Gerência], "-", 0 )} -> SP SUL | T40: {=_xlfn.XLOOKUP( 1, ( TabelaMap[SUB] = BS_CONTROLE[[#This Row],[SUB]]) * ( TabelaMap[KM Inicio] <= BS_CONTROLE[[#This Row],[KM - Inicio]]) * ( TabelaMap[KM Fim] >= BS_CONTROLE[[#This Row],[KM - Inicio]]), TabelaMap[Trecho Coordenação], "-", 0 )} -> ZPT-ZPG | U40: {=_xlfn.XLOOKUP( 1, ( TabelaMap[SUB] = BS_CONTROLE[[#This Row],[SUB]]) * ( TabelaMap[KM Inicio] <= BS_CONTROLE[[#This Row],[KM - Inicio]]) * ( TabelaMap[KM Fim] >= BS_CONTROLE[[#This Row],[KM - Inicio]]), TabelaMap[NOME SUB], "-", 0 )} -> PARATINGA - PEREQUÊ (L2 PRINCIPAL) | V40: Pedro | W40: Execução de solda - Condicionado a temperatura | X40: Oportunidade | Y40: OPORTUNIDADE | AI40: =IF(BS_CONTROLE[[#This Row],[Atividade]]=0, "-", BS_CONTROLE[[#This Row],[Atividade]]) -> EXPANSÃO - SOLDA | AJ40: =IF(BS_CONTROLE[[#This Row],[Atividade]]=0, "-", BS_CONTROLE[[#This Row],[Atividade]]) -> EXPANSÃO - SOLDA | AK40: =BS_CONTROLE[[#This Row],[Local - Partida]] -> - | AL40: =BS_CONTROLE[[#This Row],[Local - Encerramento]] -> 0 | AM40: =IF(BS_CONTROLE[[#This Row],[Entre - Estações]]=0, "-", BS_CONTROLE[[#This Row],[Entre - Estações]]) -> ZZV-ZPG | AN40: =IF(BS_CONTROLE[[#This Row],[SB]]=0, "-", BS_CONTROLE[[#This Row],[SB]]) -> ZPGRUM3 | AO40: =IF(BS_CONTROLE[[#This Row],[SUB]]=0, "-", BS_CONTROLE[[#This Row],[SUB]]) -> 53 | AP40: =BS_CONTROLE[[#This Row],[KM - Inicio]] -> 123.8 | AQ40: =BS_CONTROLE[[#This Row],[KM - Inicio]] -> 123.8 | AR40: 0.33333333 | AS40: 0.42013889 | AT40: 0.50347222 | AY40: =IF(D40="","*",IFERROR(IF(ISODD(COUNT(AS40:AX40)),"ERRO",SUM((AT40-AS40),(AV40-AU40),(AX40-AW40))),"ERRO")) -> 0.083333333 | BA40: 3 | BB40: =IFERROR(_xlfn.XLOOKUP(AI40, BS_ATIVIDADE[ATIVIDADE],BS_ATIVIDADE[UNIDADE] ), "*") -> Nº DE SOLDA | BC40: {=_xlfn.XLOOKUP( 1, ( TabelaMap[SUB] = BS_CONTROLE[[#This Row],[SUB_5]]) * ( TabelaMap[KM Inicio] <= BS_CONTROLE[[#This Row],[KM - ínicio]]) * ( TabelaMap[KM Fim] >= BS_CONTROLE[[#This Row],[KM - ínicio]]), TabelaMap[Gerência], "-", 0 )} -> SP SUL | BD40: {=_xlfn.XLOOKUP( 1, ( TabelaMap[SUB] = BS_CONTROLE[[#This Row],[SUB_5]]) * ( TabelaMap[KM Inicio] <= BS_CONTROLE[[#This Row],[KM - ínicio]]) * ( TabelaMap[KM Fim] >= BS_CONTROLE[[#This Row],[KM - ínicio]]), TabelaMap[Trecho Coordenação], "-", 0 )} -> ZPT-ZPG | BE40: {=_xlfn.XLOOKUP( 1, ( TabelaMap[SUB] = BS_CONTROLE[[#This Row],[SUB_5]]) * ( TabelaMap[KM Inicio] <= BS_CONTROLE[[#This Row],[KM - Inicio]]) * ( TabelaMap[KM Fim] >= BS_CONTROLE[[#This Row],[KM - Inicio]]), TabelaMap[NOME SUB], "-", 0 )} -> PARATINGA - PEREQUÊ (L2 PRINCIPAL) | BF40: Pedro | BH40: 2 | BJ40: TP pronto 08h00 / Em intervalo das 10h05 até 12h05. | BK40: TP pronto 08h00 / Realizado intervalo das 10h05 até 12h05. | BM40: OK | BN40: OK | BO40: OK | BP40: - | BQ40: =IF(AND(BR40<1,BS40<1),"Produção e Intervalo",IF(BR40<1,"Intervalo",IF(BS40<1,"Produção","Aderente"))) -> Aderente | BR40: =IF(OR(B40="",F40=""),"*",AY40/P40) -> 1 | BS40: =IF(OR(B40="",F40=""),"*",BA40/Q40) -> 3 | BT40: =IF(BN40="","",SUBSTITUTE(BM40," ","")&SUBSTITUTE(BN40," ","")) -> OKOK
A41: =D41&B41 | C41: =IF(BS_CONTROLE[[#This Row],[DATA]]="","",WEEKNUM(BS_CONTROLE[[#This Row],[DATA]])) | E41: 35 | G41: =IF(D41="","*",VLOOKUP(F41,BS_ATIVIDADE[],3,FALSE)) -> * | M41: {=_xlfn.XLOOKUP( 1, ( TabelaMap[SUB] = BS_CONTROLE[[#This Row],[SUB]]) * ( TabelaMap[KM Inicio] <= BS_CONTROLE[[#This Row],[KM - Inicio]]) * ( TabelaMap[KM Fim] >= BS_CONTROLE[[#This Row],[KM - Inicio]]), TabelaMap[Trecho], "-", 0 )} -> - | N41: {=_xlfn.XLOOKUP( 1, ( TabelaMap[SUB] = BS_CONTROLE[[#This Row],[SUB]]) * ( TabelaMap[KM Inicio] <= BS_CONTROLE[[#This Row],[KM - Inicio]]) * ( TabelaMap[KM Fim] >= BS_CONTROLE[[#This Row],[KM - Inicio]]), TabelaMap[SB], "-", 0 )} -> - | R41: =IFERROR(_xlfn.XLOOKUP(F41, BS_ATIVIDADE[ATIVIDADE],BS_ATIVIDADE[UNIDADE] ), "*") -> * | S41: {=_xlfn.XLOOKUP( 1, ( TabelaMap[SUB] = BS_CONTROLE[[#This Row],[SUB]]) * ( TabelaMap[KM Inicio] <= BS_CONTROLE[[#This Row],[KM - Inicio]]) * ( TabelaMap[KM Fim] >= BS_CONTROLE[[#This Row],[KM - Inicio]]), TabelaMap[Gerência], "-", 0 )} -> - | T41: {=_xlfn.XLOOKUP( 1, ( TabelaMap[SUB] = BS_CONTROLE[[#This Row],[SUB]]) * ( TabelaMap[KM Inicio] <= BS_CONTROLE[[#This Row],[KM - Inicio]]) * ( TabelaMap[KM Fim] >= BS_CONTROLE[[#This Row],[KM - Inicio]]), TabelaMap[Trecho Coordenação], "-", 0 )} -> - | U41: {=_xlfn.XLOOKUP( 1, ( TabelaMap[SUB] = BS_CONTROLE[[#This Row],[SUB]]) * ( TabelaMap[KM Inicio] <= BS_CONTROLE[[#This Row],[KM - Inicio]]) * ( TabelaMap[KM Fim] >= BS_CONTROLE[[#This Row],[KM - Inicio]]), TabelaMap[NOME SUB], "-", 0 )} -> - | AI41: =IF(BS_CONTROLE[[#This Row],[Atividade]]=0, "-", BS_CONTROLE[[#This Row],[Atividade]]) -> - | AJ41: =IF(BS_CONTROLE[[#This Row],[Atividade]]=0, "-", BS_CONTROLE[[#This Row],[Atividade]]) -> - | AK41: =BS_CONTROLE[[#This Row],[Local - Partida]] -> 0 | AL41: =BS_CONTROLE[[#This Row],[Local - Encerramento]] -> 0 | AM41: =IF(BS_CONTROLE[[#This Row],[Entre - Estações]]=0, "-", BS_CONTROLE[[#This Row],[Entre - Estações]]) -> - | AN41: =IF(BS_CONTROLE[[#This Row],[SB]]=0, "-", BS_CONTROLE[[#This Row],[SB]]) -> - | AO41: =IF(BS_CONTROLE[[#This Row],[SUB]]=0, "-", BS_CONTROLE[[#This Row],[SUB]]) -> - | AP41: =BS_CONTROLE[[#This Row],[KM - Inicio]] -> 0 | AQ41: =BS_CONTROLE[[#This Row],[KM - Inicio]] -> 0 | AY41: =IF(D41="","*",IFERROR(IF(ISODD(COUNT(AS41:AX41)),"ERRO",SUM((AT41-AS41),(AV41-AU41),(AX41-AW41))),"ERRO")) -> * | BB41: =IFERROR(_xlfn.XLOOKUP(AI41, BS_ATIVIDADE[ATIVIDADE],BS_ATIVIDADE[UNIDADE] ), "*") -> * | BC41: {=_xlfn.XLOOKUP( 1, ( TabelaMap[SUB] = BS_CONTROLE[[#This Row],[SUB_5]]) * ( TabelaMap[KM Inicio] <= BS_CONTROLE[[#This Row],[KM - ínicio]]) * ( TabelaMap[KM Fim] >= BS_CONTROLE[[#This Row],[KM - ínicio]]), TabelaMap[Gerência], "-", 0 )} -> - | BD41: {=_xlfn.XLOOKUP( 1, ( TabelaMap[SUB] = BS_CONTROLE[[#This Row],[SUB_5]]) * ( TabelaMap[KM Inicio] <= BS_CONTROLE[[#This Row],[KM - ínicio]]) * ( TabelaMap[KM Fim] >= BS_CONTROLE[[#This Row],[KM - ínicio]]), TabelaMap[Trecho Coordenação], "-", 0 )} -> - | BE41: {=_xlfn.XLOOKUP( 1, ( TabelaMap[SUB] = BS_CONTROLE[[#This Row],[SUB_5]]) * ( TabelaMap[KM Inicio] <= BS_CONTROLE[[#This Row],[KM - Inicio]]) * ( TabelaMap[KM Fim] >= BS_CONTROLE[[#This Row],[KM - Inicio]]), TabelaMap[NOME SUB], "-", 0 )} -> - | BQ41: =IF(AND(BR41<1,BS41<1),"Produção e Intervalo",IF(BR41<1,"Intervalo",IF(BS41<1,"Produção","Aderente"))) -> Aderente | BR41: =IF(OR(B41="",F41=""),"*",AY41/P41) -> * | BS41: =IF(OR(B41="",F41=""),"*",BA41/Q41) -> * | BT41: =IF(BN41="","",SUBSTITUTE(BM41," ","")&SUBSTITUTE(BN41," ",""))
A42: =D42&B42 | C42: =IF(BS_CONTROLE[[#This Row],[DATA]]="","",WEEKNUM(BS_CONTROLE[[#This Row],[DATA]])) | E42: 36 | G42: =IF(D42="","*",VLOOKUP(F42,BS_ATIVIDADE[],3,FALSE)) -> * | M42: {=_xlfn.XLOOKUP( 1, ( TabelaMap[SUB] = BS_CONTROLE[[#This Row],[SUB]]) * ( TabelaMap[KM Inicio] <= BS_CONTROLE[[#This Row],[KM - Inicio]]) * ( TabelaMap[KM Fim] >= BS_CONTROLE[[#This Row],[KM - Inicio]]), TabelaMap[Trecho], "-", 0 )} -> - | N42: {=_xlfn.XLOOKUP( 1, ( TabelaMap[SUB] = BS_CONTROLE[[#This Row],[SUB]]) * ( TabelaMap[KM Inicio] <= BS_CONTROLE[[#This Row],[KM - Inicio]]) * ( TabelaMap[KM Fim] >= BS_CONTROLE[[#This Row],[KM - Inicio]]), TabelaMap[SB], "-", 0 )} -> - | R42: =IFERROR(_xlfn.XLOOKUP(F42, BS_ATIVIDADE[ATIVIDADE],BS_ATIVIDADE[UNIDADE] ), "*") -> * | S42: {=_xlfn.XLOOKUP( 1, ( TabelaMap[SUB] = BS_CONTROLE[[#This Row],[SUB]]) * ( TabelaMap[KM Inicio] <= BS_CONTROLE[[#This Row],[KM - Inicio]]) * ( TabelaMap[KM Fim] >= BS_CONTROLE[[#This Row],[KM - Inicio]]), TabelaMap[Gerência], "-", 0 )} -> - | T42: {=_xlfn.XLOOKUP( 1, ( TabelaMap[SUB] = BS_CONTROLE[[#This Row],[SUB]]) * ( TabelaMap[KM Inicio] <= BS_CONTROLE[[#This Row],[KM - Inicio]]) * ( TabelaMap[KM Fim] >= BS_CONTROLE[[#This Row],[KM - Inicio]]), TabelaMap[Trecho Coordenação], "-", 0 )} -> - | U42: {=_xlfn.XLOOKUP( 1, ( TabelaMap[SUB] = BS_CONTROLE[[#This Row],[SUB]]) * ( TabelaMap[KM Inicio] <= BS_CONTROLE[[#This Row],[KM - Inicio]]) * ( TabelaMap[KM Fim] >= BS_CONTROLE[[#This Row],[KM - Inicio]]), TabelaMap[NOME SUB], "-", 0 )} -> - | AI42: =IF(BS_CONTROLE[[#This Row],[Atividade]]=0, "-", BS_CONTROLE[[#This Row],[Atividade]]) -> - | AJ42: =IF(BS_CONTROLE[[#This Row],[Atividade]]=0, "-", BS_CONTROLE[[#This Row],[Atividade]]) -> - | AK42: =BS_CONTROLE[[#This Row],[Local - Partida]] -> 0 | AL42: =BS_CONTROLE[[#This Row],[Local - Encerramento]] -> 0 | AM42: =IF(BS_CONTROLE[[#This Row],[Entre - Estações]]=0, "-", BS_CONTROLE[[#This Row],[Entre - Estações]]) -> - | AN42: =IF(BS_CONTROLE[[#This Row],[SB]]=0, "-", BS_CONTROLE[[#This Row],[SB]]) -> - | AO42: =IF(BS_CONTROLE[[#This Row],[SUB]]=0, "-", BS_CONTROLE[[#This Row],[SUB]]) -> - | AP42: =BS_CONTROLE[[#This Row],[KM - Inicio]] -> 0 | AQ42: =BS_CONTROLE[[#This Row],[KM - Inicio]] -> 0 | AY42: =IF(D42="","*",IFERROR(IF(ISODD(COUNT(AS42:AX42)),"ERRO",SUM((AT42-AS42),(AV42-AU42),(AX42-AW42))),"ERRO")) -> * | BB42: =IFERROR(_xlfn.XLOOKUP(AI42, BS_ATIVIDADE[ATIVIDADE],BS_ATIVIDADE[UNIDADE] ), "*") -> * | BC42: {=_xlfn.XLOOKUP( 1, ( TabelaMap[SUB] = BS_CONTROLE[[#This Row],[SUB_5]]) * ( TabelaMap[KM Inicio] <= BS_CONTROLE[[#This Row],[KM - ínicio]]) * ( TabelaMap[KM Fim] >= BS_CONTROLE[[#This Row],[KM - ínicio]]), TabelaMap[Gerência], "-", 0 )} -> - | BD42: {=_xlfn.XLOOKUP( 1, ( TabelaMap[SUB] = BS_CONTROLE[[#This Row],[SUB_5]]) * ( TabelaMap[KM Inicio] <= BS_CONTROLE[[#This Row],[KM - ínicio]]) * ( TabelaMap[KM Fim] >= BS_CONTROLE[[#This Row],[KM - ínicio]]), TabelaMap[Trecho Coordenação], "-", 0 )} -> - | BE42: {=_xlfn.XLOOKUP( 1, ( TabelaMap[SUB] = BS_CONTROLE[[#This Row],[SUB_5]]) * ( TabelaMap[KM Inicio] <= BS_CONTROLE[[#This Row],[KM - Inicio]]) * ( TabelaMap[KM Fim] >= BS_CONTROLE[[#This Row],[KM - Inicio]]), TabelaMap[NOME SUB], "-", 0 )} -> - | BQ42: =IF(AND(BR42<1,BS42<1),"Produção e Intervalo",IF(BR42<1,"Intervalo",IF(BS42<1,"Produção","Aderente"))) -> Aderente | BR42: =IF(OR(B42="",F42=""),"*",AY42/P42) -> * | BS42: =IF(OR(B42="",F42=""),"*",BA42/Q42) -> * | BT42: =IF(BN42="","",SUBSTITUTE(BM42," ","")&SUBSTITUTE(BN42," ",""))
A43: =D43&B43 | C43: =IF(BS_CONTROLE[[#This Row],[DATA]]="","",WEEKNUM(BS_CONTROLE[[#This Row],[DATA]])) | E43: 37 | G43: =IF(D43="","*",VLOOKUP(F43,BS_ATIVIDADE[],3,FALSE)) -> * | M43: {=_xlfn.XLOOKUP( 1, ( TabelaMap[SUB] = BS_CONTROLE[[#This Row],[SUB]]) * ( TabelaMap[KM Inicio] <= BS_CONTROLE[[#This Row],[KM - Inicio]]) * ( TabelaMap[KM Fim] >= BS_CONTROLE[[#This Row],[KM - Inicio]]), TabelaMap[Trecho], "-", 0 )} -> - | N43: {=_xlfn.XLOOKUP( 1, ( TabelaMap[SUB] = BS_CONTROLE[[#This Row],[SUB]]) * ( TabelaMap[KM Inicio] <= BS_CONTROLE[[#This Row],[KM - Inicio]]) * ( TabelaMap[KM Fim] >= BS_CONTROLE[[#This Row],[KM - Inicio]]), TabelaMap[SB], "-", 0 )} -> - | R43: =IFERROR(_xlfn.XLOOKUP(F43, BS_ATIVIDADE[ATIVIDADE],BS_ATIVIDADE[UNIDADE] ), "*") -> * | S43: {=_xlfn.XLOOKUP( 1, ( TabelaMap[SUB] = BS_CONTROLE[[#This Row],[SUB]]) * ( TabelaMap[KM Inicio] <= BS_CONTROLE[[#This Row],[KM - Inicio]]) * ( TabelaMap[KM Fim] >= BS_CONTROLE[[#This Row],[KM - Inicio]]), TabelaMap[Gerência], "-", 0 )} -> - | T43: {=_xlfn.XLOOKUP( 1, ( TabelaMap[SUB] = BS_CONTROLE[[#This Row],[SUB]]) * ( TabelaMap[KM Inicio] <= BS_CONTROLE[[#This Row],[KM - Inicio]]) * ( TabelaMap[KM Fim] >= BS_CONTROLE[[#This Row],[KM - Inicio]]), TabelaMap[Trecho Coordenação], "-", 0 )} -> - | U43: {=_xlfn.XLOOKUP( 1, ( TabelaMap[SUB] = BS_CONTROLE[[#This Row],[SUB]]) * ( TabelaMap[KM Inicio] <= BS_CONTROLE[[#This Row],[KM - Inicio]]) * ( TabelaMap[KM Fim] >= BS_CONTROLE[[#This Row],[KM - Inicio]]), TabelaMap[NOME SUB], "-", 0 )} -> - | AI43: =IF(BS_CONTROLE[[#This Row],[Atividade]]=0, "-", BS_CONTROLE[[#This Row],[Atividade]]) -> - | AJ43: =IF(BS_CONTROLE[[#This Row],[Atividade]]=0, "-", BS_CONTROLE[[#This Row],[Atividade]]) -> - | AK43: =BS_CONTROLE[[#This Row],[Local - Partida]] -> 0 | AL43: =BS_CONTROLE[[#This Row],[Local - Encerramento]] -> 0 | AM43: =IF(BS_CONTROLE[[#This Row],[Entre - Estações]]=0, "-", BS_CONTROLE[[#This Row],[Entre - Estações]]) -> - | AN43: =IF(BS_CONTROLE[[#This Row],[SB]]=0, "-", BS_CONTROLE[[#This Row],[SB]]) -> - | AO43: =IF(BS_CONTROLE[[#This Row],[SUB]]=0, "-", BS_CONTROLE[[#This Row],[SUB]]) -> - | AP43: =BS_CONTROLE[[#This Row],[KM - Inicio]] -> 0 | AQ43: =BS_CONTROLE[[#This Row],[KM - Inicio]] -> 0 | AY43: =IF(D43="","*",IFERROR(IF(ISODD(COUNT(AS43:AX43)),"ERRO",SUM((AT43-AS43),(AV43-AU43),(AX43-AW43))),"ERRO")) -> * | BB43: =IFERROR(_xlfn.XLOOKUP(AI43, BS_ATIVIDADE[ATIVIDADE],BS_ATIVIDADE[UNIDADE] ), "*") -> * | BC43: {=_xlfn.XLOOKUP( 1, ( TabelaMap[SUB] = BS_CONTROLE[[#This Row],[SUB_5]]) * ( TabelaMap[KM Inicio] <= BS_CONTROLE[[#This Row],[KM - ínicio]]) * ( TabelaMap[KM Fim] >= BS_CONTROLE[[#This Row],[KM - ínicio]]), TabelaMap[Gerência], "-", 0 )} -> - | BD43: {=_xlfn.XLOOKUP( 1, ( TabelaMap[SUB] = BS_CONTROLE[[#This Row],[SUB_5]]) * ( TabelaMap[KM Inicio] <= BS_CONTROLE[[#This Row],[KM - ínicio]]) * ( TabelaMap[KM Fim] >= BS_CONTROLE[[#This Row],[KM - ínicio]]), TabelaMap[Trecho Coordenação], "-", 0 )} -> - | BE43: {=_xlfn.XLOOKUP( 1, ( TabelaMap[SUB] = BS_CONTROLE[[#This Row],[SUB_5]]) * ( TabelaMap[KM Inicio] <= BS_CONTROLE[[#This Row],[KM - Inicio]]) * ( TabelaMap[KM Fim] >= BS_CONTROLE[[#This Row],[KM - Inicio]]), TabelaMap[NOME SUB], "-", 0 )} -> - | BQ43: =IF(AND(BR43<1,BS43<1),"Produção e Intervalo",IF(BR43<1,"Intervalo",IF(BS43<1,"Produção","Aderente"))) -> Aderente | BR43: =IF(OR(B43="",F43=""),"*",AY43/P43) -> * | BS43: =IF(OR(B43="",F43=""),"*",BA43/Q43) -> * | BT43: =IF(BN43="","",SUBSTITUTE(BM43," ","")&SUBSTITUTE(BN43," ",""))
A44: =D44&B44 -> KLECIO (TP-699) | C44: =IF(BS_CONTROLE[[#This Row],[DATA]]="","",WEEKNUM(BS_CONTROLE[[#This Row],[DATA]])) | D44: KLECIO (TP-699) | F44: PDM - SOLDA | G44: =IF(D44="","*",VLOOKUP(F44,BS_ATIVIDADE[],3,FALSE)) -> SOLDA | H44: - | I44: - | J44: 70 | K44: 87.3 | L44: - | M44: ZRX-ZWX | N44: ZRQ1/133ZRQ1 | O44: 0.33333333 | P44: 0.083333333 | Q44: 1 | R44: =IFERROR(_xlfn.XLOOKUP(F44, BS_ATIVIDADE[ATIVIDADE],BS_ATIVIDADE[UNIDADE] ), "*") -> Nº DE SOLDA | S44: {=_xlfn.XLOOKUP( 1, ( TabelaMap[SUB] = BS_CONTROLE[[#This Row],[SUB]]) * ( TabelaMap[KM Inicio] <= BS_CONTROLE[[#This Row],[KM - Inicio]]) * ( TabelaMap[KM Fim] >= BS_CONTROLE[[#This Row],[KM - Inicio]]), TabelaMap[Gerência], "-", 0 )} -> SP SUL | T44: {=_xlfn.XLOOKUP( 1, ( TabelaMap[SUB] = BS_CONTROLE[[#This Row],[SUB]]) * ( TabelaMap[KM Inicio] <= BS_CONTROLE[[#This Row],[KM - Inicio]]) * ( TabelaMap[KM Fim] >= BS_CONTROLE[[#This Row],[KM - Inicio]]), TabelaMap[Trecho Coordenação], "-", 0 )} -> ZBV-ZRX | U44: {=_xlfn.XLOOKUP( 1, ( TabelaMap[SUB] = BS_CONTROLE[[#This Row],[SUB]]) * ( TabelaMap[KM Inicio] <= BS_CONTROLE[[#This Row],[KM - Inicio]]) * ( TabelaMap[KM Fim] >= BS_CONTROLE[[#This Row],[KM - Inicio]]), TabelaMap[NOME SUB], "-", 0 )} -> RECANTO - ITIRAPINA (L1 PRINCIPAL) | V44: Klecio | W44: Execução de solda - Condicionado a temperatura | X44: Oportunidade | AA44: - | AI44: =IF(BS_CONTROLE[[#This Row],[Atividade]]=0, "-", BS_CONTROLE[[#This Row],[Atividade]]) -> PDM - SOLDA | AJ44: =IF(BS_CONTROLE[[#This Row],[Atividade]]=0, "-", BS_CONTROLE[[#This Row],[Atividade]]) -> PDM - SOLDA | AK44: =BS_CONTROLE[[#This Row],[Local - Partida]] -> - | AL44: =BS_CONTROLE[[#This Row],[Local - Encerramento]] -> - | AM44: =IF(BS_CONTROLE[[#This Row],[Entre - Estações]]=0, "-", BS_CONTROLE[[#This Row],[Entre - Estações]]) -> ZRX-ZWX | AN44: =IF(BS_CONTROLE[[#This Row],[SB]]=0, "-", BS_CONTROLE[[#This Row],[SB]]) -> ZRQ1/133ZRQ1 | AO44: =IF(BS_CONTROLE[[#This Row],[SUB]]=0, "-", BS_CONTROLE[[#This Row],[SUB]]) -> 70 | AP44: =BS_CONTROLE[[#This Row],[KM - Inicio]] -> 87.3 | AQ44: =BS_CONTROLE[[#This Row],[KM - Inicio]] -> 87.3 | AY44: =IF(D44="","*",IFERROR(IF(ISODD(COUNT(AS44:AX44)),"ERRO",SUM((AT44-AS44),(AV44-AU44),(AX44-AW44))),"ERRO")) -> 0 | BB44: =IFERROR(_xlfn.XLOOKUP(AI44, BS_ATIVIDADE[ATIVIDADE],BS_ATIVIDADE[UNIDADE] ), "*") -> Nº DE SOLDA | BC44: {=_xlfn.XLOOKUP( 1, ( TabelaMap[SUB] = BS_CONTROLE[[#This Row],[SUB_5]]) * ( TabelaMap[KM Inicio] <= BS_CONTROLE[[#This Row],[KM - ínicio]]) * ( TabelaMap[KM Fim] >= BS_CONTROLE[[#This Row],[KM - ínicio]]), TabelaMap[Gerência], "-", 0 )} -> SP SUL | BD44: {=_xlfn.XLOOKUP( 1, ( TabelaMap[SUB] = BS_CONTROLE[[#This Row],[SUB_5]]) * ( TabelaMap[KM Inicio] <= BS_CONTROLE[[#This Row],[KM - ínicio]]) * ( TabelaMap[KM Fim] >= BS_CONTROLE[[#This Row],[KM - ínicio]]), TabelaMap[Trecho Coordenação], "-", 0 )} -> ZBV-ZRX | BE44: {=_xlfn.XLOOKUP( 1, ( TabelaMap[SUB] = BS_CONTROLE[[#This Row],[SUB_5]]) * ( TabelaMap[KM Inicio] <= BS_CONTROLE[[#This Row],[KM - Inicio]]) * ( TabelaMap[KM Fim] >= BS_CONTROLE[[#This Row],[KM - Inicio]]), TabelaMap[NOME SUB], "-", 0 )} -> RECANTO - ITIRAPINA (L1 PRINCIPAL) | BQ44: =IF(AND(BR44<1,BS44<1),"Produção e Intervalo",IF(BR44<1,"Intervalo",IF(BS44<1,"Produção","Aderente"))) -> Aderente | BR44: =IF(OR(B44="",F44=""),"*",AY44/P44) -> * | BS44: =IF(OR(B44="",F44=""),"*",BA44/Q44) -> * | BT44: =IF(BN44="","",SUBSTITUTE(BM44," ","")&SUBSTITUTE(BN44," ",""))
A45: =D45&B45 -> V83 | C45: =IF(BS_CONTROLE[[#This Row],[DATA]]="","",WEEKNUM(BS_CONTROLE[[#This Row],[DATA]])) | D45: V83 | F45: MECANIZAÇÃO - SOCADORA | G45: =IF(D45="","*",VLOOKUP(F45,BS_ATIVIDADE[],3,FALSE)) -> MECANIZAÇÃO - SOCADORA | H45: ZIQ-2 | I45: ZIQ-2 | J45: 70 | K45: 131.9 | L45: 131.2 | M45: {=_xlfn.XLOOKUP( 1, ( TabelaMap[SUB] = BS_CONTROLE[[#This Row],[SUB]]) * ( TabelaMap[KM Inicio] <= BS_CONTROLE[[#This Row],[KM - Inicio]]) * ( TabelaMap[KM Fim] >= BS_CONTROLE[[#This Row],[KM - Inicio]]), TabelaMap[Trecho], "-", 0 )} -> ZRX-ZRQ | N45: {=_xlfn.XLOOKUP( 1, ( TabelaMap[SUB] = BS_CONTROLE[[#This Row],[SUB]]) * ( TabelaMap[KM Inicio] <= BS_CONTROLE[[#This Row],[KM - Inicio]]) * ( TabelaMap[KM Fim] >= BS_CONTROLE[[#This Row],[KM - Inicio]]), TabelaMap[SB], "-", 0 )} -> ZRX1331 | O45: 0.375 | P45: 0.083333333 | Q45: 360 | R45: =IFERROR(_xlfn.XLOOKUP(F45, BS_ATIVIDADE[ATIVIDADE],BS_ATIVIDADE[UNIDADE] ), "*") -> M | S45: {=_xlfn.XLOOKUP( 1, ( TabelaMap[SUB] = BS_CONTROLE[[#This Row],[SUB]]) * ( TabelaMap[KM Inicio] <= BS_CONTROLE[[#This Row],[KM - Inicio]]) * ( TabelaMap[KM Fim] >= BS_CONTROLE[[#This Row],[KM - Inicio]]), TabelaMap[Gerência], "-", 0 )} -> SP SUL | T45: {=_xlfn.XLOOKUP( 1, ( TabelaMap[SUB] = BS_CONTROLE[[#This Row],[SUB]]) * ( TabelaMap[KM Inicio] <= BS_CONTROLE[[#This Row],[KM - Inicio]]) * ( TabelaMap[KM Fim] >= BS_CONTROLE[[#This Row],[KM - Inicio]]), TabelaMap[Trecho Coordenação], "-", 0 )} -> ZBV-ZRX | U45: {=_xlfn.XLOOKUP( 1, ( TabelaMap[SUB] = BS_CONTROLE[[#This Row],[SUB]]) * ( TabelaMap[KM Inicio] <= BS_CONTROLE[[#This Row],[KM - Inicio]]) * ( TabelaMap[KM Fim] >= BS_CONTROLE[[#This Row],[KM - Inicio]]), TabelaMap[NOME SUB], "-", 0 )} -> RECANTO - ITIRAPINA (L1 PRINCIPAL) | V45: Antonioni | W45: Socaria mecanizada | X45: Oportunidade | Y45: OPORTUNIDADE | AA45: 1 | AB45: FIXO | AC45: - | AD45: - | AE45: - | AF45: - | AI45: =IF(BS_CONTROLE[[#This Row],[Atividade]]=0, "-", BS_CONTROLE[[#This Row],[Atividade]]) -> MECANIZAÇÃO - SOCADORA | AJ45: =IF(BS_CONTROLE[[#This Row],[Atividade]]=0, "-", BS_CONTROLE[[#This Row],[Atividade]]) -> MECANIZAÇÃO - SOCADORA | AK45: =BS_CONTROLE[[#This Row],[Local - Partida]] -> ZIQ-2 | AL45: =BS_CONTROLE[[#This Row],[Local - Encerramento]] -> ZIQ-2 | AM45: =IF(BS_CONTROLE[[#This Row],[Entre - Estações]]=0, "-", BS_CONTROLE[[#This Row],[Entre - Estações]]) -> ZRX-ZRQ | AN45: =IF(BS_CONTROLE[[#This Row],[SB]]=0, "-", BS_CONTROLE[[#This Row],[SB]]) -> ZRX1331 | AO45: =IF(BS_CONTROLE[[#This Row],[SUB]]=0, "-", BS_CONTROLE[[#This Row],[SUB]]) -> 70 | AP45: =BS_CONTROLE[[#This Row],[KM - Inicio]] -> 131.9 | AQ45: =BS_CONTROLE[[#This Row],[KM - Inicio]] -> 131.9 | AY45: =IF(D45="","*",IFERROR(IF(ISODD(COUNT(AS45:AX45)),"ERRO",SUM((AT45-AS45),(AV45-AU45),(AX45-AW45))),"ERRO")) -> 0 | BB45: =IFERROR(_xlfn.XLOOKUP(AI45, BS_ATIVIDADE[ATIVIDADE],BS_ATIVIDADE[UNIDADE] ), "*") -> M | BC45: {=_xlfn.XLOOKUP( 1, ( TabelaMap[SUB] = BS_CONTROLE[[#This Row],[SUB_5]]) * ( TabelaMap[KM Inicio] <= BS_CONTROLE[[#This Row],[KM - ínicio]]) * ( TabelaMap[KM Fim] >= BS_CONTROLE[[#This Row],[KM - ínicio]]), TabelaMap[Gerência], "-", 0 )} -> SP SUL | BD45: {=_xlfn.XLOOKUP( 1, ( TabelaMap[SUB] = BS_CONTROLE[[#This Row],[SUB_5]]) * ( TabelaMap[KM Inicio] <= BS_CONTROLE[[#This Row],[KM - ínicio]]) * ( TabelaMap[KM Fim] >= BS_CONTROLE[[#This Row],[KM - ínicio]]), TabelaMap[Trecho Coordenação], "-", 0 )} -> ZBV-ZRX | BE45: {=_xlfn.XLOOKUP( 1, ( TabelaMap[SUB] = BS_CONTROLE[[#This Row],[SUB_5]]) * ( TabelaMap[KM Inicio] <= BS_CONTROLE[[#This Row],[KM - Inicio]]) * ( TabelaMap[KM Fim] >= BS_CONTROLE[[#This Row],[KM - Inicio]]), TabelaMap[NOME SUB], "-", 0 )} -> RECANTO - ITIRAPINA (L1 PRINCIPAL) | BJ45: Alterado a programação para km139+000 ao km139+255 para SP norte. | BQ45: =IF(AND(BR45<1,BS45<1),"Produção e Intervalo",IF(BR45<1,"Intervalo",IF(BS45<1,"Produção","Aderente"))) -> Aderente | BR45: =IF(OR(B45="",F45=""),"*",AY45/P45) -> * | BS45: =IF(OR(B45="",F45=""),"*",BA45/Q45) -> * | BT45: =IF(BN45="","",SUBSTITUTE(BM45," ","")&SUBSTITUTE(BN45," ",""))
A46: =D46&B46 -> EXPANSÃO TURMA 146056 | B46: 46056 | C46: =IF(BS_CONTROLE[[#This Row],[DATA]]="","",WEEKNUM(BS_CONTROLE[[#This Row],[DATA]])) -> 6 | D46: EXPANSÃO TURMA 1 | F46: EXPANSÃO - SOLDA | G46: =IF(D46="","*",VLOOKUP(F46,BS_ATIVIDADE[],3,FALSE)) -> EXPANSÃO | H46: - | I46: - | J46: 70 | K46: 113.5 | L46: - | M46: {=_xlfn.XLOOKUP( 1, ( TabelaMap[SUB] = BS_CONTROLE[[#This Row],[SUB]]) * ( TabelaMap[KM Inicio] <= BS_CONTROLE[[#This Row],[KM - Inicio]]) * ( TabelaMap[KM Fim] >= BS_CONTROLE[[#This Row],[KM - Inicio]]), TabelaMap[Trecho], "-", 0 )} -> ZCD | N46: {=_xlfn.XLOOKUP( 1, ( TabelaMap[SUB] = BS_CONTROLE[[#This Row],[SUB]]) * ( TabelaMap[KM Inicio] <= BS_CONTROLE[[#This Row],[KM - Inicio]]) * ( TabelaMap[KM Fim] >= BS_CONTROLE[[#This Row],[KM - Inicio]]), TabelaMap[SB], "-", 0 )} -> ZCD1 | O46: 0.375 | P46: 0.083333333 | Q46: 1 | R46: =IFERROR(_xlfn.XLOOKUP(F46, BS_ATIVIDADE[ATIVIDADE],BS_ATIVIDADE[UNIDADE] ), "*") -> Nº DE SOLDA | S46: {=_xlfn.XLOOKUP( 1, ( TabelaMap[SUB] = BS_CONTROLE[[#This Row],[SUB]]) * ( TabelaMap[KM Inicio] <= BS_CONTROLE[[#This Row],[KM - Inicio]]) * ( TabelaMap[KM Fim] >= BS_CONTROLE[[#This Row],[KM - Inicio]]), TabelaMap[Gerência], "-", 0 )} -> SP SUL | T46: {=_xlfn.XLOOKUP( 1, ( TabelaMap[SUB] = BS_CONTROLE[[#This Row],[SUB]]) * ( TabelaMap[KM Inicio] <= BS_CONTROLE[[#This Row],[KM - Inicio]]) * ( TabelaMap[KM Fim] >= BS_CONTROLE[[#This Row],[KM - Inicio]]), TabelaMap[Trecho Coordenação], "-", 0 )} -> ZBV-ZRX | U46: {=_xlfn.XLOOKUP( 1, ( TabelaMap[SUB] = BS_CONTROLE[[#This Row],[SUB]]) * ( TabelaMap[KM Inicio] <= BS_CONTROLE[[#This Row],[KM - Inicio]]) * ( TabelaMap[KM Fim] >= BS_CONTROLE[[#This Row],[KM - Inicio]]), TabelaMap[NOME SUB], "-", 0 )} -> RECANTO - ITIRAPINA (L1 PRINCIPAL) | V46: Elder | W46: Execução de solda - Condicionado a temperatura | X46: Oportunidade | Y46: OPORTUNIDADE | AA46: - | AI46: =IF(BS_CONTROLE[[#This Row],[Atividade]]=0, "-", BS_CONTROLE[[#This Row],[Atividade]]) -> EXPANSÃO - SOLDA | AJ46: =IF(BS_CONTROLE[[#This Row],[Atividade]]=0, "-", BS_CONTROLE[[#This Row],[Atividade]]) -> EXPANSÃO - SOLDA | AK46: =BS_CONTROLE[[#This Row],[Local - Partida]] -> - | AL46: =BS_CONTROLE[[#This Row],[Local - Encerramento]] -> - | AM46: =IF(BS_CONTROLE[[#This Row],[Entre - Estações]]=0, "-", BS_CONTROLE[[#This Row],[Entre - Estações]]) -> ZCD | AN46: =IF(BS_CONTROLE[[#This Row],[SB]]=0, "-", BS_CONTROLE[[#This Row],[SB]]) -> ZCD1 | AO46: =IF(BS_CONTROLE[[#This Row],[SUB]]=0, "-", BS_CONTROLE[[#This Row],[SUB]]) -> 70 | AP46: =BS_CONTROLE[[#This Row],[KM - Inicio]] -> 113.5 | AQ46: =BS_CONTROLE[[#This Row],[KM - Inicio]] -> 113.5 | AR46: 0 | AS46: 0 | AT46: 0 | AY46: =IF(D46="","*",IFERROR(IF(ISODD(COUNT(AS46:AX46)),"ERRO",SUM((AT46-AS46),(AV46-AU46),(AX46-AW46))),"ERRO")) -> 0 | BA46: 0 | BB46: =IFERROR(_xlfn.XLOOKUP(AI46, BS_ATIVIDADE[ATIVIDADE],BS_ATIVIDADE[UNIDADE] ), "*") -> Nº DE SOLDA | BC46: {=_xlfn.XLOOKUP( 1, ( TabelaMap[SUB] = BS_CONTROLE[[#This Row],[SUB_5]]) * ( TabelaMap[KM Inicio] <= BS_CONTROLE[[#This Row],[KM - ínicio]]) * ( TabelaMap[KM Fim] >= BS_CONTROLE[[#This Row],[KM - ínicio]]), TabelaMap[Gerência], "-", 0 )} -> SP SUL | BD46: {=_xlfn.XLOOKUP( 1, ( TabelaMap[SUB] = BS_CONTROLE[[#This Row],[SUB_5]]) * ( TabelaMap[KM Inicio] <= BS_CONTROLE[[#This Row],[KM - ínicio]]) * ( TabelaMap[KM Fim] >= BS_CONTROLE[[#This Row],[KM - ínicio]]), TabelaMap[Trecho Coordenação], "-", 0 )} -> ZBV-ZRX | BE46: {=_xlfn.XLOOKUP( 1, ( TabelaMap[SUB] = BS_CONTROLE[[#This Row],[SUB_5]]) * ( TabelaMap[KM Inicio] <= BS_CONTROLE[[#This Row],[KM - Inicio]]) * ( TabelaMap[KM Fim] >= BS_CONTROLE[[#This Row],[KM - Inicio]]), TabelaMap[NOME SUB], "-", 0 )} -> RECANTO - ITIRAPINA (L1 PRINCIPAL) | BH46: 0 | BJ46: TP não solicita intervalo / condições climáticas | BK46: TP não solicita intervalo / condições climáticas | BM46: Condições Climática | BN46: Chuva | BO46: Chuva | BP46: TP não solicita intervalo / condições climáticas | BQ46: =IF(AND(BR46<1,BS46<1),"Produção e Intervalo",IF(BR46<1,"Intervalo",IF(BS46<1,"Produção","Aderente"))) -> Produção e Intervalo | BR46: =IF(OR(B46="",F46=""),"*",AY46/P46) -> 0 | BS46: =IF(OR(B46="",F46=""),"*",BA46/Q46) -> 0 | BT46: =IF(BN46="","",SUBSTITUTE(BM46," ","")&SUBSTITUTE(BN46," ","")) -> CondiçõesClimáticaChuva
A47: =D47&B47 -> EXPANSÃO TURMA 146056 | B47: 46056 | C47: =IF(BS_CONTROLE[[#This Row],[DATA]]="","",WEEKNUM(BS_CONTROLE[[#This Row],[DATA]])) -> 6 | D47: EXPANSÃO TURMA 1 | E47: 40 | F47: EXPANSÃO - ALÍVIO DE TENSÃO | G47: =IF(D47="","*",VLOOKUP(F47,BS_ATIVIDADE[],3,FALSE)) -> EXPANSÃO | H47: - | I47: - | J47: 70 | K47: 110.35 | M47: ZCD | N47: 109ZCD2 | O47: 0.375 | P47: 0.083333333 | Q47: 624 | R47: =IFERROR(_xlfn.XLOOKUP(F47, BS_ATIVIDADE[ATIVIDADE],BS_ATIVIDADE[UNIDADE] ), "*") -> M | S47: SP SUL | T47: ZBV-ZRX | U47: {=_xlfn.XLOOKUP( 1, ( TabelaMap[SUB] = BS_CONTROLE[[#This Row],[SUB]]) * ( TabelaMap[KM Inicio] <= BS_CONTROLE[[#This Row],[KM - Inicio]]) * ( TabelaMap[KM Fim] >= BS_CONTROLE[[#This Row],[KM - Inicio]]), TabelaMap[NOME SUB], "-", 0 )} -> RECANTO - ITIRAPINA (L1 PRINCIPAL) | V47: Elder | W47: Alívio de tensão | X47: Oportunidade | Y47: OPORTUNIDADE | AA47: - | AI47: =IF(BS_CONTROLE[[#This Row],[Atividade]]=0, "-", BS_CONTROLE[[#This Row],[Atividade]]) -> EXPANSÃO - ALÍVIO DE TENSÃO | AJ47: =IF(BS_CONTROLE[[#This Row],[Atividade]]=0, "-", BS_CONTROLE[[#This Row],[Atividade]]) -> EXPANSÃO - ALÍVIO DE TENSÃO | AK47: =BS_CONTROLE[[#This Row],[Local - Partida]] -> - | AL47: =BS_CONTROLE[[#This Row],[Local - Encerramento]] -> - | AM47: =IF(BS_CONTROLE[[#This Row],[Entre - Estações]]=0, "-", BS_CONTROLE[[#This Row],[Entre - Estações]]) -> ZCD | AN47: =IF(BS_CONTROLE[[#This Row],[SB]]=0, "-", BS_CONTROLE[[#This Row],[SB]]) -> 109ZCD2 | AO47: =IF(BS_CONTROLE[[#This Row],[SUB]]=0, "-", BS_CONTROLE[[#This Row],[SUB]]) -> 70 | AP47: =BS_CONTROLE[[#This Row],[KM - Inicio]] -> 110.35 | AQ47: =BS_CONTROLE[[#This Row],[KM - Inicio]] -> 110.35 | AR47: 0 | AS47: 0 | AT47: 0 | AY47: =IF(D47="","*",IFERROR(IF(ISODD(COUNT(AS47:AX47)),"ERRO",SUM((AT47-AS47),(AV47-AU47),(AX47-AW47))),"ERRO")) -> 0 | BA47: 0 | BB47: =IFERROR(_xlfn.XLOOKUP(AI47, BS_ATIVIDADE[ATIVIDADE],BS_ATIVIDADE[UNIDADE] ), "*") -> M | BC47: {=_xlfn.XLOOKUP( 1, ( TabelaMap[SUB] = BS_CONTROLE[[#This Row],[SUB_5]]) * ( TabelaMap[KM Inicio] <= BS_CONTROLE[[#This Row],[KM - ínicio]]) * ( TabelaMap[KM Fim] >= BS_CONTROLE[[#This Row],[KM - ínicio]]), TabelaMap[Gerência], "-", 0 )} -> SP SUL | BD47: {=_xlfn.XLOOKUP( 1, ( TabelaMap[SUB] = BS_CONTROLE[[#This Row],[SUB_5]]) * ( TabelaMap[KM Inicio] <= BS_CONTROLE[[#This Row],[KM - ínicio]]) * ( TabelaMap[KM Fim] >= BS_CONTROLE[[#This Row],[KM - ínicio]]), TabelaMap[Trecho Coordenação], "-", 0 )} -> ZBV-ZRX | BE47: {=_xlfn.XLOOKUP( 1, ( TabelaMap[SUB] = BS_CONTROLE[[#This Row],[SUB_5]]) * ( TabelaMap[KM Inicio] <= BS_CONTROLE[[#This Row],[KM - Inicio]]) * ( TabelaMap[KM Fim] >= BS_CONTROLE[[#This Row],[KM - Inicio]]), TabelaMap[NOME SUB], "-", 0 )} -> RECANTO - ITIRAPINA (L1 PRINCIPAL) | BH47: 0 | BJ47: TP não solicita intervalo / condições climáticas | BK47: TP não solicita intervalo / condições climáticas | BM47: Condições Climática | BN47: Chuva | BO47: Chuva | BP47: TP não solicita intervalo / condições climáticas | BQ47: =IF(AND(BR47<1,BS47<1),"Produção e Intervalo",IF(BR47<1,"Intervalo",IF(BS47<1,"Produção","Aderente"))) -> Produção e Intervalo | BR47: =IF(OR(B47="",F47=""),"*",AY47/P47) -> 0 | BS47: =IF(OR(B47="",F47=""),"*",BA47/Q47) -> 0 | BT47: =IF(BN47="","",SUBSTITUTE(BM47," ","")&SUBSTITUTE(BN47," ","")) -> CondiçõesClimáticaChuva
A48: =D48&B48 -> KLECIO (TP-699)46056 | B48: 46056 | C48: =IF(BS_CONTROLE[[#This Row],[DATA]]="","",WEEKNUM(BS_CONTROLE[[#This Row],[DATA]])) -> 6 | D48: KLECIO (TP-699) | F48: PDM - SOLDA | G48: =IF(D48="","*",VLOOKUP(F48,BS_ATIVIDADE[],3,FALSE)) -> SOLDA | H48: - | I48: - | J48: 70 | K48: 87.3 | L48: - | M48: ZSW-2 | N48: ZSWS | O48: 0.375 | P48: 0.0625 | Q48: 1 | R48: =IFERROR(_xlfn.XLOOKUP(F48, BS_ATIVIDADE[ATIVIDADE],BS_ATIVIDADE[UNIDADE] ), "*") -> Nº DE SOLDA | S48: {=_xlfn.XLOOKUP( 1, ( TabelaMap[SUB] = BS_CONTROLE[[#This Row],[SUB]]) * ( TabelaMap[KM Inicio] <= BS_CONTROLE[[#This Row],[KM - Inicio]]) * ( TabelaMap[KM Fim] >= BS_CONTROLE[[#This Row],[KM - Inicio]]), TabelaMap[Gerência], "-", 0 )} -> SP SUL | T48: {=_xlfn.XLOOKUP( 1, ( TabelaMap[SUB] = BS_CONTROLE[[#This Row],[SUB]]) * ( TabelaMap[KM Inicio] <= BS_CONTROLE[[#This Row],[KM - Inicio]]) * ( TabelaMap[KM Fim] >= BS_CONTROLE[[#This Row],[KM - Inicio]]), TabelaMap[Trecho Coordenação], "-", 0 )} -> ZBV-ZRX | U48: {=_xlfn.XLOOKUP( 1, ( TabelaMap[SUB] = BS_CONTROLE[[#This Row],[SUB]]) * ( TabelaMap[KM Inicio] <= BS_CONTROLE[[#This Row],[KM - Inicio]]) * ( TabelaMap[KM Fim] >= BS_CONTROLE[[#This Row],[KM - Inicio]]), TabelaMap[NOME SUB], "-", 0 )} -> RECANTO - ITIRAPINA (L1 PRINCIPAL) | V48: Klecio | W48: Execução de solda - Condicionado a temperatura | X48: Oportunidade | Y48: OPORTUNIDADE | AA48: - | AC48: - | AD48: - | AE48: - | AF48: - | AG48: - | AI48: =IF(BS_CONTROLE[[#This Row],[Atividade]]=0, "-", BS_CONTROLE[[#This Row],[Atividade]]) -> PDM - SOLDA | AJ48: =IF(BS_CONTROLE[[#This Row],[Atividade]]=0, "-", BS_CONTROLE[[#This Row],[Atividade]]) -> PDM - SOLDA | AK48: =BS_CONTROLE[[#This Row],[Local - Partida]] -> - | AL48: =BS_CONTROLE[[#This Row],[Local - Encerramento]] -> - | AM48: =IF(BS_CONTROLE[[#This Row],[Entre - Estações]]=0, "-", BS_CONTROLE[[#This Row],[Entre - Estações]]) -> ZSW-2 | AN48: =IF(BS_CONTROLE[[#This Row],[SB]]=0, "-", BS_CONTROLE[[#This Row],[SB]]) -> ZSWS | AO48: =IF(BS_CONTROLE[[#This Row],[SUB]]=0, "-", BS_CONTROLE[[#This Row],[SUB]]) -> 70 | AP48: =BS_CONTROLE[[#This Row],[KM - Inicio]] -> 87.3 | AQ48: =BS_CONTROLE[[#This Row],[KM - Inicio]] -> 87.3 | AR48: 0.38402778 | AS48: 0 | AT48: 0 | AY48: =IF(D48="","*",IFERROR(IF(ISODD(COUNT(AS48:AX48)),"ERRO",SUM((AT48-AS48),(AV48-AU48),(AX48-AW48))),"ERRO")) -> 0 | BA48: 0 | BB48: =IFERROR(_xlfn.XLOOKUP(AI48, BS_ATIVIDADE[ATIVIDADE],BS_ATIVIDADE[UNIDADE] ), "*") -> Nº DE SOLDA | BC48: {=_xlfn.XLOOKUP( 1, ( TabelaMap[SUB] = BS_CONTROLE[[#This Row],[SUB_5]]) * ( TabelaMap[KM Inicio] <= BS_CONTROLE[[#This Row],[KM - ínicio]]) * ( TabelaMap[KM Fim] >= BS_CONTROLE[[#This Row],[KM - ínicio]]), TabelaMap[Gerência], "-", 0 )} -> SP SUL | BD48: {=_xlfn.XLOOKUP( 1, ( TabelaMap[SUB] = BS_CONTROLE[[#This Row],[SUB_5]]) * ( TabelaMap[KM Inicio] <= BS_CONTROLE[[#This Row],[KM - ínicio]]) * ( TabelaMap[KM Fim] >= BS_CONTROLE[[#This Row],[KM - ínicio]]), TabelaMap[Trecho Coordenação], "-", 0 )} -> ZBV-ZRX | BE48: {=_xlfn.XLOOKUP( 1, ( TabelaMap[SUB] = BS_CONTROLE[[#This Row],[SUB_5]]) * ( TabelaMap[KM Inicio] <= BS_CONTROLE[[#This Row],[KM - Inicio]]) * ( TabelaMap[KM Fim] >= BS_CONTROLE[[#This Row],[KM - Inicio]]), TabelaMap[NOME SUB], "-", 0 )} -> RECANTO - ITIRAPINA (L1 PRINCIPAL) | BH48: 0 | BJ48: TP pronto 09h13 / Sem oportunidade de faixa | BK48: TP pronto 09h13 / Sem oportunidade de faixa | BM48: CCO Circulação | BN48: Intervalo Oportunidade | BO48: Sem Oportunidade | BP48: TP pronto 09h13 / Sem oportunidade de faixa | BQ48: =IF(AND(BR48<1,BS48<1),"Produção e Intervalo",IF(BR48<1,"Intervalo",IF(BS48<1,"Produção","Aderente"))) -> Produção e Intervalo | BR48: =IF(OR(B48="",F48=""),"*",AY48/P48) -> 0 | BS48: =IF(OR(B48="",F48=""),"*",BA48/Q48) -> 0 | BT48: =IF(BN48="","",SUBSTITUTE(BM48," ","")&SUBSTITUTE(BN48," ","")) -> CCOCirculaçãoIntervaloOportunidade
